<?xml version="1.0" encoding="utf-8"?>
<COLLADA xmlns="http://www.collada.org/2005/11/COLLADASchema" version="1.4.1" xmlns:xsi="http://www.w3.org/2001/XMLSchema-instance">
  <asset>
    <contributor>
      <author>Blender User</author>
      <authoring_tool>Blender 4.4.3 commit date:2025-04-29, commit time:14:09, hash:802179c51ccc</authoring_tool>
    </contributor>
    <created>2025-06-17T16:37:33</created>
    <modified>2025-06-17T16:37:33</modified>
    <unit name="meter" meter="1"/>
    <up_axis>Z_UP</up_axis>
  </asset>
  <library_lights>
    <light id="Sun-light" name="Sun">
      <technique_common>
        <directional>
          <color sid="color">8.17 5.803261 4.03717</color>
        </directional>
      </technique_common>
      <extra>
        <technique profile="blender">
          <type sid="type" type="int">1</type>
          <flag sid="flag" type="int">0</flag>
          <mode sid="mode" type="int">1</mode>
          <red sid="red" type="float">1</red>
          <green sid="green" type="float">0.7103135</green>
          <blue sid="blue" type="float">0.4941457</blue>
          <energy sid="blender_energy" type="float">8.170001</energy>
          <spotsize sid="spotsize" type="float">45</spotsize>
          <spotblend sid="spotblend" type="float">0.15</spotblend>
          <clipsta sid="clipsta" type="float">0.04999995</clipsta>
          <clipend sid="clipend" type="float">40</clipend>
          <radius sid="radius" type="float">0.125</radius>
          <area_shape sid="area_shape" type="int">0</area_shape>
          <area_size sid="area_size" type="float">0.125</area_size>
          <area_sizey sid="area_sizey" type="float">0.125</area_sizey>
          <area_sizez sid="area_sizez" type="float">0.125</area_sizez>
        </technique>
      </extra>
    </light>
  </library_lights>
  <library_effects>
    <effect id="bark_willow-effect">
      <profile_COMMON>
        <newparam sid="bark_willow_diff_8k_png-surface">
          <surface type="2D">
            <init_from>bark_willow_diff_8k_png</init_from>
          </surface>
        </newparam>
        <newparam sid="bark_willow_diff_8k_png-sampler">
          <sampler2D>
            <source>bark_willow_diff_8k_png-surface</source>
          </sampler2D>
        </newparam>
        <technique sid="common">
          <lambert>
            <emission>
              <color sid="emission">0 0 0 1</color>
            </emission>
            <diffuse>
              <texture texture="bark_willow_diff_8k_png-sampler" texcoord="UVMap"/>
            </diffuse>
            <index_of_refraction>
              <float sid="ior">1.45</float>
            </index_of_refraction>
          </lambert>
        </technique>
      </profile_COMMON>
    </effect>
    <effect id="forest_ground_04-effect">
      <profile_COMMON>
        <newparam sid="forest_ground_04_diff_8k_png-surface">
          <surface type="2D">
            <init_from>forest_ground_04_diff_8k_png</init_from>
          </surface>
        </newparam>
        <newparam sid="forest_ground_04_diff_8k_png-sampler">
          <sampler2D>
            <source>forest_ground_04_diff_8k_png-surface</source>
          </sampler2D>
        </newparam>
        <technique sid="common">
          <lambert>
            <emission>
              <color sid="emission">0 0 0 1</color>
            </emission>
            <diffuse>
              <texture texture="forest_ground_04_diff_8k_png-sampler" texcoord="UVMap"/>
            </diffuse>
            <index_of_refraction>
              <float sid="ior">1.45</float>
            </index_of_refraction>
          </lambert>
        </technique>
      </profile_COMMON>
    </effect>
    <effect id="Leaves-effect">
      <profile_COMMON>
        <technique sid="common">
          <lambert>
            <emission>
              <color sid="emission">0 0 0 1</color>
            </emission>
            <diffuse>
              <color sid="diffuse">0.8 0.8 0.8 1</color>
            </diffuse>
            <index_of_refraction>
              <float sid="ior">1.45</float>
            </index_of_refraction>
          </lambert>
        </technique>
      </profile_COMMON>
    </effect>
    <effect id="Bark-effect">
      <profile_COMMON>
        <technique sid="common">
          <lambert>
            <emission>
              <color sid="emission">0 0 0 1</color>
            </emission>
            <diffuse>
              <color sid="diffuse">0.8 0.8 0.8 1</color>
            </diffuse>
            <index_of_refraction>
              <float sid="ior">1.45</float>
            </index_of_refraction>
          </lambert>
        </technique>
      </profile_COMMON>
    </effect>
  </library_effects>
  <library_images>
    <image id="bark_willow_diff_8k_png" name="bark_willow_diff_8k_png">
      <init_from>bark_willow_diff_8k.jpg</init_from>
    </image>
    <image id="forest_ground_04_diff_8k_png" name="forest_ground_04_diff_8k_png">
      <init_from>forest_ground_04_diff_8k.jpg</init_from>
    </image>
  </library_images>
  <library_materials>
    <material id="bark_willow-material" name="bark_willow">
      <instance_effect url="#bark_willow-effect"/>
    </material>
    <material id="forest_ground_04-material" name="forest_ground_04">
      <instance_effect url="#forest_ground_04-effect"/>
    </material>
    <material id="Leaves-material" name="Leaves">
      <instance_effect url="#Leaves-effect"/>
    </material>
    <material id="Bark-material" name="Bark">
      <instance_effect url="#Bark-effect"/>
    </material>
  </library_materials>
  <library_geometries>
    <geometry id="Sphere-mesh" name="Sphere">
      <mesh>
        <source id="Sphere-mesh-positions">
          <float_array id="Sphere-mesh-positions-array" count="5958">0 0.04916626 0.4977558 0 0.09785902 0.4905537 0 0.1456093 0.4786273 0 0.1919574 0.4620914 0 0.2364567 0.4411054 0 0.2786789 0.4158713 0 0.3182172 0.3866322 0 0.3546909 0.3536695 0 0.3877488 0.3173008 0 0.4170724 0.2778764 0 0.463426 0.1914045 0 0.4800096 0.14519 0 0.4991934 0.04902458 0 0.5016087 0 0 0.4991934 -0.04902476 0 0.4800096 -0.1451901 0 0.4423793 -0.235776 0 0.4170724 -0.2778765 0 0.3877486 -0.317301 0 0.3546907 -0.3536697 0 0.318217 -0.3866323 0 0.2786787 -0.4158715 0 0.145609 -0.4786274 0.004819154 0.04892945 0.4977558 0.009591877 0.09738779 0.4905537 0.01427221 0.1449081 0.4786273 0.0188151 0.191033 0.4620914 0.02317684 0.2353181 0.4411054 0.02731531 0.277337 0.4158713 0.03119075 0.3166849 0.3866322 0.03476583 0.3529829 0.3536695 0.03800606 0.3858817 0.3173008 0.04088026 0.4150641 0.2778764 0.04336076 0.4402493 0.2357757 0.04542368 0.4611945 0.1914045 0.04704916 0.4776982 0.14519 0.04822158 0.4896014 0.09757715 0.04892951 0.4967895 0.04902458 0.04916626 0.4991934 0 0.04892951 0.4967895 -0.04902476 0.04822158 0.4896014 -0.09757727 0.04704916 0.4776982 -0.1451901 0.04542368 0.4611945 -0.1914047 0.04336076 0.4402492 -0.235776 0.04088026 0.415064 -0.2778765 0.038006 0.3858816 -0.317301 0.03476577 0.3529828 -0.3536697 0.03119075 0.3166847 -0.3866323 0.02731531 0.2773367 -0.4158715 0.02317678 0.2353178 -0.4411056 0.0188151 0.1910327 -0.4620916 0.01427221 0.1449078 -0.4786274 0.009591817 0.09738743 -0.4905538 0.004819095 0.04892909 -0.4977558 0.009591937 0.04822152 0.4977558 0.01909142 0.09597867 0.4905537 0.02840703 0.1428114 0.4786273 0.03744906 0.1882689 0.4620914 0.04613047 0.2319132 0.4411054 0.0543676 0.2733241 0.4158713 0.06208115 0.3121027 0.3866322 0.06919682 0.3478756 0.3536695 0.0756461 0.3802983 0.3173008 0.08136683 0.4090585 0.2778764 0.086304 0.4338792 0.2357757 0.09040999 0.4545214 0.1914045 0.09364533 0.4707864 0.14519 0.09597873 0.4825173 0.09757715 0.09738785 0.4896014 0.04902458 0.09785908 0.4919705 0 0.09738785 0.4896014 -0.04902476 0.09597873 0.4825173 -0.09757727 0.09364527 0.4707863 -0.1451901 0.09040999 0.4545214 -0.1914047 0.086304 0.4338791 -0.235776 0.08136683 0.4090584 -0.2778765 0.07564604 0.3802982 -0.317301 0.06919682 0.3478755 -0.3536697 0.06208109 0.3121025 -0.3866323 0.05436754 0.2733239 -0.4158715 0.04613041 0.231913 -0.4411056 0.037449 0.1882686 -0.4620916 0.02840697 0.1428111 -0.4786274 0.0190913 0.09597831 -0.4905538 0.009591817 0.04822111 -0.4977558 0.01427227 0.0470491 0.4977558 0.02840703 0.09364521 0.4905537 0.04226827 0.1393394 0.4786273 0.05572235 0.1836917 0.4620914 0.06863987 0.2262749 0.4411054 0.08089631 0.266679 0.4158713 0.09237366 0.3045148 0.3866322 0.1029614 0.3394181 0.3536695 0.1125577 0.3710525 0.3173008 0.1210699 0.3991134 0.2778764 0.1284161 0.4233306 0.2357757 0.1345255 0.443471 0.1914045 0.1393396 0.4593406 0.14519 0.1428116 0.4707864 0.09757715 0.1449083 0.4776982 0.04902458 0.1456094 0.4800096 0 0.1449083 0.4776982 -0.04902476 0.1428116 0.4707863 -0.09757727 0.1393395 0.4593405 -0.1451901 0.1345255 0.443471 -0.1914047 0.128416 0.4233306 -0.235776 0.1210698 0.3991133 -0.2778765 0.1125576 0.3710523 -0.317301 0.1029614 0.3394179 -0.3536697 0.0923736 0.3045147 -0.3866323 0.08089625 0.2666788 -0.4158715 0.06863975 0.2262747 -0.4411056 0.05572229 0.1836914 -0.4620916 0.04226815 0.1393391 -0.4786274 0.02840697 0.09364485 -0.4905538 0.01427221 0.04704874 -0.4977558 0.01881521 0.04542362 0.4977558 0.03744918 0.09040987 0.4905537 0.05572241 0.1345254 0.4786273 0.07345902 0.1773454 0.4620914 0.09048819 0.2184575 0.4411054 0.106646 0.2574657 0.4158713 0.1217766 0.2939943 0.3866322 0.1357345 0.3276917 0.3536695 0.1483852 0.3582331 0.3173008 0.1596068 0.3853246 0.2778764 0.1692914 0.4087052 0.2357757 0.1773456 0.4281498 0.1914045 0.1836919 0.443471 0.14519 0.1882691 0.4545214 0.09757715 0.1910331 0.4611945 0.04902458 0.1919575 0.463426 0 0.1910331 0.4611945 -0.04902476 0.1882691 0.4545214 -0.09757727 0.1836919 0.443471 -0.1451901 0.1773456 0.4281498 -0.1914047 0.1692914 0.4087051 -0.235776 0.1596068 0.3853246 -0.2778765 0.1483851 0.358233 -0.317301 0.1357344 0.3276915 -0.3536697 0.1217765 0.2939941 -0.3866323 0.1066458 0.2574654 -0.4158715 0.09048807 0.2184572 -0.4411056 0.0734589 0.1773451 -0.4620916 0.05572229 0.1345251 -0.4786274 0.037449 0.09040957 -0.4905538 0.0188151 0.04542326 -0.4977558 0.02317696 0.04336071 0.4977558 0.04613059 0.08630388 0.4905537 0.06863993 0.1284159 0.4786273 0.09048825 0.1692912 0.4620914 0.1114651 0.2085362 0.4411054 0.1313685 0.2457728 0.4158713 0.1500067 0.2806425 0.3866322 0.1672003 0.3128094 0.3536695 0.1827837 0.3419638 0.3173008 0.1966068 0.367825 0.2778764 0.2085364 0.3901437 0.2357757 0.2184577 0.4087052 0.1914045 0.2262752 0.4233306 0.14519 0.2319135 0.4338792 0.09757715 0.2353183 0.4402492 0.04902458 0.2364569 0.4423794 0 0.2353183 0.4402492 -0.04902476 0.2319135 0.4338792 -0.09757727 0.2262752 0.4233306 -0.1451901 0.2184577 0.4087052 -0.1914047 0.2085363 0.3901436 -0.235776 0.1966067 0.3678249 -0.2778765 0.1827836 0.3419637 -0.317301 0.1672002 0.3128093 -0.3536697 0.1500066 0.2806423 -0.3866323 0.1313683 0.2457726 -0.4158715 0.111465 0.2085359 -0.4411056 0.09048807 0.1692909 -0.4620916 0.06863981 0.1284156 -0.4786274 0.04613041 0.08630359 -0.4905538 0.02317678 0.04336035 -0.4977558 0.02731549 0.04088014 0.4977558 0.05436778 0.08136671 0.4905537 0.08089643 0.1210696 0.4786273 0.106646 0.1596066 0.4620914 0.1313685 0.1966065 0.4411054 0.1548259 0.2317129 0.4158713 0.1767922 0.2645879 0.3866322 0.1970559 0.2949147 0.3536695 0.2154219 0.3224013 0.3173008 0.2317132 0.346783 0.2778764 0.2457731 0.3678249 0.2357757 0.2574659 0.3853246 0.1914045 0.2666793 0.3991134 0.14519 0.2733244 0.4090585 0.09757715 0.2773371 0.415064 0.04902458 0.2786791 0.4170724 0 0.2773371 0.415064 -0.04902476 0.2733244 0.4090584 -0.09757727 0.2666792 0.3991133 -0.1451901 0.2574659 0.3853246 -0.1914047 0.245773 0.3678249 -0.235776 0.2317132 0.3467829 -0.2778765 0.2154219 0.3224012 -0.317301 0.1970559 0.2949145 -0.3536697 0.1767921 0.2645877 -0.3866323 0.1548258 0.2317128 -0.4158715 0.1313683 0.1966062 -0.4411056 0.1066458 0.1596063 -0.4620916 0.08089625 0.1210694 -0.4786274 0.05436754 0.08136641 -0.4905538 0.02731531 0.04087984 -0.4977558 0.03119099 0.03800588 0.4977558 0.06208133 0.07564592 0.4905537 0.09237384 0.1125574 0.4786273 0.1217767 0.1483849 0.4620914 0.1500068 0.1827834 0.4411054 0.1767923 0.2154216 0.4158713 0.2018751 0.2459851 0.3866322 0.2250138 0.2741797 0.3536695 0.2459855 0.2997338 0.3173008 0.2645882 0.3224012 0.2778764 0.2806428 0.3419638 0.2357757 0.2939946 0.3582331 0.1914045 0.3045153 0.3710523 0.14519 0.312103 0.3802983 0.09757715 0.3166851 0.3858816 0.04902458 0.3182175 0.3877487 0 0.3166851 0.3858816 -0.04902476 0.312103 0.3802982 -0.09757727 0.3045151 0.3710523 -0.1451901 0.2939946 0.3582331 -0.1914047 0.2806427 0.3419637 -0.235776 0.2645881 0.3224012 -0.2778765 0.2459854 0.2997336 -0.317301 0.2250137 0.2741796 -0.3536697 0.201875 0.245985 -0.3866323 0.1767921 0.2154214 -0.4158715 0.1500066 0.1827832 -0.4411056 0.1217765 0.1483847 -0.4620916 0.0923736 0.1125572 -0.4786274 0.06208109 0.07564568 -0.4905538 0.03119075 0.03800559 -0.4977558 0.03476601 0.03476566 0.4977558 0.06919705 0.06919664 0.4905537 0.1029616 0.1029612 0.4786273 0.1357346 0.1357342 0.4620914 0.1672004 0.1672 0.4411054 0.197056 0.1970556 0.4158713 0.2250138 0.2250134 0.3866322 0.2508047 0.2508043 0.3536695 0.2741801 0.2741797 0.3173008 0.294915 0.2949146 0.2778764 0.3128098 0.3128093 0.2357757 0.327692 0.3276915 0.1914045 0.3394184 0.3394179 0.14519 0.3478759 0.3478756 0.09757715 0.3529832 0.3529828 0.04902458 0.3546912 0.3546908 0 0.3529832 0.3529828 -0.04902476 0.3478759 0.3478756 -0.09757727 0.3394184 0.3394179 -0.1451901 0.3276919 0.3276916 -0.1914047 0.3128097 0.3128093 -0.235776 0.294915 0.2949145 -0.2778765 0.27418 0.2741796 -0.317301 0.2508046 0.2508041 -0.3536697 0.2250137 0.2250133 -0.3866323 0.1970558 0.1970554 -0.4158715 0.1672002 0.1671998 -0.4411056 0.1357344 0.135734 -0.4620916 0.1029614 0.102961 -0.4786274 0.06919682 0.0691964 -0.4905538 0.03476577 0.03476536 -0.4977558 0.0380063 0.03119057 0.4977558 0.07564634 0.06208091 0.4905537 0.1125578 0.09237343 0.4786273 0.1483853 0.1217763 0.4620914 0.1827838 0.1500064 0.4411054 0.215422 0.1767919 0.4158713 0.2459856 0.2018747 0.3866322 0.2741801 0.2250133 0.3536695 0.2997342 0.2459851 0.3173008 0.3224016 0.2645878 0.2778764 0.3419642 0.2806423 0.2357757 0.3582335 0.2939941 0.1914045 0.3710529 0.3045147 0.14519 0.3802986 0.3121026 0.09757715 0.385882 0.3166847 0.04902458 0.387749 0.3182171 0 0.385882 0.3166847 -0.04902476 0.3802986 0.3121026 -0.09757727 0.3710528 0.3045147 -0.1451901 0.3582334 0.2939942 -0.1914047 0.3419641 0.2806423 -0.235776 0.3224015 0.2645877 -0.2778765 0.2997341 0.245985 -0.317301 0.27418 0.2250133 -0.3536697 0.2459854 0.2018746 -0.3866323 0.2154218 0.1767917 -0.4158715 0.1827836 0.1500062 -0.4411056 0.1483851 0.1217761 -0.4620916 0.1125576 0.09237319 -0.4786274 0.07564604 0.06208074 -0.4905538 0.038006 0.03119033 -0.4977558 0.04088056 0.02731508 0.4977558 0.08136713 0.05436736 0.4905537 0.1210701 0.08089601 0.4786273 0.159607 0.1066456 0.4620914 0.1966069 0.1313681 0.4411054 0.2317134 0.1548255 0.4158713 0.2645883 0.1767918 0.3866322 0.2949151 0.1970555 0.3536695 0.3224016 0.2154214 0.3173008 0.3467833 0.2317128 0.2778764 0.3678253 0.2457726 0.2357757 0.3853249 0.2574654 0.1914045 0.3991138 0.2666789 0.14519 0.4090588 0.273324 0.09757715 0.4150643 0.2773367 0.04902458 0.4170727 0.2786787 0 0.4150643 0.2773367 -0.04902476 0.4090588 0.273324 -0.09757727 0.3991137 0.2666788 -0.1451901 0.3853248 0.2574655 -0.1914047 0.3678252 0.2457726 -0.235776 0.3467832 0.2317127 -0.2778765 0.3224015 0.2154214 -0.317301 0.2949149 0.1970554 -0.3536697 0.2645881 0.1767917 -0.3866323 0.2317132 0.1548253 -0.4158715 0.1966066 0.1313679 -0.4411056 0.1596067 0.1066454 -0.4620916 0.1210698 0.08089584 -0.4786274 0.08136683 0.05436718 -0.4905538 0.04088026 0.0273149 -0.4977558 0.04336106 0.02317655 0.4977558 0.0863043 0.04613018 0.4905537 0.1284163 0.06863957 0.4786273 0.1692916 0.09048783 0.4620914 0.2085365 0.1114647 0.4411054 0.2457732 0.1313681 0.4158713 0.2806429 0.1500063 0.3866322 0.3128098 0.1671999 0.3536695 0.3419642 0.1827833 0.3173008 0.3678253 0.1966063 0.2778764 0.3901442 0.208536 0.2357757 0.4087055 0.2184572 0.1914045 0.4233311 0.2262747 0.14519 0.4338796 0.2319131 0.09757715 0.4402495 0.2353178 0.04902458 0.4423797 0.2364565 0 0.4402495 0.2353178 -0.04902476 0.4338796 0.2319131 -0.09757727 0.423331 0.2262747 -0.1451901 0.4087054 0.2184573 -0.1914047 0.3901441 0.208536 -0.235776 0.3678252 0.1966062 -0.2778765 0.3419641 0.1827832 -0.317301 0.3128097 0.1671998 -0.3536697 0.2806427 0.1500062 -0.3866323 0.245773 0.131368 -0.4158715 0.2085363 0.1114646 -0.4411056 0.1692913 0.09048771 -0.4620916 0.128416 0.06863939 -0.4786274 0.08630394 0.04613 -0.4905538 0.04336076 0.02317637 -0.4977558 0.04542404 0.0188148 0.4977558 0.09041029 0.03744876 0.4905537 0.1345258 0.05572199 0.4786273 0.1773458 0.07345861 0.4620914 0.2184578 0.09048783 0.4411054 0.2574661 0.1066455 0.4158713 0.2939948 0.1217762 0.3866322 0.327692 0.1357341 0.3536695 0.3582335 0.1483848 0.3173008 0.385325 0.1596065 0.2778764 0.4087056 0.169291 0.2357757 0.4281501 0.1773452 0.1914045 0.4434714 0.1836915 0.14519 0.4545218 0.1882687 0.09757715 0.4611948 0.1910327 0.04902458 0.4634264 0.1919571 0 0.4611948 0.1910327 -0.04902476 0.4545218 0.1882687 -0.09757727 0.4434714 0.1836915 -0.1451901 0.42815 0.1773452 -0.1914047 0.4087055 0.169291 -0.235776 0.3853249 0.1596063 -0.2778765 0.3582334 0.1483847 -0.317301 0.3276919 0.135734 -0.3536697 0.2939945 0.1217761 -0.3866323 0.2574658 0.1066454 -0.4158715 0.2184576 0.09048771 -0.4411056 0.1773455 0.07345855 -0.4620916 0.1345255 0.05572187 -0.4786274 0.09040993 0.03744864 -0.4905538 0.04542368 0.01881468 -0.4977558 0.04704952 0.01427185 0.4977558 0.09364563 0.02840667 0.4905537 0.1393399 0.04226785 0.4786273 0.1836921 0.05572193 0.4620914 0.2262753 0.06863945 0.4411054 0.2666795 0.0808959 0.4158713 0.3045153 0.09237325 0.3866322 0.3394184 0.102961 0.3536695 0.3710528 0.1125572 0.3173008 0.3991138 0.1210694 0.2778764 0.423331 0.1284156 0.2357757 0.4434714 0.1345251 0.1914045 0.4593409 0.1393392 0.14519 0.4707867 0.1428112 0.09757715 0.4776985 0.1449078 0.04902458 0.4800099 0.145609 0 0.4776985 0.1449078 -0.04902476 0.4707867 0.1428112 -0.09757727 0.4593408 0.1393392 -0.1451901 0.4434713 0.1345252 -0.1914047 0.423331 0.1284157 -0.235776 0.3991136 0.1210694 -0.2778765 0.3710527 0.1125572 -0.317301 0.3394182 0.102961 -0.3536697 0.3045151 0.09237325 -0.3866323 0.2666792 0.08089584 -0.4158715 0.2262751 0.06863933 -0.4411056 0.1836917 0.05572187 -0.4620916 0.1393395 0.04226773 -0.4786274 0.09364527 0.02840656 -0.4905538 0.04704916 0.01427179 -0.4977558 0.04822188 0.00959146 0.4977558 0.09597909 0.01909101 0.4905537 0.1428119 0.02840662 0.4786273 0.1882693 0.03744864 0.4620914 0.2319137 0.04613006 0.4411054 0.2733246 0.05436718 0.4158713 0.3121032 0.06208074 0.3866322 0.347876 0.0691964 0.3536695 0.3802987 0.07564568 0.3173008 0.4090588 0.08136647 0.2778764 0.4338795 0.08630359 0.2357757 0.4545217 0.09040957 0.1914045 0.4707867 0.09364491 0.14519 0.4825177 0.09597843 0.09757715 0.4896017 0.09738743 0.04902458 0.4919708 0.09785872 0 0.4896017 0.09738743 -0.04902476 0.4825177 0.09597837 -0.09757727 0.4707866 0.09364485 -0.1451901 0.4545216 0.09040963 -0.1914047 0.4338795 0.08630359 -0.235776 0.4090586 0.08136641 -0.2778765 0.3802985 0.07564568 -0.317301 0.3478758 0.0691964 -0.3536697 0.3121029 0.06208074 -0.3866323 0.2733243 0.05436718 -0.4158715 0.2319134 0.04613 -0.4411056 0.188269 0.03744864 -0.4620916 0.1428115 0.02840656 -0.4786274 0.09597873 0.01909095 -0.4905538 0.04822152 0.0095914 -0.4977558 0.04892987 0.004818737 0.4977558 0.0973882 0.00959146 0.4905537 0.1449086 0.01427179 0.4786273 0.1910334 0.01881468 0.4620914 0.2353186 0.02317643 0.4411054 0.2773374 0.0273149 0.4158713 0.3166853 0.03119033 0.3866322 0.3529833 0.03476542 0.3536695 0.385882 0.03800565 0.3173008 0.4150643 0.0408799 0.2778764 0.4402495 0.04336035 0.2357757 0.4611948 0.04542332 0.1914045 0.4776986 0.0470488 0.14519 0.4896019 0.04822123 0.09757715 0.4967898 0.04892915 0.04902458 0.4991937 0.0491659 0 0.4967898 0.04892915 -0.04902476 0.4896019 0.04822123 -0.09757727 0.4776985 0.0470488 -0.1451901 0.4611947 0.04542338 -0.1914047 0.4402495 0.04336041 -0.235776 0.4150643 0.04087984 -0.2778765 0.3858819 0.03800565 -0.317301 0.3529832 0.03476542 -0.3536697 0.316685 0.03119033 -0.3866323 0.2773371 0.0273149 -0.4158715 0.2353183 0.02317637 -0.4411056 0.1910331 0.01881468 -0.4620916 0.1449083 0.01427179 -0.4786274 0.09738779 0.00959146 -0.4905538 0.04892951 0.004818677 -0.4977558 0.04916661 -4.23317e-7 0.4977558 0.09785938 -4.05565e-7 0.4905537 0.1456098 -4.13039e-7 0.4786273 0.1919578 -4.24251e-7 0.4620914 0.2364571 -4.03696e-7 0.4411054 0.2786793 -4.18645e-7 0.4158713 0.3182176 -3.94353e-7 0.3866322 0.3546912 -3.83141e-7 0.3536695 0.3877491 -3.71929e-7 0.3173008 0.4170727 -3.60717e-7 0.2778764 0.4423797 -3.9809e-7 0.2357757 0.4634263 -3.86878e-7 0.1914045 0.48001 -3.71929e-7 0.14519 0.4919709 -3.1587e-7 0.09757715 0.4991936 -3.71929e-7 0.04902458 0.501609 -3.49506e-7 0 0.4991936 -3.71929e-7 -0.04902476 0.4919709 -3.42031e-7 -0.09757727 0.4800099 -3.83141e-7 -0.1451901 0.4634262 -3.00921e-7 -0.1914047 0.4423796 -3.5698e-7 -0.235776 0.4170725 -3.90616e-7 -0.2778765 0.387749 -3.90616e-7 -0.317301 0.3546911 -3.86878e-7 -0.3536697 0.3182173 -3.86878e-7 -0.3866323 0.278679 -4.09302e-7 -0.4158715 0.2364569 -4.22382e-7 -0.4411056 0.1919574 -3.88747e-7 -0.4620916 0.1456094 -4.14908e-7 -0.4786274 0.09785902 -3.99959e-7 -0.4905538 0.04916626 -4.06966e-7 -0.4977558 0.04892987 -0.004819571 0.4977558 0.0973882 -0.009592294 0.4905537 0.1449086 -0.01427263 0.4786273 0.1910334 -0.01881557 0.4620914 0.2353186 -0.0231772 0.4411054 0.2773373 -0.02731573 0.4158713 0.3166852 -0.03119117 0.3866322 0.3529833 -0.03476619 0.3536695 0.385882 -0.03800642 0.3173008 0.4150643 -0.04088062 0.2778764 0.4402495 -0.04336118 0.2357757 0.4611948 -0.0454241 0.1914045 0.4776986 -0.04704958 0.14519 0.4896019 -0.04822188 0.09757715 0.4967898 -0.04892987 0.04902458 0.4991937 -0.04916661 0 0.4967898 -0.04892987 -0.04902476 0.4896019 -0.04822188 -0.09757727 0.4776985 -0.04704958 -0.1451901 0.4611947 -0.04542398 -0.1914047 0.4402495 -0.04336112 -0.235776 0.4150642 -0.04088062 -0.2778765 0.3858819 -0.03800642 -0.317301 0.3529832 -0.03476619 -0.3536697 0.316685 -0.03119111 -0.3866323 0.2773371 -0.02731567 -0.4158715 0.2353183 -0.0231772 -0.4411056 0.1910331 -0.01881545 -0.4620916 0.1449083 -0.01427263 -0.4786274 0.09738779 -0.009592235 -0.4905538 0.04892951 -0.004819512 -0.4977558 0.04822188 -0.009592354 0.4977558 0.09597903 -0.01909178 0.4905537 0.1428119 -0.02840745 0.4786273 0.1882693 -0.03744953 0.4620914 0.2319137 -0.04613089 0.4411054 0.2733244 -0.05436801 0.4158713 0.312103 -0.06208151 0.3866322 0.347876 -0.06919717 0.3536695 0.3802986 -0.07564646 0.3173008 0.4090588 -0.08136719 0.2778764 0.4338794 -0.08630436 0.2357757 0.4545217 -0.09041035 0.1914045 0.4707867 -0.09364563 0.14519 0.4825177 -0.09597903 0.09757715 0.4896017 -0.0973882 0.04902458 0.4919708 -0.09785938 0 0.4896017 -0.0973882 -0.04902476 0.4825177 -0.09597909 -0.09757727 0.4707866 -0.09364563 -0.1451901 0.4545217 -0.09041023 -0.1914047 0.4338794 -0.0863043 -0.235776 0.4090586 -0.08136719 -0.2778765 0.3802984 -0.07564646 -0.317301 0.3478758 -0.06919717 -0.3536697 0.3121029 -0.06208151 -0.3866323 0.2733243 -0.05436795 -0.4158715 0.2319134 -0.04613083 -0.4411056 0.188269 -0.03744941 -0.4620916 0.1428115 -0.02840739 -0.4786274 0.09597867 -0.01909172 -0.4905538 0.04822152 -0.009592235 -0.4977558 0.04704952 -0.01427274 0.4977558 0.09364557 -0.02840745 0.4905537 0.1393399 -0.04226869 0.4786273 0.1836921 -0.05572283 0.4620914 0.2262753 -0.06864029 0.4411054 0.2666794 -0.08089673 0.4158713 0.3045151 -0.09237402 0.3866322 0.3394184 -0.1029618 0.3536695 0.3710528 -0.112558 0.3173008 0.3991137 -0.1210702 0.2778764 0.4233309 -0.1284164 0.2357757 0.4434713 -0.1345259 0.1914045 0.4593409 -0.1393399 0.14519 0.4707867 -0.1428119 0.09757715 0.4776985 -0.1449086 0.04902458 0.4800099 -0.1456097 0 0.4776985 -0.1449086 -0.04902476 0.4707867 -0.1428119 -0.09757727 0.4593408 -0.1393399 -0.1451901 0.4434713 -0.1345258 -0.1914047 0.4233309 -0.1284163 -0.235776 0.3991135 -0.1210702 -0.2778765 0.3710526 -0.112558 -0.317301 0.3394182 -0.1029618 -0.3536697 0.304515 -0.09237396 -0.3866323 0.2666792 -0.08089661 -0.4158715 0.2262751 -0.06864023 -0.4411056 0.1836917 -0.05572265 -0.4620916 0.1393395 -0.04226857 -0.4786274 0.09364521 -0.02840733 -0.4905538 0.04704916 -0.01427257 -0.4977558 0.04542404 -0.01881563 0.4977558 0.09041029 -0.03744953 0.4905537 0.1345259 -0.05572283 0.4786273 0.1773459 -0.0734595 0.4620914 0.2184579 -0.09048861 0.4411054 0.257466 -0.1066463 0.4158713 0.2939946 -0.1217769 0.3866322 0.327692 -0.1357348 0.3536695 0.3582335 -0.1483855 0.3173008 0.3853249 -0.1596071 0.2778764 0.4087054 -0.1692917 0.2357757 0.42815 -0.1773459 0.1914045 0.4434714 -0.1836922 0.14519 0.4545218 -0.1882694 0.09757715 0.4611946 -0.1910334 0.04902458 0.4634263 -0.1919578 0 0.4611946 -0.1910334 -0.04902476 0.4545218 -0.1882694 -0.09757727 0.4434712 -0.1836922 -0.1451901 0.42815 -0.1773458 -0.1914047 0.4087054 -0.1692917 -0.235776 0.3853247 -0.1596071 -0.2778765 0.3582333 -0.1483855 -0.317301 0.3276919 -0.1357347 -0.3536697 0.2939944 -0.1217769 -0.3866323 0.2574658 -0.1066462 -0.4158715 0.2184576 -0.09048849 -0.4411056 0.1773455 -0.07345926 -0.4620916 0.1345255 -0.05572271 -0.4786274 0.09040993 -0.03744941 -0.4905538 0.04542368 -0.01881551 -0.4977558 0.04336106 -0.02317738 0.4977558 0.0863043 -0.04613101 0.4905537 0.1284164 -0.06864041 0.4786273 0.1692916 -0.09048867 0.4620914 0.2085365 -0.1114655 0.4411054 0.2457731 -0.1313689 0.4158713 0.2806427 -0.1500071 0.3866322 0.3128098 -0.1672006 0.3536695 0.3419641 -0.182784 0.3173008 0.3678252 -0.1966071 0.2778764 0.3901439 -0.2085366 0.2357757 0.4087054 -0.2184579 0.1914045 0.423331 -0.2262755 0.14519 0.4338796 -0.2319138 0.09757715 0.4402493 -0.2353186 0.04902458 0.4423797 -0.2364572 0 0.4402493 -0.2353186 -0.04902476 0.4338796 -0.2319138 -0.09757727 0.4233309 -0.2262754 -0.1451901 0.4087054 -0.2184579 -0.1914047 0.3901439 -0.2085366 -0.235776 0.367825 -0.196607 -0.2778765 0.341964 -0.1827839 -0.317301 0.3128097 -0.1672006 -0.3536697 0.2806426 -0.150007 -0.3866323 0.245773 -0.1313688 -0.4158715 0.2085363 -0.1114654 -0.4411056 0.1692913 -0.09048849 -0.4620916 0.128416 -0.06864023 -0.4786274 0.08630394 -0.04613083 -0.4905538 0.04336076 -0.0231772 -0.4977558 0.04088056 -0.02731591 0.4977558 0.08136713 -0.05436813 0.4905537 0.1210702 -0.08089685 0.4786273 0.159607 -0.1066464 0.4620914 0.1966069 -0.1313689 0.4411054 0.2317133 -0.1548263 0.4158713 0.2645881 -0.1767925 0.3866322 0.294915 -0.1970562 0.3536695 0.3224015 -0.2154222 0.3173008 0.3467832 -0.2317135 0.2778764 0.3678252 -0.2457733 0.2357757 0.3853248 -0.2574661 0.1914045 0.3991136 -0.2666796 0.14519 0.4090588 -0.2733246 0.09757715 0.4150642 -0.2773374 0.04902458 0.4170726 -0.2786794 0 0.4150642 -0.2773374 -0.04902476 0.4090588 -0.2733247 -0.09757727 0.3991136 -0.2666795 -0.1451901 0.3853248 -0.2574661 -0.1914047 0.3678252 -0.2457733 -0.235776 0.3467831 -0.2317134 -0.2778765 0.3224014 -0.2154221 -0.317301 0.2949148 -0.1970562 -0.3536697 0.2645879 -0.1767924 -0.3866323 0.2317131 -0.1548261 -0.4158715 0.1966066 -0.1313688 -0.4411056 0.1596068 -0.1066462 -0.4620916 0.1210698 -0.08089667 -0.4786274 0.08136677 -0.05436795 -0.4905538 0.04088026 -0.02731567 -0.4977558 0.0380063 -0.0311914 0.4977558 0.07564634 -0.06208175 0.4905537 0.1125579 -0.09237426 0.4786273 0.1483854 -0.1217771 0.4620914 0.1827839 -0.1500072 0.4411054 0.2154219 -0.1767926 0.4158713 0.2459854 -0.2018754 0.3866322 0.27418 -0.2250141 0.3536695 0.2997341 -0.2459858 0.3173008 0.3224015 -0.2645885 0.2778764 0.341964 -0.280643 0.2357757 0.3582333 -0.2939949 0.1914045 0.3710527 -0.3045154 0.14519 0.3802986 -0.3121033 0.09757715 0.3858818 -0.3166854 0.04902458 0.387749 -0.3182177 0 0.3858818 -0.3166854 -0.04902476 0.3802986 -0.3121033 -0.09757727 0.3710526 -0.3045154 -0.1451901 0.3582333 -0.2939948 -0.1914047 0.341964 -0.280643 -0.235776 0.3224014 -0.2645884 -0.2778765 0.2997339 -0.2459856 -0.317301 0.2741799 -0.225014 -0.3536697 0.2459853 -0.2018752 -0.3866323 0.2154217 -0.1767925 -0.4158715 0.1827836 -0.150007 -0.4411056 0.1483851 -0.1217769 -0.4620916 0.1125576 -0.09237402 -0.4786274 0.07564604 -0.06208151 -0.4905538 0.038006 -0.03119111 -0.4977558 0.03476607 -0.03476649 0.4977558 0.06919699 -0.06919741 0.4905537 0.1029617 -0.1029621 0.4786273 0.1357346 -0.135735 0.4620914 0.1672004 -0.1672008 0.4411054 0.1970559 -0.1970564 0.4158713 0.2250137 -0.2250141 0.3866322 0.2508046 -0.250805 0.3536695 0.2741799 -0.2741804 0.3173008 0.2949148 -0.2949153 0.2778764 0.3128096 -0.3128101 0.2357757 0.3276918 -0.3276922 0.1914045 0.3394182 -0.3394187 0.14519 0.347876 -0.3478762 0.09757715 0.3529831 -0.3529834 0.04902458 0.3546911 -0.3546914 0 0.3529831 -0.3529834 -0.04902476 0.347876 -0.3478762 -0.09757727 0.3394181 -0.3394185 -0.1451901 0.3276918 -0.3276921 -0.1914047 0.3128096 -0.31281 -0.235776 0.2949147 -0.2949151 -0.2778765 0.2741798 -0.2741802 -0.317301 0.2508044 -0.2508049 -0.3536697 0.2250136 -0.2250139 -0.3866323 0.1970558 -0.1970562 -0.4158715 0.1672002 -0.1672006 -0.4411056 0.1357344 -0.1357347 -0.4620916 0.1029614 -0.1029618 -0.4786274 0.06919676 -0.06919717 -0.4905538 0.03476577 -0.03476619 -0.4977558 0.03119099 -0.03800672 0.4977558 0.06208133 -0.07564675 0.4905537 0.0923739 -0.1125583 0.4786273 0.1217768 -0.1483858 0.4620914 0.1500068 -0.1827842 0.4411054 0.1767922 -0.2154223 0.4158713 0.201875 -0.2459858 0.3866322 0.2250137 -0.2741804 0.3536695 0.2459854 -0.2997344 0.3173008 0.264588 -0.3224019 0.2778764 0.2806426 -0.3419645 0.2357757 0.2939944 -0.3582336 0.1914045 0.304515 -0.3710531 0.14519 0.312103 -0.3802989 0.09757715 0.316685 -0.3858821 0.04902458 0.3182173 -0.3877493 0 0.316685 -0.3858821 -0.04902476 0.312103 -0.3802989 -0.09757727 0.304515 -0.371053 -0.1451901 0.2939945 -0.3582336 -0.1914047 0.2806426 -0.3419644 -0.235776 0.2645879 -0.3224018 -0.2778765 0.2459852 -0.2997344 -0.317301 0.2250136 -0.2741802 -0.3536697 0.2018749 -0.2459856 -0.3866323 0.176792 -0.2154221 -0.4158715 0.1500066 -0.182784 -0.4411056 0.1217765 -0.1483855 -0.4620916 0.0923736 -0.112558 -0.4786274 0.06208109 -0.07564646 -0.4905538 0.03119075 -0.03800642 -0.4977558 0.02731549 -0.04088097 0.4977558 0.05436778 -0.08136749 0.4905537 0.08089649 -0.1210705 0.4786273 0.106646 -0.1596075 0.4620914 0.1313685 -0.1966073 0.4411054 0.1548259 -0.2317137 0.4158713 0.1767921 -0.2645885 0.3866322 0.1970558 -0.2949154 0.3536695 0.2154218 -0.3224019 0.3173008 0.2317131 -0.3467835 0.2778764 0.2457728 -0.3678256 0.2357757 0.2574658 -0.3853251 0.1914045 0.2666792 -0.399114 0.14519 0.2733244 -0.4090591 0.09757715 0.277337 -0.4150645 0.04902458 0.278679 -0.417073 0 0.277337 -0.4150645 -0.04902476 0.2733244 -0.4090591 -0.09757727 0.2666791 -0.399114 -0.1451901 0.2574658 -0.385325 -0.1914047 0.2457728 -0.3678256 -0.235776 0.2317129 -0.3467835 -0.2778765 0.2154217 -0.3224018 -0.317301 0.1970558 -0.2949153 -0.3536697 0.176792 -0.2645884 -0.3866323 0.1548258 -0.2317135 -0.4158715 0.1313683 -0.1966071 -0.4411056 0.1066458 -0.1596071 -0.4620916 0.08089625 -0.1210702 -0.4786274 0.05436754 -0.08136719 -0.4905538 0.02731531 -0.04088062 -0.4977558 0.02317696 -0.04336148 0.4977558 0.04613059 -0.08630466 0.4905537 0.06863999 -0.1284168 0.4786273 0.09048825 -0.169292 0.4620914 0.1114651 -0.2085369 0.4411054 0.1313685 -0.2457736 0.4158713 0.1500067 -0.2806431 0.3866322 0.1672002 -0.3128101 0.3536695 0.1827836 -0.3419645 0.3173008 0.1966066 -0.3678255 0.2778764 0.2085363 -0.3901444 0.2357757 0.2184576 -0.4087058 0.1914045 0.226275 -0.4233313 0.14519 0.2319135 -0.4338799 0.09757715 0.2353182 -0.4402496 0.04902458 0.2364568 -0.4423799 0 0.2353182 -0.4402496 -0.04902476 0.2319135 -0.4338799 -0.09757727 0.226275 -0.4233312 -0.1451901 0.2184576 -0.4087057 -0.1914047 0.2085363 -0.3901443 -0.235776 0.1966065 -0.3678254 -0.2778765 0.1827835 -0.3419643 -0.317301 0.1672002 -0.31281 -0.3536697 0.1500066 -0.2806429 -0.3866323 0.1313683 -0.2457733 -0.4158715 0.111465 -0.2085367 -0.4411056 0.09048813 -0.1692917 -0.4620916 0.06863981 -0.1284164 -0.4786274 0.04613041 -0.0863043 -0.4905538 0.02317678 -0.04336118 -0.4977558 0.01881521 -0.04542446 0.4977558 0.03744918 -0.0904107 0.4905537 0.05572247 -0.1345263 0.4786273 0.07345902 -0.1773462 0.4620914 0.09048819 -0.2184582 0.4411054 0.106646 -0.2574664 0.4158713 0.1217765 -0.293995 0.3866322 0.1357344 -0.3276923 0.3536695 0.1483851 -0.3582338 0.3173008 0.1596068 -0.3853252 0.2778764 0.1692913 -0.4087058 0.2357757 0.1773455 -0.4281502 0.1914045 0.1836917 -0.4434717 0.14519 0.1882691 -0.4545221 0.09757715 0.1910331 -0.4611949 0.04902458 0.1919574 -0.4634266 0 0.1910331 -0.4611949 -0.04902476 0.1882691 -0.4545221 -0.09757727 0.1836917 -0.4434716 -0.1451901 0.1773455 -0.4281502 -0.1914047 0.1692913 -0.4087058 -0.235776 0.1596066 -0.3853251 -0.2778765 0.148385 -0.3582336 -0.317301 0.1357344 -0.3276922 -0.3536697 0.1217765 -0.2939948 -0.3866323 0.1066458 -0.2574662 -0.4158715 0.09048813 -0.2184581 -0.4411056 0.0734589 -0.1773459 -0.4620916 0.05572229 -0.134526 -0.4786274 0.037449 -0.09041035 -0.4905538 0.0188151 -0.0454241 -0.4977558 0.01427227 -0.04704993 0.4977558 0.02840703 -0.09364598 0.4905537 0.04226833 -0.1393403 0.4786273 0.05572241 -0.1836925 0.4620914 0.06863987 -0.2262757 0.4411054 0.08089631 -0.2666798 0.4158713 0.0923736 -0.3045155 0.3866322 0.1029614 -0.3394187 0.3536695 0.1125576 -0.371053 0.3173008 0.1210697 -0.3991139 0.2778764 0.128416 -0.4233313 0.2357757 0.1345255 -0.4434716 0.1914045 0.1393395 -0.4593412 0.14519 0.1428117 -0.4707871 0.09757715 0.1449082 -0.4776986 0.04902458 0.1456093 -0.4800102 0 0.1449082 -0.4776986 -0.04902476 0.1428117 -0.4707871 -0.09757727 0.1393394 -0.4593411 -0.1451901 0.1345255 -0.4434715 -0.1914047 0.128416 -0.4233312 -0.235776 0.1210697 -0.3991138 -0.2778765 0.1125575 -0.3710529 -0.317301 0.1029614 -0.3394185 -0.3536697 0.0923736 -0.3045153 -0.3866323 0.08089625 -0.2666796 -0.4158715 0.06863981 -0.2262755 -0.4411056 0.05572229 -0.1836922 -0.4620916 0.04226815 -0.1393399 -0.4786274 0.02840697 -0.09364563 -0.4905538 0.01427221 -0.04704958 -0.4977558 0.009591877 -0.04822236 0.4977558 0.01909142 -0.09597945 0.4905537 0.02840709 -0.1428124 0.4786273 0.03744912 -0.1882697 0.4620914 0.04613047 -0.2319141 0.4411054 0.05436766 -0.2733249 0.4158713 0.06208115 -0.3121034 0.3866322 0.06919682 -0.3478763 0.3536695 0.07564604 -0.3802989 0.3173008 0.08136683 -0.409059 0.2778764 0.08630394 -0.4338797 0.2357757 0.09040993 -0.454522 0.1914045 0.09364521 -0.4707869 0.14519 0.09597885 -0.482518 0.09757715 0.09738779 -0.4896019 0.04902458 0.09785902 -0.4919711 0 0.09738779 -0.4896019 -0.04902476 0.09597885 -0.482518 -0.09757727 0.09364521 -0.4707869 -0.1451901 0.09040999 -0.4545218 -0.1914047 0.086304 -0.4338797 -0.235776 0.08136671 -0.4090589 -0.2778765 0.07564598 -0.3802987 -0.317301 0.06919682 -0.3478761 -0.3536697 0.06208109 -0.3121032 -0.3866323 0.0543676 -0.2733247 -0.4158715 0.04613041 -0.2319138 -0.4411056 0.03744906 -0.1882694 -0.4620916 0.02840697 -0.142812 -0.4786274 0.0190913 -0.09597909 -0.4905538 0.009591817 -0.04822194 -0.4977558 0.004819154 -0.04893028 0.4977558 0.009591877 -0.09738856 0.4905537 0.01427227 -0.144909 0.4786273 0.01881515 -0.1910338 0.4620914 0.02317684 -0.2353189 0.4411054 0.02731531 -0.2773377 0.4158713 0.03119075 -0.3166855 0.3866322 0.03476577 -0.3529836 0.3536695 0.038006 -0.3858823 0.3173008 0.04088026 -0.4150646 0.2778764 0.04336071 -0.4402498 0.2357757 0.04542374 -0.4611951 0.1914045 0.04704916 -0.4776989 0.14519 0.04822164 -0.4896022 0.09757715 0.04892951 -0.49679 0.04902458 0.04916626 -0.4991939 0 0.04892951 -0.49679 -0.04902476 0.04822164 -0.4896022 -0.09757727 0.0470491 -0.4776986 -0.1451901 0.04542374 -0.4611949 -0.1914047 0.04336076 -0.4402498 -0.235776 0.0408802 -0.4150645 -0.2778765 0.038006 -0.3858821 -0.317301 0.03476577 -0.3529835 -0.3536697 0.03119075 -0.3166853 -0.3866323 0.02731531 -0.2773374 -0.4158715 0.02317678 -0.2353186 -0.4411056 0.0188151 -0.1910334 -0.4620916 0.01427221 -0.1449087 -0.4786274 0.009591817 -0.0973882 -0.4905538 0.004819095 -0.04892992 -0.4977558 0 -0.04916703 0.4977558 0 -0.09785979 0.4905537 0 -0.1456102 0.4786273 0 -0.1919581 0.4620914 0 -0.2364575 0.4411054 0 -0.2786796 0.4158713 0 -0.3182178 0.3866322 0 -0.3546916 0.3536695 0 -0.3877494 0.3173008 0 -0.4170729 0.2778764 0 -0.4423799 0.2357757 0 -0.4634265 0.1914045 0 -0.4800102 0.14519 1.21685e-7 -0.4919711 0.09757715 0 -0.4991937 0.04902458 0 -0.5016093 0 0 -0.4991937 -0.04902476 1.21685e-7 -0.4919711 -0.09757727 0 -0.4800101 -0.1451901 0 -0.4634265 -0.1914047 0 -0.4423799 -0.235776 0 -0.4170727 -0.2778765 0 -0.3877492 -0.317301 0 -0.3546914 -0.3536697 0 -0.3182176 -0.3866323 0 -0.2786794 -0.4158715 0 -0.2364572 -0.4411056 0 -0.1919578 -0.4620916 0 -0.1456098 -0.4786274 0 -0.09785938 -0.4905538 0 -0.04916667 -0.4977558 -0.004819154 -0.04893028 0.4977558 -0.009591877 -0.09738856 0.4905537 -0.01427221 -0.144909 0.4786273 -0.0188151 -0.1910338 0.4620914 -0.02317678 -0.2353188 0.4411054 -0.02731531 -0.2773377 0.4158713 -0.03119075 -0.3166855 0.3866322 -0.03476577 -0.3529836 0.3536695 -0.038006 -0.3858823 0.3173008 -0.0408802 -0.4150646 0.2778764 -0.04336076 -0.4402498 0.2357757 -0.04542362 -0.461195 0.1914045 -0.04704916 -0.4776989 0.14519 -0.0482214 -0.4896022 0.09757715 -0.04892945 -0.49679 0.04902458 -0.04916626 -0.4991939 0 -0.04892945 -0.49679 -0.04902476 -0.0482214 -0.4896022 -0.09757727 -0.04704916 -0.4776986 -0.1451901 -0.04542356 -0.4611949 -0.1914047 -0.04336071 -0.4402497 -0.235776 -0.04088026 -0.4150644 -0.2778765 -0.038006 -0.385882 -0.317301 -0.03476577 -0.3529835 -0.3536697 -0.03119069 -0.3166853 -0.3866323 -0.02731525 -0.2773374 -0.4158715 -0.02317678 -0.2353186 -0.4411056 -0.01881504 -0.1910334 -0.4620916 -0.01427221 -0.1449086 -0.4786274 -0.009591817 -0.09738814 -0.4905538 -0.004819095 -0.04892992 -0.4977558 -0.009591937 -0.04822236 0.4977558 -0.01909142 -0.09597945 0.4905537 -0.02840697 -0.1428124 0.4786273 -0.03744906 -0.1882697 0.4620914 -0.04613047 -0.2319141 0.4411054 -0.05436754 -0.2733249 0.4158713 -0.06208109 -0.3121033 0.3866322 -0.06919682 -0.3478763 0.3536695 -0.07564604 -0.3802989 0.3173008 -0.08136677 -0.4090589 0.2778764 -0.086304 -0.4338797 0.2357757 -0.09040993 -0.454522 0.1914045 -0.09364527 -0.4707869 0.14519 -0.09597861 -0.482518 0.09757715 -0.09738773 -0.4896019 0.04902458 -0.09785902 -0.491971 0 -0.09738773 -0.4896019 -0.04902476 -0.09597861 -0.482518 -0.09757727 -0.09364527 -0.4707869 -0.1451901 -0.09040981 -0.454522 -0.1914047 -0.08630388 -0.4338797 -0.235776 -0.08136677 -0.4090589 -0.2778765 -0.07564604 -0.3802987 -0.317301 -0.06919676 -0.3478761 -0.3536697 -0.06208103 -0.3121032 -0.3866323 -0.05436754 -0.2733247 -0.4158715 -0.04613041 -0.2319138 -0.4411056 -0.037449 -0.1882694 -0.4620916 -0.02840697 -0.142812 -0.4786274 -0.0190913 -0.09597903 -0.4905538 -0.009591817 -0.04822194 -0.4977558 -0.01427233 -0.04704993 0.4977558 -0.02840703 -0.09364598 0.4905537 -0.04226821 -0.1393403 0.4786273 -0.05572235 -0.1836925 0.4620914 -0.06863981 -0.2262757 0.4411054 -0.08089625 -0.2666798 0.4158713 -0.0923736 -0.3045155 0.3866322 -0.1029614 -0.3394187 0.3536695 -0.1125576 -0.371053 0.3173008 -0.1210697 -0.3991139 0.2778764 -0.128416 -0.4233312 0.2357757 -0.1345254 -0.4434716 0.1914045 -0.1393395 -0.4593411 0.14519 -0.1428114 -0.4707871 0.09757715 -0.1449081 -0.4776986 0.04902458 -0.1456093 -0.4800101 0 -0.1449081 -0.4776986 -0.04902476 -0.1428114 -0.4707871 -0.09757727 -0.1393395 -0.4593411 -0.1451901 -0.1345254 -0.4434715 -0.1914047 -0.1284159 -0.4233312 -0.235776 -0.1210697 -0.3991138 -0.2778765 -0.1125575 -0.3710529 -0.317301 -0.1029613 -0.3394185 -0.3536697 -0.09237349 -0.3045153 -0.3866323 -0.08089619 -0.2666795 -0.4158715 -0.06863975 -0.2262755 -0.4411056 -0.05572223 -0.1836922 -0.4620916 -0.04226815 -0.1393399 -0.4786274 -0.02840691 -0.09364563 -0.4905538 -0.01427221 -0.04704958 -0.4977558 -0.01881527 -0.04542446 0.4977558 -0.03744912 -0.09041064 0.4905537 -0.05572241 -0.1345263 0.4786273 -0.07345902 -0.1773462 0.4620914 -0.09048819 -0.2184582 0.4411054 -0.1066459 -0.2574664 0.4158713 -0.1217765 -0.293995 0.3866322 -0.1357344 -0.3276923 0.3536695 -0.1483851 -0.3582338 0.3173008 -0.1596067 -0.3853251 0.2778764 -0.1692913 -0.4087058 0.2357757 -0.1773454 -0.4281502 0.1914045 -0.1836917 -0.4434716 0.14519 -0.1882689 -0.4545221 0.09757715 -0.191033 -0.461195 0.04902458 -0.1919574 -0.4634266 0 -0.191033 -0.461195 -0.04902476 -0.1882689 -0.4545221 -0.09757727 -0.1836917 -0.4434715 -0.1451901 -0.1773453 -0.4281502 -0.1914047 -0.1692912 -0.4087058 -0.235776 -0.1596066 -0.385325 -0.2778765 -0.148385 -0.3582335 -0.317301 -0.1357343 -0.3276922 -0.3536697 -0.1217764 -0.2939948 -0.3866323 -0.1066458 -0.2574662 -0.4158715 -0.09048807 -0.218458 -0.4411056 -0.0734589 -0.1773459 -0.4620916 -0.05572229 -0.1345259 -0.4786274 -0.037449 -0.09041035 -0.4905538 -0.0188151 -0.0454241 -0.4977558 -0.02317702 -0.04336154 0.4977558 -0.04613053 -0.08630466 0.4905537 -0.06863993 -0.1284168 0.4786273 -0.09048825 -0.169292 0.4620914 -0.1114651 -0.2085369 0.4411054 -0.1313684 -0.2457736 0.4158713 -0.1500066 -0.2806431 0.3866322 -0.1672002 -0.3128101 0.3536695 -0.1827836 -0.3419645 0.3173008 -0.1966066 -0.3678255 0.2778764 -0.2085363 -0.3901443 0.2357757 -0.2184575 -0.4087058 0.1914045 -0.226275 -0.4233312 0.14519 -0.2319133 -0.4338799 0.09757715 -0.2353181 -0.4402497 0.04902458 -0.2364567 -0.4423799 0 -0.2353181 -0.4402497 -0.04902476 -0.2319133 -0.4338799 -0.09757727 -0.226275 -0.4233311 -0.1451901 -0.2184575 -0.4087057 -0.1914047 -0.2085362 -0.3901443 -0.235776 -0.1966065 -0.3678254 -0.2778765 -0.1827834 -0.3419643 -0.317301 -0.1672001 -0.31281 -0.3536697 -0.1500065 -0.2806429 -0.3866323 -0.1313683 -0.2457733 -0.4158715 -0.111465 -0.2085366 -0.4411056 -0.09048807 -0.1692917 -0.4620916 -0.06863975 -0.1284164 -0.4786274 -0.04613035 -0.0863043 -0.4905538 -0.02317678 -0.04336118 -0.4977558 -0.02731555 -0.04088097 0.4977558 -0.05436772 -0.08136749 0.4905537 -0.08089643 -0.1210705 0.4786273 -0.106646 -0.1596074 0.4620914 -0.1313685 -0.1966072 0.4411054 -0.1548258 -0.2317137 0.4158713 -0.176792 -0.2645885 0.3866322 -0.1970558 -0.2949153 0.3536695 -0.2154217 -0.3224019 0.3173008 -0.2317131 -0.3467835 0.2778764 -0.2457728 -0.3678256 0.2357757 -0.2574657 -0.3853251 0.1914045 -0.2666792 -0.399114 0.14519 -0.2733242 -0.4090591 0.09757715 -0.277337 -0.4150645 0.04902458 -0.2786789 -0.4170729 0 -0.277337 -0.4150645 -0.04902476 -0.2733242 -0.4090591 -0.09757727 -0.2666791 -0.3991138 -0.1451901 -0.2574657 -0.3853251 -0.1914047 -0.2457728 -0.3678255 -0.235776 -0.2317129 -0.3467834 -0.2778765 -0.2154217 -0.3224017 -0.317301 -0.1970557 -0.2949153 -0.3536697 -0.1767919 -0.2645882 -0.3866323 -0.1548257 -0.2317135 -0.4158715 -0.1313683 -0.1966071 -0.4411056 -0.1066458 -0.1596071 -0.4620916 -0.08089625 -0.1210702 -0.4786274 -0.05436754 -0.08136719 -0.4905538 -0.02731531 -0.04088068 -0.4977558 -0.03119099 -0.03800672 0.4977558 -0.06208133 -0.07564669 0.4905537 -0.09237384 -0.1125583 0.4786273 -0.1217767 -0.1483858 0.4620914 -0.1500068 -0.1827842 0.4411054 -0.1767922 -0.2154223 0.4158713 -0.201875 -0.2459858 0.3866322 -0.2250137 -0.2741804 0.3536695 -0.2459853 -0.2997344 0.3173008 -0.264588 -0.3224018 0.2778764 -0.2806426 -0.3419644 0.2357757 -0.2939944 -0.3582336 0.1914045 -0.3045151 -0.3710529 0.14519 -0.3121029 -0.380299 0.09757715 -0.3166849 -0.3858821 0.04902458 -0.3182173 -0.3877493 0 -0.3166849 -0.3858821 -0.04902476 -0.3121029 -0.380299 -0.09757727 -0.304515 -0.3710529 -0.1451901 -0.2939943 -0.3582336 -0.1914047 -0.2806426 -0.3419644 -0.235776 -0.2645879 -0.3224017 -0.2778765 -0.2459852 -0.2997342 -0.317301 -0.2250136 -0.2741802 -0.3536697 -0.2018747 -0.2459856 -0.3866323 -0.176792 -0.2154222 -0.4158715 -0.1500066 -0.182784 -0.4411056 -0.1217765 -0.1483855 -0.4620916 -0.0923736 -0.112558 -0.4786274 -0.06208103 -0.0756464 -0.4905538 -0.03119075 -0.03800642 -0.4977558 -0.03476607 -0.03476649 0.4977558 -0.06919699 -0.06919741 0.4905537 -0.1029617 -0.1029621 0.4786273 -0.1357346 -0.135735 0.4620914 -0.1672003 -0.1672008 0.4411054 -0.1970559 -0.1970563 0.4158713 -0.2250136 -0.225014 0.3866322 -0.2508045 -0.2508049 0.3536695 -0.2741799 -0.2741803 0.3173008 -0.2949148 -0.2949151 0.2778764 -0.3128096 -0.31281 0.2357757 -0.3276917 -0.3276922 0.1914045 -0.3394182 -0.3394185 0.14519 -0.3478758 -0.3478763 0.09757715 -0.3529829 -0.3529834 0.04902458 -0.354691 -0.3546914 0 -0.3529829 -0.3529834 -0.04902476 -0.3478758 -0.3478763 -0.09757727 -0.3394181 -0.3394184 -0.1451901 -0.3276917 -0.3276922 -0.1914047 -0.3128095 -0.31281 -0.235776 -0.2949147 -0.2949151 -0.2778765 -0.2741798 -0.2741802 -0.317301 -0.2508044 -0.2508049 -0.3536697 -0.2250134 -0.2250139 -0.3866323 -0.1970558 -0.1970562 -0.4158715 -0.1672002 -0.1672006 -0.4411056 -0.1357343 -0.1357347 -0.4620916 -0.1029614 -0.1029618 -0.4786274 -0.0691967 -0.06919711 -0.4905538 -0.03476577 -0.03476619 -0.4977558 -0.03800636 -0.0311914 0.4977558 -0.07564628 -0.06208169 0.4905537 -0.1125579 -0.09237426 0.4786273 -0.1483853 -0.1217771 0.4620914 -0.1827837 -0.1500071 0.4411054 -0.2154219 -0.1767926 0.4158713 -0.2459853 -0.2018753 0.3866322 -0.27418 -0.225014 0.3536695 -0.299734 -0.2459857 0.3173008 -0.3224014 -0.2645884 0.2778764 -0.341964 -0.280643 0.2357757 -0.3582332 -0.2939948 0.1914045 -0.3710527 -0.3045153 0.14519 -0.3802984 -0.3121034 0.09757715 -0.3858817 -0.3166853 0.04902458 -0.3877489 -0.3182176 0 -0.3858817 -0.3166853 -0.04902476 -0.3802984 -0.3121034 -0.09757727 -0.3710526 -0.3045153 -0.1451901 -0.3582332 -0.2939948 -0.1914047 -0.341964 -0.280643 -0.235776 -0.3224014 -0.2645882 -0.2778765 -0.2997338 -0.2459856 -0.317301 -0.2741798 -0.225014 -0.3536697 -0.2459852 -0.2018752 -0.3866323 -0.2154217 -0.1767925 -0.4158715 -0.1827836 -0.150007 -0.4411056 -0.148385 -0.1217769 -0.4620916 -0.1125576 -0.09237402 -0.4786274 -0.07564598 -0.06208145 -0.4905538 -0.038006 -0.03119117 -0.4977558 -0.04088062 -0.02731591 0.4977558 -0.08136707 -0.05436813 0.4905537 -0.1210701 -0.08089685 0.4786273 -0.159607 -0.1066464 0.4620914 -0.1966068 -0.1313689 0.4411054 -0.2317132 -0.1548262 0.4158713 -0.2645881 -0.1767925 0.3866322 -0.294915 -0.1970562 0.3536695 -0.3224015 -0.2154221 0.3173008 -0.3467832 -0.2317134 0.2778764 -0.3678252 -0.2457733 0.2357757 -0.3853247 -0.2574661 0.1914045 -0.3991136 -0.2666795 0.14519 -0.4090586 -0.2733247 0.09757715 -0.4150641 -0.2773373 0.04902458 -0.4170725 -0.2786793 0 -0.4150641 -0.2773373 -0.04902476 -0.4090586 -0.2733247 -0.09757727 -0.3991135 -0.2666794 -0.1451901 -0.3853247 -0.2574661 -0.1914047 -0.3678251 -0.2457733 -0.235776 -0.346783 -0.2317134 -0.2778765 -0.3224014 -0.215422 -0.317301 -0.2949148 -0.1970562 -0.3536697 -0.2645879 -0.1767923 -0.3866323 -0.2317131 -0.1548262 -0.4158715 -0.1966066 -0.1313688 -0.4411056 -0.1596066 -0.1066462 -0.4620916 -0.1210698 -0.08089661 -0.4786274 -0.08136677 -0.05436789 -0.4905538 -0.04088026 -0.02731573 -0.4977558 -0.04336112 -0.02317738 0.4977558 -0.08630424 -0.04613095 0.4905537 -0.1284163 -0.06864035 0.4786273 -0.1692916 -0.09048867 0.4620914 -0.2085365 -0.1114655 0.4411054 -0.2457731 -0.1313688 0.4158713 -0.2806426 -0.150007 0.3866322 -0.3128097 -0.1672006 0.3536695 -0.341964 -0.182784 0.3173008 -0.3678252 -0.1966069 0.2778764 -0.3901439 -0.2085366 0.2357757 -0.4087052 -0.2184579 0.1914045 -0.4233309 -0.2262754 0.14519 -0.4338794 -0.2319139 0.09757715 -0.4402492 -0.2353184 0.04902458 -0.4423795 -0.2364571 0 -0.4402492 -0.2353184 -0.04902476 -0.4338794 -0.2319139 -0.09757727 -0.4233308 -0.2262753 -0.1451901 -0.4087052 -0.2184579 -0.1914047 -0.3901439 -0.2085366 -0.235776 -0.367825 -0.1966069 -0.2778765 -0.3419639 -0.1827839 -0.317301 -0.3128095 -0.1672006 -0.3536697 -0.2806425 -0.1500069 -0.3866323 -0.2457728 -0.1313688 -0.4158715 -0.2085363 -0.1114653 -0.4411056 -0.1692912 -0.09048849 -0.4620916 -0.128416 -0.06864017 -0.4786274 -0.08630388 -0.04613077 -0.4905538 -0.04336076 -0.0231772 -0.4977558 0 -4.02631e-7 -0.5001642 -0.0454241 -0.01881563 0.4977558 -0.09041029 -0.03744953 0.4905537 -0.1345258 -0.05572283 0.4786273 -0.1773458 -0.07345944 0.4620914 -0.2184578 -0.09048861 0.4411054 -0.257466 -0.1066463 0.4158713 -0.2939945 -0.1217769 0.3866322 -0.327692 -0.1357348 0.3536695 -0.3582333 -0.1483855 0.3173008 -0.3853248 -0.1596071 0.2778764 -0.4087054 -0.1692917 0.2357757 -0.4281498 -0.1773458 0.1914045 -0.4434713 -0.1836921 0.14519 -0.4545217 -0.1882695 0.09757715 -0.4611945 -0.1910333 0.04902458 -0.4634262 -0.1919577 0 -0.4611945 -0.1910333 -0.04902476 -0.4545217 -0.1882695 -0.09757727 -0.4434711 -0.183692 -0.1451901 -0.4281498 -0.1773459 -0.1914047 -0.4087054 -0.1692917 -0.235776 -0.3853247 -0.159607 -0.2778765 -0.3582332 -0.1483854 -0.317301 -0.3276917 -0.1357347 -0.3536697 -0.2939943 -0.1217768 -0.3866323 -0.2574658 -0.1066462 -0.4158715 -0.2184576 -0.09048849 -0.4411056 -0.1773454 -0.07345932 -0.4620916 -0.1345255 -0.05572265 -0.4786274 -0.09040987 -0.03744941 -0.4905538 -0.04542368 -0.01881551 -0.4977558 -0.04704958 -0.01427268 0.4977558 -0.09364557 -0.02840745 0.4905537 -0.1393399 -0.04226863 0.4786273 -0.183692 -0.05572277 0.4620914 -0.2262752 -0.06864023 0.4411054 -0.2666794 -0.08089667 0.4158713 -0.3045151 -0.09237396 0.3866322 -0.3394184 -0.1029618 0.3536695 -0.3710526 -0.1125579 0.3173008 -0.3991136 -0.1210701 0.2778764 -0.4233309 -0.1284164 0.2357757 -0.4434711 -0.1345258 0.1914045 -0.4593408 -0.1393398 0.14519 -0.4707866 -0.142812 0.09757715 -0.4776982 -0.1449085 0.04902458 -0.4800098 -0.1456097 0 -0.4776982 -0.1449085 -0.04902476 -0.4707866 -0.142812 -0.09757727 -0.4593407 -0.1393398 -0.1451901 -0.443471 -0.1345259 -0.1914047 -0.4233308 -0.1284164 -0.235776 -0.3991134 -0.12107 -0.2778765 -0.3710525 -0.1125578 -0.317301 -0.3394181 -0.1029618 -0.3536697 -0.3045149 -0.09237396 -0.3866323 -0.2666792 -0.08089661 -0.4158715 -0.226275 -0.06864017 -0.4411056 -0.1836917 -0.05572265 -0.4620916 -0.1393395 -0.04226851 -0.4786274 -0.09364521 -0.02840733 -0.4905538 -0.04704916 -0.01427263 -0.4977558 -0.04822194 -0.009592294 0.4977558 -0.09597903 -0.01909178 0.4905537 -0.1428119 -0.02840745 0.4786273 -0.1882693 -0.03744947 0.4620914 -0.2319136 -0.04613089 0.4411054 -0.2733244 -0.05436801 0.4158713 -0.3121029 -0.06208151 0.3866322 -0.347876 -0.06919717 0.3536695 -0.3802985 -0.0756464 0.3173008 -0.4090586 -0.08136713 0.2778764 -0.4338794 -0.08630436 0.2357757 -0.4545214 -0.09041035 0.1914045 -0.4707866 -0.09364557 0.14519 -0.4825176 -0.09597921 0.09757715 -0.4896015 -0.09738808 0.04902458 -0.4919707 -0.09785938 0 -0.4896015 -0.09738808 -0.04902476 -0.4825176 -0.09597921 -0.09757727 -0.4707865 -0.09364557 -0.1451901 -0.4545214 -0.09041035 -0.1914047 -0.4338793 -0.0863043 -0.235776 -0.4090585 -0.08136713 -0.2778765 -0.3802983 -0.07564634 -0.317301 -0.3478758 -0.06919717 -0.3536697 -0.3121027 -0.06208145 -0.3866323 -0.2733243 -0.05436795 -0.4158715 -0.2319133 -0.04613083 -0.4411056 -0.1882689 -0.03744941 -0.4620916 -0.1428115 -0.02840733 -0.4786274 -0.09597861 -0.01909172 -0.4905538 -0.04822152 -0.009592235 -0.4977558 -4.00692e-7 -4.42095e-7 0.5001642 -0.04892987 -0.004819512 0.4977558 -0.09738814 -0.009592235 0.4905537 -0.1449086 -0.01427263 0.4786273 -0.1910333 -0.01881551 0.4620914 -0.2353184 -0.0231772 0.4411054 -0.2773373 -0.02731573 0.4158713 -0.3166851 -0.03119111 0.3866322 -0.3529833 -0.03476613 0.3536695 -0.3858819 -0.03800636 0.3173008 -0.4150642 -0.04088056 0.2778764 -0.4402495 -0.04336112 0.2357757 -0.4611945 -0.0454241 0.1914045 -0.4776985 -0.04704946 0.14519 -0.4896018 -0.048222 0.09757715 -0.4967896 -0.04892981 0.04902458 -0.4991935 -0.04916661 0 -0.4967896 -0.04892981 -0.04902476 -0.4896018 -0.048222 -0.09757727 -0.4776983 -0.04704952 -0.1451901 -0.4611945 -0.0454241 -0.1914047 -0.4402494 -0.04336112 -0.235776 -0.4150641 -0.04088056 -0.2778765 -0.3858817 -0.03800636 -0.317301 -0.3529831 -0.03476619 -0.3536697 -0.3166849 -0.03119111 -0.3866323 -0.2773371 -0.02731573 -0.4158715 -0.2353181 -0.0231772 -0.4411056 -0.191033 -0.01881551 -0.4620916 -0.1449082 -0.01427257 -0.4786274 -0.09738779 -0.009592235 -0.4905538 -0.04892951 -0.004819512 -0.4977558 -0.04916661 -3.87345e-7 0.4977558 -0.09785938 -3.85944e-7 0.4905537 -0.1456097 -3.90616e-7 0.4786273 -0.1919577 -4.22382e-7 0.4620914 -0.236457 -4.14908e-7 0.4411054 -0.2786793 -4.01827e-7 0.4158713 -0.3182174 -3.73798e-7 0.3866322 -0.3546912 -3.60717e-7 0.3536695 -0.387749 -3.64455e-7 0.3173008 -0.4170725 -3.53243e-7 0.2778764 -0.4423796 -3.90616e-7 0.2357757 -0.4634261 -3.9809e-7 0.1914045 -0.4800098 -2.97184e-7 0.14519 -0.4919708 -4.69098e-7 0.09757715 -0.4991934 -3.23345e-7 0.04902458 -0.5016089 -3.45768e-7 0 -0.4991934 -3.23345e-7 -0.04902476 -0.4919708 -4.69098e-7 -0.09757727 -0.4800097 -3.38294e-7 -0.1451901 -0.4634261 -4.27988e-7 -0.1914047 -0.4423795 -3.90616e-7 -0.235776 -0.4170724 -3.45768e-7 -0.2778765 -0.3877488 -3.42031e-7 -0.317301 -0.354691 -4.24251e-7 -0.3536697 -0.3182172 -4.03696e-7 -0.3866323 -0.278679 -4.13039e-7 -0.4158715 -0.2364568 -4.07433e-7 -0.4411056 -0.1919572 -4.29857e-7 -0.4620916 -0.1456093 -3.88747e-7 -0.4786274 -0.09785896 -4.00893e-7 -0.4905538 -0.04916626 -4.08368e-7 -0.4977558 -0.04892987 0.004818737 0.4977558 -0.09738814 0.00959146 0.4905537 -0.1449086 0.01427185 0.4786273 -0.1910333 0.01881468 0.4620914 -0.2353184 0.02317643 0.4411054 -0.2773373 0.0273149 0.4158713 -0.3166851 0.03119033 0.3866322 -0.3529833 0.03476542 0.3536695 -0.3858819 0.03800565 0.3173008 -0.4150642 0.0408799 0.2778764 -0.4402495 0.04336035 0.2357757 -0.4611946 0.04542326 0.1914045 -0.4776985 0.04704886 0.14519 -0.4896019 0.04822105 0.09757715 -0.4967896 0.04892915 0.04902458 -0.4991935 0.0491659 0 -0.4967896 0.04892915 -0.04902476 -0.4896019 0.04822105 -0.09757727 -0.4776983 0.0470488 -0.1451901 -0.4611946 0.04542326 -0.1914047 -0.4402494 0.04336035 -0.235776 -0.4150641 0.0408799 -0.2778765 -0.3858817 0.03800565 -0.317301 -0.3529831 0.03476536 -0.3536697 -0.3166849 0.03119033 -0.3866323 -0.2773371 0.0273149 -0.4158715 -0.2353181 0.02317637 -0.4411056 -0.191033 0.01881468 -0.4620916 -0.1449082 0.01427179 -0.4786274 -0.09738779 0.00959146 -0.4905538 -0.04892951 0.004818677 -0.4977558 -0.04822188 0.009591519 0.4977558 -0.09597903 0.01909101 0.4905537 -0.1428118 0.02840662 0.4786273 -0.1882693 0.03744864 0.4620914 -0.2319135 0.04613006 0.4411054 -0.2733245 0.05436718 0.4158713 -0.3121029 0.06208074 0.3866322 -0.347876 0.06919646 0.3536695 -0.3802985 0.07564568 0.3173008 -0.4090586 0.08136641 0.2778764 -0.4338794 0.08630359 0.2357757 -0.4545215 0.09040951 0.1914045 -0.4707866 0.09364497 0.14519 -0.4825177 0.09597826 0.09757715 -0.4896015 0.09738743 0.04902458 -0.4919705 0.09785866 0 -0.4896015 0.09738743 -0.04902476 -0.4825177 0.09597826 -0.09757727 -0.4707865 0.09364485 -0.1451901 -0.4545215 0.09040951 -0.1914047 -0.4338793 0.08630353 -0.235776 -0.4090585 0.08136641 -0.2778765 -0.3802984 0.07564568 -0.317301 -0.3478758 0.06919634 -0.3536697 -0.3121027 0.06208068 -0.3866323 -0.2733243 0.05436712 -0.4158715 -0.2319133 0.04613 -0.4411056 -0.1882688 0.03744858 -0.4620916 -0.1428115 0.02840656 -0.4786274 -0.09597867 0.01909095 -0.4905538 -0.04822152 0.0095914 -0.4977558 -0.04704952 0.01427191 0.4977558 -0.09364557 0.02840667 0.4905537 -0.1393398 0.04226785 0.4786273 -0.183692 0.05572193 0.4620914 -0.2262752 0.06863939 0.4411054 -0.2666794 0.0808959 0.4158713 -0.3045151 0.09237325 0.3866322 -0.3394184 0.1029611 0.3536695 -0.3710527 0.1125572 0.3173008 -0.3991135 0.1210694 0.2778764 -0.4233309 0.1284156 0.2357757 -0.4434711 0.1345251 0.1914045 -0.4593408 0.1393392 0.14519 -0.4707867 0.1428111 0.09757715 -0.4776982 0.1449078 0.04902458 -0.4800097 0.145609 0 -0.4776982 0.1449078 -0.04902476 -0.4707867 0.1428111 -0.09757727 -0.4593407 0.1393391 -0.1451901 -0.4434711 0.1345251 -0.1914047 -0.4233308 0.1284156 -0.235776 -0.3991135 0.1210694 -0.2778765 -0.3710526 0.1125572 -0.317301 -0.3394182 0.102961 -0.3536697 -0.3045149 0.09237313 -0.3866323 -0.2666792 0.08089584 -0.4158715 -0.226275 0.06863933 -0.4411056 -0.1836916 0.05572181 -0.4620916 -0.1393395 0.04226773 -0.4786274 -0.09364521 0.02840656 -0.4905538 -0.04704916 0.01427179 -0.4977558 -0.04542404 0.01881486 0.4977558 -0.09041023 0.03744876 0.4905537 -0.1345258 0.05572199 0.4786273 -0.1773458 0.07345861 0.4620914 -0.2184577 0.09048771 0.4411054 -0.2574661 0.1066455 0.4158713 -0.2939945 0.1217761 0.3866322 -0.327692 0.1357341 0.3536695 -0.3582334 0.1483847 0.3173008 -0.3853248 0.1596063 0.2778764 -0.4087054 0.1692909 0.2357757 -0.4281499 0.177345 0.1914045 -0.4434713 0.1836915 0.14519 -0.4545218 0.1882686 0.09757715 -0.4611945 0.1910327 0.04902458 -0.4634261 0.191957 0 -0.4611945 0.1910327 -0.04902476 -0.4545218 0.1882686 -0.09757727 -0.4434711 0.1836914 -0.1451901 -0.4281499 0.177345 -0.1914047 -0.4087054 0.1692909 -0.235776 -0.3853247 0.1596063 -0.2778765 -0.3582333 0.1483847 -0.317301 -0.3276918 0.1357339 -0.3536697 -0.2939943 0.1217761 -0.3866323 -0.2574659 0.1066454 -0.4158715 -0.2184575 0.09048765 -0.4411056 -0.1773453 0.07345843 -0.4620916 -0.1345255 0.05572187 -0.4786274 -0.09040993 0.03744858 -0.4905538 -0.04542368 0.01881468 -0.4977558 -0.04336106 0.02317661 0.4977558 -0.08630424 0.04613018 0.4905537 -0.1284163 0.06863957 0.4786273 -0.1692915 0.09048777 0.4620914 -0.2085364 0.1114646 0.4411054 -0.2457732 0.1313681 0.4158713 -0.2806427 0.1500062 0.3866322 -0.3128098 0.1671999 0.3536695 -0.3419641 0.1827833 0.3173008 -0.3678252 0.1966062 0.2778764 -0.3901441 0.2085359 0.2357757 -0.4087054 0.2184571 0.1914045 -0.4233309 0.2262747 0.14519 -0.4338796 0.2319129 0.09757715 -0.4402492 0.2353178 0.04902458 -0.4423795 0.2364564 0 -0.4402492 0.2353178 -0.04902476 -0.4338796 0.2319129 -0.09757727 -0.4233307 0.2262746 -0.1451901 -0.4087054 0.2184571 -0.1914047 -0.3901439 0.2085359 -0.235776 -0.367825 0.1966062 -0.2778765 -0.341964 0.1827832 -0.317301 -0.3128097 0.1671997 -0.3536697 -0.2806425 0.1500061 -0.3866323 -0.245773 0.131368 -0.4158715 -0.2085362 0.1114645 -0.4411056 -0.1692911 0.09048759 -0.4620916 -0.128416 0.06863939 -0.4786274 -0.08630394 0.04613 -0.4905538 -0.04336076 0.02317637 -0.4977558 -0.04088056 0.02731513 0.4977558 -0.08136707 0.05436736 0.4905537 -0.12107 0.08089601 0.4786273 -0.1596069 0.1066455 0.4620914 -0.1966068 0.1313681 0.4411054 -0.2317134 0.1548255 0.4158713 -0.2645881 0.1767917 0.3866322 -0.294915 0.1970555 0.3536695 -0.3224015 0.2154214 0.3173008 -0.3467832 0.2317127 0.2778764 -0.3678252 0.2457725 0.2357757 -0.3853248 0.2574653 0.1914045 -0.3991136 0.2666789 0.14519 -0.4090588 0.2733238 0.09757715 -0.4150641 0.2773366 0.04902458 -0.4170725 0.2786786 0 -0.4150641 0.2773366 -0.04902476 -0.4090588 0.2733238 -0.09757727 -0.3991135 0.2666788 -0.1451901 -0.3853248 0.2574653 -0.1914047 -0.3678252 0.2457725 -0.235776 -0.3467831 0.2317126 -0.2778765 -0.3224014 0.2154214 -0.317301 -0.2949149 0.1970553 -0.3536697 -0.2645879 0.1767916 -0.3866323 -0.2317132 0.1548253 -0.4158715 -0.1966065 0.1313679 -0.4411056 -0.1596066 0.1066453 -0.4620916 -0.1210697 0.08089584 -0.4786274 -0.08136677 0.05436712 -0.4905538 -0.04088026 0.0273149 -0.4977558 -0.0380063 0.03119057 0.4977558 -0.07564628 0.06208091 0.4905537 -0.1125578 0.09237343 0.4786273 -0.1483852 0.1217762 0.4620914 -0.1827837 0.1500063 0.4411054 -0.215422 0.1767919 0.4158713 -0.2459854 0.2018746 0.3866322 -0.2741801 0.2250134 0.3536695 -0.2997341 0.245985 0.3173008 -0.3224015 0.2645877 0.2778764 -0.3419641 0.2806422 0.2357757 -0.3582333 0.293994 0.1914045 -0.3710526 0.3045147 0.14519 -0.3802987 0.3121025 0.09757715 -0.3858817 0.3166846 0.04902458 -0.3877489 0.3182169 0 -0.3858817 0.3166846 -0.04902476 -0.3802987 0.3121025 -0.09757727 -0.3710526 0.3045145 -0.1451901 -0.3582333 0.293994 -0.1914047 -0.341964 0.2806422 -0.235776 -0.3224014 0.2645876 -0.2778765 -0.2997339 0.2459849 -0.317301 -0.2741799 0.2250132 -0.3536697 -0.2459852 0.2018744 -0.3866323 -0.2154218 0.1767917 -0.4158715 -0.1827834 0.1500061 -0.4411056 -0.1483849 0.121776 -0.4620916 -0.1125575 0.09237319 -0.4786274 -0.07564604 0.06208068 -0.4905538 -0.038006 0.03119033 -0.4977558 -0.03476601 0.03476566 0.4977558 -0.06919699 0.06919664 0.4905537 -0.1029616 0.1029612 0.4786273 -0.1357345 0.1357342 0.4620914 -0.1672003 0.1671999 0.4411054 -0.197056 0.1970556 0.4158713 -0.2250137 0.2250133 0.3866322 -0.2508046 0.2508043 0.3536695 -0.2741799 0.2741796 0.3173008 -0.2949148 0.2949145 0.2778764 -0.3128097 0.3128092 0.2357757 -0.3276918 0.3276913 0.1914045 -0.3394182 0.3394179 0.14519 -0.347876 0.3478754 0.09757715 -0.3529831 0.3529826 0.04902458 -0.354691 0.3546906 0 -0.3529831 0.3529826 -0.04902476 -0.347876 0.3478754 -0.09757727 -0.3394181 0.3394177 -0.1451901 -0.3276918 0.3276913 -0.1914047 -0.3128097 0.3128092 -0.235776 -0.2949148 0.2949144 -0.2778765 -0.2741798 0.2741795 -0.317301 -0.2508045 0.2508041 -0.3536697 -0.2250135 0.2250131 -0.3866323 -0.1970558 0.1970554 -0.4158715 -0.1672001 0.1671997 -0.4411056 -0.1357342 0.1357339 -0.4620916 -0.1029614 0.102961 -0.4786274 -0.06919676 0.06919634 -0.4905538 -0.03476577 0.03476536 -0.4977558 -0.03119093 0.03800594 0.4977558 -0.06208133 0.07564592 0.4905537 -0.09237384 0.1125574 0.4786273 -0.1217767 0.1483848 0.4620914 -0.1500067 0.1827833 0.4411054 -0.1767923 0.2154216 0.4158713 -0.201875 0.245985 0.3866322 -0.2250137 0.2741797 0.3536695 -0.2459853 0.2997336 0.3173008 -0.2645881 0.3224011 0.2778764 -0.2806427 0.3419637 0.2357757 -0.2939944 0.3582328 0.1914045 -0.304515 0.3710523 0.14519 -0.3121032 0.3802981 0.09757715 -0.316685 0.3858813 0.04902458 -0.3182173 0.3877484 0 -0.316685 0.3858813 -0.04902476 -0.3121032 0.3802981 -0.09757727 -0.304515 0.3710522 -0.1451901 -0.2939945 0.3582328 -0.1914047 -0.2806426 0.3419636 -0.235776 -0.264588 0.322401 -0.2778765 -0.2459853 0.2997336 -0.317301 -0.2250136 0.2741795 -0.3536697 -0.2018749 0.2459849 -0.3866323 -0.1767921 0.2154214 -0.4158715 -0.1500065 0.1827831 -0.4411056 -0.1217764 0.1483846 -0.4620916 -0.0923736 0.1125572 -0.4786274 -0.06208109 0.07564562 -0.4905538 -0.03119075 0.03800559 -0.4977558 -0.02731549 0.04088014 0.4977558 -0.05436772 0.08136671 0.4905537 -0.08089643 0.1210697 0.4786273 -0.106646 0.1596065 0.4620914 -0.1313684 0.1966063 0.4411054 -0.1548259 0.2317129 0.4158713 -0.176792 0.2645877 0.3866322 -0.1970559 0.2949147 0.3536695 -0.2154217 0.3224011 0.3173008 -0.2317131 0.3467828 0.2778764 -0.245773 0.3678248 0.2357757 -0.2574657 0.3853244 0.1914045 -0.2666792 0.3991132 0.14519 -0.2733245 0.4090584 0.09757715 -0.277337 0.4150638 0.04902458 -0.2786789 0.4170721 0 -0.277337 0.4150638 -0.04902476 -0.2733245 0.4090584 -0.09757727 -0.2666791 0.3991131 -0.1451901 -0.2574658 0.3853243 -0.1914047 -0.245773 0.3678248 -0.235776 -0.2317131 0.3467827 -0.2778765 -0.2154217 0.3224011 -0.317301 -0.1970558 0.2949144 -0.3536697 -0.176792 0.2645875 -0.3866323 -0.1548258 0.2317127 -0.4158715 -0.1313682 0.1966062 -0.4411056 -0.1066457 0.1596062 -0.4620916 -0.08089619 0.1210694 -0.4786274 -0.05436754 0.08136636 -0.4905538 -0.02731531 0.04087984 -0.4977558 -0.02317696 0.04336071 0.4977558 -0.04613053 0.08630383 0.4905537 -0.06863993 0.1284159 0.4786273 -0.09048819 0.1692911 0.4620914 -0.111465 0.208536 0.4411054 -0.1313685 0.2457728 0.4158713 -0.1500066 0.2806423 0.3866322 -0.1672002 0.3128094 0.3536695 -0.1827836 0.3419637 0.3173008 -0.1966066 0.3678248 0.2778764 -0.2085363 0.3901436 0.2357757 -0.2184575 0.4087049 0.1914045 -0.226275 0.4233305 0.14519 -0.2319136 0.4338792 0.09757715 -0.2353181 0.4402489 0.04902458 -0.2364568 0.4423791 0 -0.2353181 0.4402489 -0.04902476 -0.2319136 0.4338792 -0.09757727 -0.226275 0.4233304 -0.1451901 -0.2184576 0.4087049 -0.1914047 -0.2085363 0.3901435 -0.235776 -0.1966066 0.3678247 -0.2778765 -0.1827834 0.3419636 -0.317301 -0.1672002 0.3128092 -0.3536697 -0.1500065 0.2806421 -0.3866323 -0.1313683 0.2457726 -0.4158715 -0.1114649 0.2085358 -0.4411056 -0.09048795 0.1692907 -0.4620916 -0.06863975 0.1284156 -0.4786274 -0.04613041 0.08630353 -0.4905538 -0.02317678 0.04336035 -0.4977558 -0.01881521 0.04542362 0.4977558 -0.03744912 0.09040987 0.4905537 -0.05572241 0.1345254 0.4786273 -0.07345902 0.1773453 0.4620914 -0.09048813 0.2184573 0.4411054 -0.1066459 0.2574657 0.4158713 -0.1217765 0.2939941 0.3866322 -0.1357344 0.3276916 0.3536695 -0.148385 0.3582329 0.3173008 -0.1596067 0.3853244 0.2778764 -0.1692913 0.4087051 0.2357757 -0.1773455 0.4281495 0.1914045 -0.1836917 0.4434709 0.14519 -0.1882692 0.4545214 0.09757715 -0.191033 0.4611942 0.04902458 -0.1919574 0.4634257 0 -0.191033 0.4611942 -0.04902476 -0.1882692 0.4545214 -0.09757727 -0.1836917 0.4434708 -0.1451901 -0.1773455 0.4281495 -0.1914047 -0.1692913 0.408705 -0.235776 -0.1596067 0.3853244 -0.2778765 -0.148385 0.3582329 -0.317301 -0.1357344 0.3276914 -0.3536697 -0.1217764 0.293994 -0.3866323 -0.1066458 0.2574654 -0.4158715 -0.09048801 0.2184571 -0.4411056 -0.07345879 0.1773449 -0.4620916 -0.05572223 0.1345251 -0.4786274 -0.037449 0.09040951 -0.4905538 -0.0188151 0.04542326 -0.4977558 -0.01427227 0.0470491 0.4977558 -0.02840703 0.09364521 0.4905537 -0.04226827 0.1393395 0.4786273 -0.05572235 0.1836916 0.4620914 -0.06863981 0.2262747 0.4411054 -0.08089631 0.2666791 0.4158713 -0.09237354 0.3045147 0.3866322 -0.1029614 0.339418 0.3536695 -0.1125575 0.3710523 0.3173008 -0.1210697 0.3991132 0.2778764 -0.128416 0.4233305 0.2357757 -0.1345254 0.4434708 0.1914045 -0.1393394 0.4593404 0.14519 -0.1428117 0.4707864 0.09757715 -0.1449081 0.4776979 0.04902458 -0.1456093 0.4800094 0 -0.1449081 0.4776979 -0.04902476 -0.1428117 0.4707864 -0.09757727 -0.1393394 0.4593403 -0.1451901 -0.1345255 0.4434707 -0.1914047 -0.128416 0.4233304 -0.235776 -0.1210697 0.3991131 -0.2778765 -0.1125575 0.3710522 -0.317301 -0.1029614 0.3394177 -0.3536697 -0.09237354 0.3045145 -0.3866323 -0.08089625 0.2666788 -0.4158715 -0.06863969 0.2262746 -0.4411056 -0.05572217 0.1836912 -0.4620916 -0.04226815 0.1393391 -0.4786274 -0.02840697 0.09364479 -0.4905538 -0.01427221 0.04704874 -0.4977558 -0.009591877 0.04822146 0.4977558 -0.01909136 0.09597861 0.4905537 -0.02840703 0.1428115 0.4786273 -0.03744906 0.1882688 0.4620914 -0.04613041 0.231913 0.4411054 -0.0543676 0.2733241 0.4158713 -0.06208109 0.3121026 0.3866322 -0.06919676 0.3478756 0.3536695 -0.07564598 0.3802981 0.3173008 -0.08136677 0.4090583 0.2778764 -0.08630394 0.433879 0.2357757 -0.09040993 0.4545212 0.1914045 -0.09364521 0.4707862 0.14519 -0.09597891 0.4825174 0.09757715 -0.09738773 0.4896012 0.04902458 -0.09785902 0.4919702 0 -0.09738773 0.4896012 -0.04902476 -0.09597891 0.4825174 -0.09757727 -0.09364521 0.470786 -0.1451901 -0.09040999 0.454521 -0.1914047 -0.08630394 0.4338789 -0.235776 -0.08136677 0.4090582 -0.2778765 -0.07564592 0.380298 -0.317301 -0.06919676 0.3478754 -0.3536697 -0.06208103 0.3121024 -0.3866323 -0.05436754 0.2733239 -0.4158715 -0.04613035 0.2319129 -0.4411056 -0.03744894 0.1882684 -0.4620916 -0.02840691 0.1428111 -0.4786274 -0.0190913 0.09597826 -0.4905538 -0.009591817 0.04822111 -0.4977558 -0.004819154 0.04892945 0.4977558 -0.009591877 0.09738773 0.4905537 -0.01427221 0.1449082 0.4786273 -0.0188151 0.1910329 0.4620914 -0.02317678 0.2353179 0.4411054 -0.02731531 0.277337 0.4158713 -0.03119069 0.3166847 0.3866322 -0.03476577 0.3529829 0.3536695 -0.03800594 0.3858814 0.3173008 -0.0408802 0.4150639 0.2778764 -0.04336076 0.440249 0.2357757 -0.04542362 0.4611942 0.1914045 -0.0470491 0.477698 0.14519 -0.0482217 0.4896016 0.09757715 -0.04892939 0.4967893 0.04902458 -0.04916626 0.499193 0 -0.04892939 0.4967893 -0.04902476 -0.0482217 0.4896016 -0.09757727 -0.04704916 0.4776979 -0.1451901 -0.04542374 0.4611942 -0.1914047 -0.04336076 0.440249 -0.235776 -0.0408802 0.4150638 -0.2778765 -0.03800588 0.3858814 -0.317301 -0.03476577 0.3529827 -0.3536697 -0.03119069 0.3166845 -0.3866323 -0.02731525 0.2773368 -0.4158715 -0.02317672 0.2353177 -0.4411056 -0.01881504 0.1910325 -0.4620916 -0.01427215 0.1449078 -0.4786274 -0.009591817 0.09738737 -0.4905538 -0.004819095 0.04892909 -0.4977558 0 0.4423791 0.2357757 -1.21238e-7 0.4919706 0.09757715 -1.21238e-7 0.4919706 -0.09757727 0 0.4634257 -0.1914047 0 0.2364563 -0.4411056 0 0.1919568 -0.4620916 0 0.0978586 -0.4905538 0 0.04916584 -0.4977558</float_array>
          <technique_common>
            <accessor source="#Sphere-mesh-positions-array" count="1986" stride="3">
              <param name="X" type="float"/>
              <param name="Y" type="float"/>
              <param name="Z" type="float"/>
            </accessor>
          </technique_common>
        </source>
        <source id="Sphere-mesh-normals">
          <float_array id="Sphere-mesh-normals-array" count="5958">-1.45615e-7 0.555527 -0.8314985 0.06216508 0.6311671 -0.7731518 0.0544511 0.5528507 -0.8314994 -1.30928e-7 0.9568378 0.2906225 0.09053927 0.9192683 0.3830779 0.09378767 0.9522306 0.2906213 0.04621696 0.4692634 -0.881848 -2.22358e-6 0.4715347 -0.8818476 0.09612953 0.9760141 0.1953347 -1.29095e-6 0.9807366 0.1953353 9.4725e-7 0.0992515 0.9950624 1.68264e-7 0 1 0.009727716 0.09877306 0.9950625 0.03754425 0.3812069 -0.9237271 -1.96164e-6 0.3830515 -0.923727 -1.66066e-6 0.9951722 0.0981456 0.09754538 0.9903798 0.09814655 0.01921278 0.1950791 0.9805994 -2.1125e-6 0.1960225 0.9805995 0.02851331 0.2895209 -0.956747 -1.4522e-7 0.2909221 -0.9567468 0.0980162 0.9951848 5.22618e-7 -4.28976e-6 1 -1.01902e-6 0.02851659 0.2895218 0.9567466 2.27897e-6 0.2909231 0.9567465 0.01921397 0.1950772 -0.9805997 -2.99389e-6 0.1960209 -0.9805998 0.09754431 0.9903801 -0.09814548 -1.97496e-6 0.9951721 -0.09814614 -1.72966e-6 0.3830519 0.9237269 0.03754532 0.381206 0.9237275 0.009727418 0.09877264 -0.9950625 3.31337e-6 0.09925049 -0.9950625 0.09613013 0.9760138 -0.1953355 -1.49272e-6 0.9807365 -0.1953359 -2.55985e-6 0.4715344 0.8818478 0.04621827 0.4692633 0.881848 0 0 -1 -2.08533e-6 0.9568371 -0.2906249 0.09378618 0.9522305 -0.2906222 -1.65257e-6 0.5555272 0.8314985 0.05445122 0.5528514 0.831499 0.09053748 0.9192683 -0.3830782 -4.00169e-6 0.9237152 -0.3830801 -1.69246e-6 0.6342211 0.7731518 0.0621643 0.6311665 0.7731524 0.08642101 0.8774545 -0.4718105 -1.68496e-6 0.8817002 -0.4718101 0.06928437 0.7034546 0.7073553 -2.89569e-7 0.7068589 0.7073546 0.08147293 0.827204 -0.5559639 -2.35562e-6 0.8312057 -0.5559651 0.07574093 0.7690134 0.6347298 -2.46934e-6 0.7727342 0.6347298 0.07574027 0.7690132 -0.6347301 -1.9091e-6 0.7727341 -0.6347301 -1.24565e-6 0.8312069 0.5559635 0.08147186 0.8272042 0.5559636 0.06928366 0.7034543 -0.7073556 -1.88253e-6 0.7068583 -0.7073553 -3.73394e-6 0.8816992 0.4718122 0.08641982 0.8774544 0.4718111 -1.7311e-6 0.6342204 -0.7731525 -3.5132e-6 0.9237151 0.3830801 0.1237305 0.6220344 0.773152 0.1802084 0.9059664 -0.3830795 0.1720119 0.864757 -0.4718128 0.1378998 0.6932765 0.7073552 0.1621603 0.8152343 -0.555965 0.1507518 0.7578865 0.6347297 0.150752 0.7578863 -0.6347301 0.16216 0.8152341 0.5559654 0.1379 0.6932757 -0.707356 0.1720123 0.8647575 0.4718118 0.1237305 0.622034 -0.7731524 0.180207 0.9059668 0.3830792 0.1083787 0.544852 -0.831499 0.1866706 0.9384526 0.2906216 0.09199249 0.4624743 -0.8818475 0.191331 0.9618921 0.195336 0.01936328 0.09734427 0.9950624 0.0747292 0.3756904 -0.9237275 0.1941487 0.9760499 0.09814751 0.03824156 0.192256 0.9805994 0.0567547 0.2853314 -0.9567471 0.1950894 0.9807856 0 0.0567559 0.2853337 0.9567463 0.03824353 0.1922546 -0.9805997 0.1941484 0.97605 -0.09814727 0.07473003 0.3756912 0.923727 0.0193597 0.09734344 -0.9950626 0.1913337 0.9618917 -0.1953356 0.09199285 0.4624742 0.8818475 0.1866685 0.9384532 -0.2906208 0.1083785 0.544853 0.8314982 0.2051896 0.6764219 0.7073547 0.224313 0.7394613 0.6347289 0.2243134 0.7394607 -0.6347294 0.241286 0.7954154 0.5559638 0.2051899 0.6764211 -0.7073554 0.2559442 0.8437333 0.4718121 0.1841046 0.6069121 -0.7731515 0.2681407 0.8839406 0.3830791 0.161261 0.5316058 -0.8314988 0.2777565 0.9156366 0.2906218 0.1368793 0.4512315 -0.8818471 0.284692 0.9385069 0.1953343 0.02881139 0.09497743 0.9950625 0.1111937 0.3665573 -0.9237271 0.2888837 0.9523202 0.09814566 0.05690169 0.187582 0.9805994 0.08444994 0.2783941 -0.9567471 0.2902834 0.9569408 0 0.08445024 0.2783964 0.9567464 0.05690288 0.1875801 -0.9805997 0.288883 0.9523203 -0.09814655 0.1111952 0.3665584 0.9237266 0.02881336 0.09497696 -0.9950624 0.2846934 0.938506 -0.1953359 0.1368796 0.4512315 0.8818471 0.2777545 0.9156372 -0.2906219 0.1612592 0.5316061 0.831499 0.2681401 0.8839402 -0.3830804 0.184104 0.6069117 0.7731521 0.2559448 0.8437333 -0.4718121 0.2412855 0.7954149 -0.5559644 0.318089 0.7679347 0.5559639 0.3374112 0.8145845 0.4718112 0.2705026 0.6530516 -0.7073556 0.2427054 0.5859432 -0.7731525 0.3534907 0.8534016 0.3830797 0.2125896 0.513239 -0.8314995 0.3661668 0.8840025 0.2906228 0.1804484 0.4356406 -0.8818479 0.3753119 0.9060823 0.1953357 0.03798198 0.0916959 0.9950624 0.1465869 0.353894 -0.9237269 0.3808354 0.9194192 0.09814691 0.07501596 0.1811016 0.9805992 0.1113328 0.2687773 -0.9567465 0.3826835 0.9238796 0 0.1113321 0.2687776 0.9567465 0.07501369 0.1811 -0.9805997 0.3808354 0.9194192 -0.09814691 0.1465869 0.3538928 0.9237274 0.03798437 0.09169536 -0.9950625 0.3753124 0.9060819 -0.1953361 0.1804479 0.4356415 0.8818475 0.3661656 0.8840031 -0.2906223 0.2125899 0.5132402 0.8314988 0.3534893 0.8534024 -0.3830796 0.2427056 0.5859439 0.7731518 0.3374132 0.8145834 -0.471812 0.2705035 0.6530513 0.7073556 0.3180885 0.7679343 -0.5559648 0.2957129 0.7139129 0.6347301 0.2957135 0.7139124 -0.6347303 0.4354357 0.814645 0.3830786 0.4510511 0.8438554 0.2906218 0.2618731 0.489931 -0.8314987 0.2222808 0.4158561 -0.8818475 0.462315 0.8649328 0.195336 0.04678434 0.08753192 0.9950625 0.1805676 0.3378204 -0.9237276 0.469121 0.8776633 0.0981459 0.09240657 0.1728761 0.9805993 0.1371403 0.2565699 -0.9567468 0.471397 0.8819211 0 0.1371405 0.2565705 0.9567466 0.09240335 0.1728755 -0.9805997 0.4691206 0.8776637 -0.09814512 0.1805692 0.3378211 0.9237271 0.04678404 0.08753091 -0.9950627 0.4623169 0.8649321 -0.1953353 0.2222797 0.4158558 0.881848 0.451051 0.8438556 -0.2906212 0.2618731 0.4899305 0.8314992 0.435435 0.8146448 -0.38308 0.298969 0.5593329 0.7731522 0.4156309 0.777589 -0.4718119 0.3332101 0.6233938 0.707355 0.3918281 0.7330588 -0.5559636 0.3642632 0.6814913 0.6347299 0.364265 0.6814905 -0.6347298 0.3918272 0.7330584 0.5559649 0.3332098 0.6233938 -0.7073553 0.4156304 0.7775897 0.4718109 0.2989691 0.559333 -0.7731522 0.5448669 0.8154536 0.1953345 0.5528889 0.8274548 0.09814608 0.1089057 0.1629872 0.9805992 0.2128131 0.3184964 -0.9237265 0.1616271 0.241893 -0.9567469 0.5555704 0.8314695 0 0.16163 0.2418944 0.956746 0.1089034 0.1629856 -0.9805997 0.5528879 0.8274554 -0.09814691 0.212813 0.3184965 0.9237264 0.05514055 0.08252376 -0.9950625 0.5448688 0.8154519 -0.1953364 0.2619705 0.3920676 0.8818472 0.5315912 0.7955815 -0.2906219 0.3086333 0.4619042 0.8314986 0.5131877 0.7680423 -0.3830792 0.3523534 0.5273357 0.7731521 0.4898463 0.7331058 -0.471812 0.3927096 0.5877318 0.7073547 0.4617937 0.6911226 -0.5559641 0.4293085 0.6425054 0.6347292 0.4293085 0.6425045 -0.63473 0.4617934 0.6911231 0.5559638 0.3927093 0.5877313 -0.7073552 0.4898468 0.7331057 0.4718115 0.3523538 0.5273354 -0.7731522 0.5131876 0.7680422 0.3830793 0.3086333 0.4619029 -0.8314995 0.5315915 0.7955812 0.2906219 0.2619708 0.3920674 -0.8818472 0.05513995 0.08252412 0.9950625 0.6313307 0.7692783 -0.09814602 0.18456 0.2248858 0.9567466 0.2430049 0.2961031 0.923727 0.06296408 0.07672184 -0.9950625 0.6221724 0.7581198 -0.1953353 0.2991375 0.3645007 0.881848 0.607012 0.7396457 -0.2906215 0.3524218 0.4294278 0.831499 0.585998 0.7140425 -0.3830793 0.4023459 0.4902592 0.7731518 0.5593445 0.6815623 -0.4718121 0.448427 0.5464083 0.7073551 0.527312 0.6425306 -0.5559645 0.4902173 0.5973313 0.6347301 0.4902179 0.5973308 -0.6347301 0.5273113 0.642531 0.5559648 0.4484263 0.5464081 -0.7073556 0.5593453 0.6815618 0.4718118 0.4023452 0.4902594 -0.7731521 0.5859984 0.714042 0.3830796 0.3524225 0.4294278 -0.8314988 0.6070131 0.7396447 0.2906218 0.299138 0.3645014 -0.8818476 0.622172 0.7581204 0.1953344 0.06296384 0.07672226 0.9950625 0.2430047 0.2961019 -0.9237274 0.6313313 0.7692778 0.09814524 0.1243543 0.1515272 0.9805997 0.1845586 0.2248852 -0.9567471 0.6343936 0.7730103 0 0.1243542 0.1515259 -0.9805999 0.6934844 0.6934866 -0.195335 0.6765876 0.6765854 -0.2906225 0.3928173 0.392817 0.8314983 0.6531646 0.6531662 -0.3830795 0.4484614 0.4484621 0.7731522 0.6234557 0.6234553 -0.471812 0.499825 0.4998239 0.707355 0.5877519 0.5877503 -0.5559653 0.546406 0.5464066 0.6347287 0.5464049 0.5464051 -0.6347309 0.5877512 0.5877516 0.5559646 0.4998247 0.4998234 -0.7073556 0.6234568 0.6234549 0.4718112 0.4484619 0.4484619 -0.7731519 0.6531651 0.6531659 0.3830792 0.3928162 0.3928166 -0.831499 0.6765878 0.6765854 0.2906222 0.3334253 0.333426 -0.8818473 0.6934847 0.6934865 0.1953344 0.07018238 0.07018113 0.9950624 0.2708581 0.2708583 -0.923727 0.7036936 0.7036923 0.09814542 0.1386094 0.1386089 0.9805993 0.2057126 0.2057126 -0.956747 0.7071058 0.7071078 0 0.2057135 0.2057138 0.9567465 0.1386079 0.1386078 -0.9805997 0.7036938 0.7036921 -0.09814548 0.2708576 0.270858 0.9237273 0.07018029 0.07018071 -0.9950625 0.3334256 0.3334247 0.8818477 0.7140417 0.5859993 -0.3830789 0.6815634 0.5593432 -0.471812 0.4902585 0.4023456 0.7731524 0.5464097 0.4484257 0.7073549 0.6425323 0.5273098 -0.5559647 0.5973324 0.4902169 0.6347294 0.5973311 0.4902181 -0.6347297 0.6425305 0.5273126 0.5559641 0.546409 0.4484254 -0.7073556 0.6815641 0.5593433 0.4718109 0.4902597 0.4023454 -0.7731519 0.7140421 0.585999 0.3830786 0.4294275 0.3524214 -0.8314994 0.7396464 0.6070107 0.2906222 0.3645009 0.299138 -0.8818479 0.7581184 0.6221745 0.1953343 0.07672464 0.0629642 0.9950622 0.2961025 0.2430049 -0.9237273 0.7692792 0.6313297 0.09814572 0.1515291 0.1243553 0.9805992 0.224885 0.184558 -0.9567472 0.7730095 0.6343945 0 0.2248857 0.1845598 0.9567466 0.1515265 0.1243543 -0.9805997 0.7692794 0.6313294 -0.09814584 0.296104 0.2430061 0.9237264 0.07671988 0.06296378 -0.9950627 0.7581186 0.6221737 -0.1953358 0.3645015 0.299139 0.8818473 0.7396467 0.60701 -0.2906228 0.4294281 0.3524228 0.8314985 0.6425058 0.4293081 -0.634729 0.6911222 0.4617936 0.5559647 0.5877313 0.3927087 -0.7073554 0.7331075 0.4898452 0.4718106 0.5273356 0.3523541 -0.7731519 0.7680414 0.5131883 0.38308 0.4619035 0.3086332 -0.831499 0.7955821 0.5315893 0.2906238 0.392068 0.261971 -0.8818469 0.8154519 0.5448694 0.1953345 0.08252435 0.05514085 0.9950624 0.3184964 0.2128125 -0.9237267 0.8274564 0.5528864 0.09814602 0.1629868 0.1089041 0.9805994 0.2418932 0.1616278 -0.9567467 0.8314691 0.5555711 0 0.2418922 0.161628 0.9567469 0.162985 0.1089035 -0.9805998 0.8274564 0.5528864 -0.09814602 0.3184955 0.2128123 0.923727 0.0825234 0.05514049 -0.9950625 0.8154519 0.5448691 -0.1953355 0.3920658 0.26197 0.8818481 0.7955819 0.5315898 -0.2906233 0.4619035 0.3086342 0.8314988 0.7680413 0.513189 -0.3830794 0.5273362 0.3523547 0.7731512 0.7331066 0.4898455 -0.4718116 0.587732 0.3927091 0.7073547 0.6911235 0.4617924 -0.5559641 0.6425046 0.4293075 0.6347306 0.5593336 0.2989694 -0.7731516 0.8146436 0.4354372 0.38308 0.4899308 0.2618728 -0.8314989 0.843856 0.451049 0.290623 0.4158561 0.2222796 -0.8818477 0.8649322 0.4623169 0.1953343 0.0875293 0.04678654 0.9950627 0.3378202 0.1805686 -0.9237276 0.877664 0.4691196 0.0981459 0.172876 0.09240442 0.9805995 0.2565693 0.1371389 -0.9567472 0.8819207 0.4713979 0 0.2565717 0.1371409 0.9567463 0.1728751 0.0924037 -0.9805998 0.8776643 0.4691194 -0.09814596 0.3378214 0.1805697 0.9237269 0.08753252 0.04678612 -0.9950625 0.8649321 0.462317 -0.195335 0.4158567 0.2222793 0.8818476 0.8438559 0.4510493 -0.2906233 0.4899303 0.2618731 0.8314991 0.8146439 0.4354375 -0.3830791 0.5593329 0.2989695 0.7731521 0.7775895 0.4156303 -0.4718114 0.6233944 0.3332096 0.7073548 0.7330582 0.3918271 -0.5559652 0.6814913 0.3642644 0.6347291 0.6814902 0.3642637 -0.6347308 0.733058 0.3918284 0.5559645 0.6233926 0.3332102 -0.7073562 0.77759 0.4156298 0.4718112 0.5132399 0.2125908 -0.8314987 0.435642 0.1804491 -0.881847 0.9060822 0.3753129 0.195334 0.09169477 0.03798186 0.9950626 0.3538929 0.1465871 -0.9237273 0.9194198 0.3808342 0.09814602 0.1811012 0.07501453 0.9805995 0.2687764 0.1113308 -0.9567469 0.9238793 0.3826841 0 0.2687774 0.1113318 0.9567466 0.1810998 0.07501417 -0.9805997 0.9194199 0.3808342 -0.09814602 0.3538935 0.1465881 0.923727 0.09169656 0.03798139 -0.9950624 0.9060822 0.3753125 -0.1953349 0.4356417 0.180448 0.8818475 0.8840034 0.3661643 -0.2906232 0.5132404 0.2125908 0.8314985 0.8534013 0.3534917 -0.3830794 0.5859444 0.2427049 0.7731518 0.8145842 0.3374114 -0.4718115 0.653052 0.2705028 0.7073553 0.7679348 0.3180881 -0.5559641 0.7139134 0.2957123 0.6347299 0.7139138 0.2957125 -0.6347293 0.7679339 0.3180896 0.5559646 0.6530516 0.2705034 -0.7073554 0.8145851 0.3374112 0.4718101 0.5859437 0.2427058 -0.7731519 0.853402 0.3534911 0.3830785 0.8840034 0.3661657 0.2906215 0.3665577 0.1111947 -0.9237269 0.2783954 0.08445042 -0.9567467 0.9569402 0.2902852 -8.64856e-7 0.1875814 0.05690222 0.9805995 0.2783963 0.08445042 0.9567464 0.1875807 0.05690205 -0.9805997 0.9523206 0.288882 -0.09814643 0.3665578 0.1111947 0.9237269 0.09497815 0.02881091 -0.9950624 0.9385062 0.2846938 -0.195335 0.4512309 0.13688 0.8818473 0.9156372 0.2777534 -0.2906231 0.5316056 0.1612619 0.8314988 0.8839405 0.2681414 -0.3830791 0.6069123 0.184104 0.7731516 0.8437337 0.2559435 -0.4718117 0.6764221 0.2051898 0.7073546 0.7954147 0.2412849 -0.555965 0.7394606 0.2243126 0.6347298 0.7394611 0.224312 -0.6347293 0.7954147 0.2412871 0.555964 0.6764215 0.2051899 -0.707355 0.8437345 0.2559421 0.4718111 0.6069118 0.1841048 -0.7731517 0.8839408 0.2681393 0.3830798 0.5316053 0.1612607 -0.8314992 0.915637 0.2777549 0.2906224 0.4512309 0.1368798 -0.8818474 0.9385063 0.2846941 0.1953339 0.09497845 0.02881109 0.9950624 0.9523208 0.2888815 0.09814578 0.0973435 0.01936292 -0.9950625 0.9618917 0.1913337 -0.195335 0.3756908 0.07473033 0.9237272 0.4624732 0.09199202 0.8818481 0.9384526 0.1866681 -0.2906233 0.5448525 0.1083776 0.8314987 0.9059667 0.1802092 -0.3830784 0.6220345 0.1237303 0.7731521 0.8647577 0.1720108 -0.471812 0.6932766 0.137901 0.7073549 0.8152344 0.1621587 -0.5559653 0.7578865 0.1507518 0.6347298 0.7578863 0.1507524 -0.6347301 0.8152356 0.1621596 0.5559633 0.6932753 0.1379008 -0.7073561 0.8647585 0.1720103 0.4718106 0.6220351 0.1237295 -0.7731517 0.9059666 0.1802073 0.3830797 0.5448523 0.1083769 -0.8314989 0.9384526 0.1866692 0.2906225 0.4624749 0.09199184 -0.8818473 0.961892 0.1913337 0.1953338 0.09734523 0.01936286 0.9950623 0.3756902 0.07472938 -0.9237276 0.9760504 0.1941472 0.0981459 0.1922549 0.03824192 0.9805997 0.2853308 0.05675625 -0.9567471 0.9807851 0.1950913 4.88095e-7 0.2853342 0.05675637 0.9567462 0.1922547 0.0382415 -0.9805998 0.9760503 0.1941481 -0.09814506 0.9192677 0.09054136 -0.3830785 0.6311672 0.06216335 0.7731518 0.8774536 0.08642059 -0.4718121 0.7034552 0.0692836 0.7073546 0.8272036 0.08147138 -0.5559647 0.7690138 0.07574021 0.6347295 0.7690141 0.07574099 -0.6347289 0.8272036 0.08147233 0.5559645 0.7034546 0.06928443 -0.7073553 0.8774539 0.08642071 0.4718117 0.6311669 0.06216412 -0.7731521 0.9192674 0.09053927 0.38308 0.5528511 0.05445045 -0.8314992 0.9522304 0.09378606 0.2906228 0.4692648 0.04621881 -0.8818472 0.9760141 0.09613078 0.1953341 0.09877383 0.009728372 0.9950624 0.3812066 0.03754502 -0.9237272 0.9903802 0.09754252 0.09814548 0.1950783 0.01921337 0.9805995 0.2895203 0.02851587 -0.9567471 0.9951846 0.09801846 0 0.289523 0.02851557 0.9567462 0.1950777 0.01921314 -0.9805996 0.9903802 0.09754258 -0.09814548 0.3812068 0.03754627 0.923727 0.09877175 0.009728372 -0.9950626 0.9760138 0.09613078 -0.1953355 0.4692652 0.04621857 0.8818471 0.9522302 0.0937857 -0.2906234 0.5528519 0.05444985 0.8314987 0.8816992 -6.1281e-7 -0.4718121 0.8312059 -8.76814e-7 -0.5559647 0.7727344 -1.14427e-6 0.6347297 0.7727346 -5.62917e-7 -0.6347295 0.8312065 5.6868e-7 0.5559639 0.706858 1.56976e-7 -0.7073555 0.8816996 -1.10663e-6 0.4718112 0.6342214 -2.79401e-7 -0.7731516 0.9237152 0 0.38308 0.5555262 -1.06566e-6 -0.831499 0.9568377 -3.27916e-7 0.2906229 0.4715349 0 -0.8818475 0.9807367 1.13561e-6 0.195334 0.09925079 0 0.9950625 0.3830509 -4.06054e-7 -0.9237273 0.9951722 -1.98743e-6 0.098145 0.1960226 -1.2975e-7 0.9805994 0.2909215 4.15169e-7 -0.956747 1 1.38212e-6 0 0.2909232 1.7967e-7 0.9567465 0.196021 0 -0.9805998 0.9951722 -1.78327e-6 -0.098145 0.38305 0 0.9237277 0.09924978 0 -0.9950627 0.9807366 1.89983e-6 -0.1953349 0.4715344 0 0.8818477 0.9568375 -1.2462e-6 -0.2906236 0.5555277 0 0.831498 0.9237154 1.13774e-6 -0.3830795 0.6342207 -1.42199e-6 0.7731521 0.7068584 -3.71635e-7 0.7073552 0.703455 -0.06928461 -0.7073547 0.827204 -0.0814718 0.5559641 0.8774538 -0.08642286 0.4718114 0.6311663 -0.06216496 -0.7731524 0.9192672 -0.09054028 0.3830799 0.5528513 -0.05445206 -0.8314989 0.9522303 -0.09378683 0.2906226 0.4692659 -0.04621869 -0.8818467 0.9760144 -0.0961281 0.1953335 0.09877324 -0.009728133 0.9950624 0.3812066 -0.03754585 -0.9237272 0.9903799 -0.0975458 0.0981459 0.1950789 -0.01921385 0.9805994 0.2895197 -0.02851521 -0.9567472 0.9951848 -0.0980159 0 0.2895218 -0.02851533 0.9567466 0.1950767 -0.01921355 -0.9805998 0.9903799 -0.09754562 -0.09814584 0.3812077 -0.03754591 0.9237267 0.09877288 -0.009728312 -0.9950625 0.9760142 -0.09612828 -0.1953347 0.4692645 -0.04621899 0.8818474 0.9522299 -0.09378862 -0.2906233 0.5528518 -0.05445104 0.8314988 0.9192678 -0.0905385 -0.3830789 0.6311669 -0.06216597 0.7731518 0.8774534 -0.0864219 -0.4718122 0.7034553 -0.06928443 0.7073545 0.8272034 -0.08147311 -0.5559648 0.7690136 -0.07574182 0.6347293 0.7690138 -0.07574158 -0.6347293 0.6220344 -0.123731 -0.7731519 0.5448521 -0.1083788 -0.8314988 0.9384523 -0.1866708 0.2906224 0.4624751 -0.09199148 -0.8818472 0.9618925 -0.1913313 0.1953338 0.097346 -0.0193628 0.9950622 0.3756908 -0.07473045 -0.9237272 0.9760499 -0.1941497 0.09814596 0.1922559 -0.03824239 0.9805995 0.2853322 -0.05675578 -0.9567467 0.9807855 -0.1950894 0 0.2853336 -0.05675625 0.9567463 0.1922545 -0.03824204 -0.9805997 0.9760499 -0.1941497 -0.09814596 0.3756915 -0.0747295 0.9237269 0.0973435 -0.0193628 -0.9950625 0.9618923 -0.1913315 -0.195335 0.4624745 -0.09199285 0.8818473 0.938452 -0.186671 -0.290623 0.5448532 -0.1083782 0.8314982 0.9059669 -0.1802068 -0.3830789 0.6220343 -0.1237314 0.7731519 0.864757 -0.1720121 -0.4718126 0.6932762 -0.137901 0.7073553 0.8152347 -0.1621609 -0.5559645 0.7578864 -0.1507538 0.6347295 0.7578864 -0.150754 -0.6347295 0.815235 -0.1621599 0.5559641 0.6932755 -0.137901 -0.707356 0.8647577 -0.1720126 0.4718112 0.9059661 -0.1802089 0.38308 0.09498208 -0.02881115 0.995062 0.3665568 -0.1111946 -0.9237273 0.938507 -0.2846916 0.195334 0.9523199 -0.2888849 0.09814584 0.1875807 -0.0569024 0.9805996 0.2783945 -0.08444929 -0.956747 0.9569407 -0.2902835 0 0.2783954 -0.08445006 0.9567466 0.1875807 -0.05690193 -0.9805997 0.9523198 -0.288885 -0.09814578 0.366558 -0.1111936 0.9237268 0.09497714 -0.02881067 -0.9950625 0.9385069 -0.2846915 -0.1953349 0.451232 -0.1368793 0.8818468 0.915636 -0.2777566 -0.2906234 0.5316066 -0.1612607 0.8314984 0.8839407 -0.2681397 -0.3830797 0.606911 -0.1841059 0.7731521 0.8437335 -0.2559442 -0.471812 0.6764217 -0.2051896 0.707355 0.7954143 -0.2412873 -0.5559647 0.739461 -0.2243136 0.634729 0.7394608 -0.2243139 -0.6347292 0.7954152 -0.2412855 0.5559642 0.676421 -0.2051899 -0.7073554 0.8437336 -0.2559451 0.4718112 0.6069111 -0.1841053 -0.7731522 0.8839399 -0.2681414 0.3830801 0.5316061 -0.1612617 -0.8314985 0.9156364 -0.2777561 0.2906228 0.4512313 -0.136879 -0.8818472 0.2687783 -0.1113314 0.9567464 0.2687767 -0.1113309 -0.9567469 0.1810992 -0.07501387 -0.9805999 0.9238798 -0.3826828 0 0.9194184 -0.3808379 -0.09814536 0.3538929 -0.146587 0.9237273 0.09169721 -0.03798145 -0.9950624 0.9060832 -0.3753101 -0.1953347 0.4356409 -0.1804483 0.8818477 0.8840017 -0.3661678 -0.2906237 0.5132404 -0.2125911 0.8314983 0.8534022 -0.3534899 -0.3830791 0.5859432 -0.2427069 0.7731519 0.8145837 -0.3374119 -0.4718121 0.6530525 -0.2705023 0.707355 0.7679331 -0.3180903 -0.5559651 0.7139136 -0.2957137 0.634729 0.7139137 -0.2957124 -0.6347294 0.767935 -0.318088 0.5559639 0.6530519 -0.2705034 -0.7073551 0.8145837 -0.3374134 0.4718111 0.5859437 -0.242706 -0.7731518 0.8534013 -0.3534911 0.38308 0.5132402 -0.2125908 -0.8314985 0.8840026 -0.3661662 0.2906232 0.4356418 -0.1804486 -0.8818472 0.9060833 -0.3753103 0.1953336 0.09169751 -0.03798168 0.9950623 0.3538932 -0.1465876 -0.9237271 0.9194183 -0.3808378 0.09814548 0.1811012 -0.07501477 0.9805995 0.4158568 -0.2222804 0.8818473 0.08753114 -0.04678648 -0.9950625 0.8649332 -0.4623147 -0.1953349 0.8438546 -0.4510512 -0.290624 0.489932 -0.2618731 0.8314981 0.8146451 -0.4354353 -0.3830789 0.5593327 -0.2989704 0.7731519 0.777589 -0.4156304 -0.4718123 0.6233938 -0.3332112 0.7073546 0.7330577 -0.3918286 -0.5559648 0.6814908 -0.3642658 0.6347289 0.6814916 -0.3642644 -0.6347288 0.7330588 -0.3918275 0.5559641 0.6233923 -0.3332121 -0.7073554 0.7775893 -0.4156311 0.4718111 0.5593326 -0.2989698 -0.7731521 0.814644 -0.4354359 0.383081 0.4899306 -0.2618731 -0.831499 0.8438548 -0.4510508 0.290624 0.4158571 -0.2222798 -0.8818473 0.8649333 -0.4623151 0.1953335 0.08752894 -0.04678666 0.9950627 0.3378211 -0.1805694 -0.9237271 0.8776628 -0.4691223 0.09814494 0.172876 -0.09240418 0.9805996 0.2565706 -0.1371397 -0.9567467 0.8819216 -0.4713963 0 0.2565721 -0.1371397 0.9567463 0.1728749 -0.09240365 -0.9805998 0.8776627 -0.4691223 -0.09814476 0.3378207 -0.1805698 0.9237271 0.4619036 -0.3086342 0.8314986 0.5273356 -0.3523543 0.7731519 0.7680425 -0.5131875 -0.3830789 0.7331057 -0.4898464 -0.471812 0.5877308 -0.3927105 0.707355 0.6911227 -0.4617931 -0.5559647 0.6425052 -0.4293081 0.6347296 0.6425058 -0.429309 -0.6347286 0.6911231 -0.4617938 0.5559635 0.5877304 -0.3927105 -0.7073553 0.7331064 -0.4898465 0.4718109 0.5273352 -0.3523542 -0.7731521 0.7680418 -0.5131882 0.3830795 0.4619039 -0.3086351 -0.8314982 0.7955806 -0.5315919 0.2906231 0.3920679 -0.2619701 -0.8818472 0.8154538 -0.5448667 0.1953343 0.08252239 -0.05514091 0.9950626 0.3184954 -0.2128123 -0.923727 0.8274548 -0.5528889 0.09814494 0.1629855 -0.1089043 0.9805997 0.2418924 -0.1616272 -0.956747 0.8314707 -0.5555687 0 0.2418947 -0.161628 0.9567462 0.1629859 -0.1089036 -0.9805996 0.8274549 -0.5528888 -0.09814465 0.3184956 -0.2128129 0.9237268 0.08252227 -0.05514055 -0.9950627 0.8154535 -0.5448671 -0.1953349 0.3920678 -0.2619711 0.8818469 0.7955808 -0.5315912 -0.2906239 0.5973321 -0.4902182 0.6347286 0.6425302 -0.5273119 -0.5559651 0.597331 -0.4902185 -0.6347295 0.6425309 -0.5273122 0.555964 0.5464082 -0.4484263 -0.7073556 0.6815623 -0.5593448 0.4718117 0.4902601 -0.4023455 -0.7731514 0.7140417 -0.5859991 0.3830791 0.4294276 -0.3524219 -0.8314991 0.7396449 -0.6070123 0.2906225 0.3645011 -0.299138 -0.8818478 0.7581208 -0.6221716 0.1953343 0.07672262 -0.0629642 0.9950625 0.2961024 -0.2430056 -0.9237271 0.7692772 -0.631332 0.09814536 0.1515246 -0.1243554 0.9805999 0.2248852 -0.1845582 -0.9567471 0.7730114 -0.6343923 0 0.2248873 -0.18456 0.9567462 0.1515272 -0.1243542 -0.9805997 0.7692772 -0.6313319 -0.09814512 0.296103 -0.2430047 0.9237271 0.07672291 -0.06296396 -0.9950624 0.7581204 -0.622172 -0.1953349 0.364501 -0.2991383 0.8818477 0.7396442 -0.6070126 -0.290624 0.4294281 -0.3524234 0.8314982 0.7140423 -0.5859985 -0.3830788 0.4902591 -0.4023455 0.7731521 0.681562 -0.5593449 -0.4718121 0.5464087 -0.4484273 0.7073547 0.5877515 -0.5877522 0.5559638 0.6234557 -0.6234561 0.4718111 0.4484621 -0.4484623 -0.7731515 0.6531652 -0.6531651 0.3830805 0.3928167 -0.3928173 -0.8314984 0.6765854 -0.6765871 0.2906237 0.333426 -0.333426 -0.881847 0.6934866 -0.6934848 0.1953338 0.07018089 -0.07018119 0.9950625 0.2708582 -0.2708587 -0.9237269 0.7036917 -0.7036942 0.09814512 0.1386097 -0.1386088 0.9805994 0.2057139 -0.2057126 -0.9567467 0.7071076 -0.7071061 0 0.2057135 -0.2057137 0.9567465 0.138607 -0.1386082 -0.9805998 0.7036919 -0.703694 -0.09814506 0.2708579 -0.2708581 0.9237272 0.07018226 -0.07018047 -0.9950624 0.6934866 -0.6934844 -0.195335 0.3334265 -0.3334261 0.8818468 0.676585 -0.6765874 -0.290624 0.3928178 -0.3928173 0.831498 0.6531665 -0.6531647 -0.3830789 0.4484619 -0.4484627 0.7731514 0.623455 -0.6234557 -0.4718123 0.4998244 -0.4998252 0.7073545 0.5877503 -0.5877518 -0.5559654 0.546406 -0.5464058 0.6347293 0.5464059 -0.5464051 -0.63473 0.4998244 -0.4998241 -0.7073552 0.586 -0.7140406 0.3830797 0.6070104 -0.7396462 0.2906232 0.3524221 -0.4294286 -0.8314986 0.2991394 -0.3645009 -0.8818475 0.622174 -0.758119 0.1953336 0.06296342 -0.07672226 0.9950625 0.2430043 -0.296103 -0.9237273 0.6313295 -0.7692794 0.09814524 0.1243569 -0.1515274 0.9805993 0.1845592 -0.2248857 -0.9567467 0.6343942 -0.7730097 0 0.18456 -0.2248867 0.9567464 0.1243537 -0.1515265 -0.9805998 0.6313294 -0.7692794 -0.09814506 0.2430045 -0.2961034 0.923727 0.06296437 -0.07672166 -0.9950625 0.6221737 -0.7581189 -0.1953352 0.2991387 -0.3645007 0.8818477 0.6070098 -0.7396463 -0.2906243 0.352423 -0.4294281 0.8314985 0.5859993 -0.7140417 -0.3830789 0.4023453 -0.4902597 0.7731519 0.5593436 -0.6815632 -0.4718117 0.448426 -0.5464094 0.7073549 0.5273106 -0.6425315 -0.5559648 0.4902182 -0.5973314 0.6347293 0.4902184 -0.597332 -0.6347287 0.5273107 -0.6425311 0.5559651 0.448427 -0.5464082 -0.7073553 0.5593435 -0.6815634 0.4718117 0.4023454 -0.4902594 -0.7731519 0.5448698 -0.8154518 0.1953337 0.5528874 -0.8274558 0.09814572 0.108904 -0.1629866 0.9805995 0.2128114 -0.3184958 -0.9237271 0.1616275 -0.2418917 -0.9567471 0.5555698 -0.83147 0 0.1616295 -0.2418939 0.9567462 0.1089032 -0.1629853 -0.9805999 0.5528874 -0.8274558 -0.09814578 0.2128126 -0.318497 0.9237264 0.05514287 -0.08252394 -0.9950624 0.5448697 -0.8154516 -0.1953351 0.2619714 -0.3920674 0.881847 0.5315889 -0.7955818 -0.2906247 0.3086349 -0.4619047 0.8314978 0.5131902 -0.7680408 -0.3830788 0.3523549 -0.5273361 0.7731512 0.4898459 -0.7331064 -0.4718115 0.3927094 -0.5877317 0.7073549 0.4617921 -0.6911227 -0.5559654 0.4293091 -0.6425059 0.6347283 0.4293088 -0.6425061 -0.6347282 0.4617942 -0.6911225 0.555964 0.3927099 -0.5877317 -0.7073546 0.4898447 -0.7331072 0.4718114 0.3523554 -0.5273348 -0.7731519 0.5131897 -0.7680408 0.3830794 0.3086347 -0.4619042 -0.8314982 0.5315894 -0.7955822 0.2906234 0.2619715 -0.3920666 -0.8818473 0.05514049 -0.08252441 0.9950625 0.1805692 -0.3378213 0.923727 0.2222797 -0.4158561 0.8818477 0.04678326 -0.08753126 -0.9950627 0.4623171 -0.8649318 -0.1953355 0.4510482 -0.843856 -0.2906245 0.2618734 -0.4899314 0.8314985 0.4354377 -0.8146441 -0.3830782 0.2989694 -0.5593335 0.7731517 0.4156295 -0.7775899 -0.4718118 0.3332099 -0.6233942 0.7073549 0.3918266 -0.7330584 -0.5559652 0.3642646 -0.6814908 0.6347295 0.3642649 -0.6814916 -0.6347286 0.3918286 -0.7330579 0.5559645 0.3332097 -0.6233935 -0.7073555 0.415629 -0.7775902 0.4718115 0.2989696 -0.5593331 -0.7731519 0.4354368 -0.8146441 0.3830794 0.2618741 -0.489932 -0.8314979 0.4510485 -0.8438559 0.2906242 0.2222802 -0.4158564 -0.8818475 0.4623174 -0.864932 0.1953337 0.04678183 -0.08753174 0.9950627 0.180569 -0.3378214 -0.923727 0.469121 -0.8776636 0.09814429 0.09240424 -0.1728764 0.9805994 0.1371407 -0.2565698 -0.9567468 0.4713952 -0.8819222 0 0.1371406 -0.2565711 0.9567465 0.09240204 -0.1728752 -0.9805999 0.469121 -0.8776636 -0.09814435 0.2427057 -0.5859447 0.7731513 0.3534922 -0.8534016 -0.3830785 0.3374109 -0.814584 -0.4718122 0.2705022 -0.6530525 0.7073549 0.3180877 -0.767934 -0.5559655 0.2957125 -0.7139145 0.6347284 0.2957133 -0.7139138 -0.6347289 0.3180896 -0.7679343 0.555964 0.2705032 -0.6530521 -0.707355 0.3374109 -0.8145847 0.4718112 0.2427046 -0.5859445 -0.7731517 0.3534921 -0.8534013 0.3830793 0.2125911 -0.5132402 -0.8314984 0.3661647 -0.8840028 0.2906244 0.1804495 -0.4356414 -0.8818474 0.3753126 -0.9060825 0.1953337 0.03798002 -0.0916962 0.9950625 0.1465881 -0.3538941 -0.9237267 0.3808357 -0.9194193 0.09814441 0.07501256 -0.1811012 0.9805995 0.1113314 -0.2687774 -0.9567467 0.3826821 -0.9238802 0 0.1113324 -0.2687777 0.9567464 0.0750119 -0.1811001 -0.9805999 0.3808357 -0.9194193 -0.09814441 0.1465875 -0.3538938 0.9237269 0.03797835 -0.09169542 -0.9950627 0.3753126 -0.9060819 -0.1953353 0.180448 -0.4356421 0.8818473 0.3661646 -0.8840029 -0.2906242 0.2125908 -0.5132403 0.8314984 0.2243126 -0.7394608 0.6347295 0.2243141 -0.739461 -0.6347289 0.2412869 -0.795414 0.5559651 0.2051907 -0.6764211 -0.7073552 0.2559426 -0.8437342 0.4718115 0.1841047 -0.6069117 -0.7731519 0.2681423 -0.88394 0.3830794 0.1612605 -0.531606 -0.8314989 0.2777542 -0.9156367 0.2906236 0.1368803 -0.4512308 -0.8818474 0.284694 -0.9385066 0.1953325 0.02881157 -0.09497755 0.9950625 0.111194 -0.3665571 -0.9237272 0.2888831 -0.9523205 0.098145 0.05689901 -0.1875818 0.9805997 0.08444947 -0.2783939 -0.9567472 0.2902837 -0.9569406 0 0.08445143 -0.2783958 0.9567464 0.05690026 -0.1875801 -0.9805999 0.2888831 -0.9523205 -0.098145 0.1111944 -0.3665579 0.9237268 0.0288099 -0.09497708 -0.9950625 0.2846936 -0.9385062 -0.1953347 0.136879 -0.4512316 0.8818472 0.2777535 -0.9156368 -0.2906239 0.1612614 -0.5316072 0.8314978 0.2681412 -0.883941 -0.383078 0.1841049 -0.6069115 0.7731518 0.2559428 -0.8437339 -0.471812 0.2051899 -0.676422 0.7073545 0.2412855 -0.7954147 -0.5559647 0.1621605 -0.815235 0.5559639 0.1720093 -0.8647581 0.4718116 0.1237305 -0.6220348 -0.7731516 0.1802089 -0.9059664 0.3830792 0.1083768 -0.544853 -0.8314985 0.1866676 -0.9384527 0.2906231 0.09199202 -0.4624738 -0.8818477 0.1913337 -0.9618921 0.1953333 0.01936304 -0.09734421 0.9950625 0.07472908 -0.3756901 -0.9237276 0.194149 -0.9760501 0.09814554 0.03823995 -0.1922559 0.9805996 0.05675536 -0.285332 -0.9567469 0.1950892 -0.9807856 0 0.05675852 -0.2853327 0.9567465 0.03824263 -0.1922549 -0.9805996 0.1941491 -0.97605 -0.09814554 0.07472902 -0.3756907 0.9237273 0.01936143 -0.0973432 -0.9950626 0.1913339 -0.9618918 -0.1953345 0.09199178 -0.4624738 0.8818479 0.1866682 -0.9384522 -0.2906244 0.1083782 -0.5448532 0.8314982 0.1802096 -0.9059665 -0.3830788 0.1237304 -0.6220354 0.7731512 0.172011 -0.8647576 -0.471812 0.137901 -0.6932761 0.7073554 0.1621592 -0.8152346 -0.555965 0.1507534 -0.7578875 0.6347283 0.1507538 -0.7578873 -0.6347286 0.1379016 -0.6932759 -0.7073554 0.0905413 -0.9192675 0.3830791 0.0937851 -0.9522304 0.2906229 0.0544508 -0.5528529 -0.831498 0.04621797 -0.4692654 -0.8818469 0.09613072 -0.9760143 0.1953337 0.009727478 -0.09877336 0.9950624 0.03754627 -0.3812078 -0.9237267 0.09754371 -0.9903802 0.09814494 0.01921159 -0.1950786 0.9805995 0.02851492 -0.2895203 -0.9567471 0.09801483 -0.995185 0 0.02851766 -0.2895224 0.9567463 0.01921236 -0.1950767 -0.9805998 0.09754371 -0.9903802 -0.09814494 0.03754639 -0.3812083 0.9237264 0.009732127 -0.09877288 -0.9950624 0.09613037 -0.9760138 -0.1953355 0.0462175 -0.4692645 0.8818474 0.09378457 -0.9522302 -0.290624 0.05445086 -0.5528521 0.8314986 0.09054166 -0.9192681 -0.3830776 0.06216418 -0.6311672 0.7731518 0.0864216 -0.8774538 -0.4718118 0.06928479 -0.7034551 0.7073547 0.08147138 -0.8272034 -0.5559649 0.07574111 -0.7690145 0.6347283 0.07574099 -0.7690148 -0.6347281 0.0814737 -0.8272037 0.5559641 0.06928437 -0.7034542 -0.7073556 0.08642047 -0.8774536 0.4718121 0.06216329 -0.6311677 -0.7731515 1.14394e-6 -0.9807367 0.195334 0 -0.9951722 0.09814411 -3.29867e-7 -0.1960225 0.9805994 -4.51105e-7 -0.2909213 -0.956747 -1.24939e-6 -1 0 -1.71413e-6 -0.2909229 0.9567466 -2.25144e-6 -0.1960213 -0.9805997 0 -0.9951722 -0.09814417 1.98749e-6 -0.3830519 0.9237268 9.339e-7 -0.09925031 -0.9950626 1.43797e-6 -0.9807366 -0.1953353 -1.05175e-6 -0.4715349 0.8818475 -1.15157e-6 -0.9568374 -0.290624 -6.88249e-7 -0.5555277 0.831498 1.34244e-6 -0.9237163 -0.3830777 0 -0.6342217 0.7731513 -1.08759e-6 -0.8816989 -0.4718127 -1.93244e-7 -0.706859 0.7073545 -1.3985e-6 -0.8312054 -0.5559654 -9.1292e-7 -0.7727352 0.6347285 -1.39406e-6 -0.7727351 -0.6347287 6.79323e-7 -0.8312063 0.5559642 2.26546e-7 -0.7068582 -0.7073554 -2.26918e-6 -0.8816993 0.4718118 -3.88197e-7 -0.6342209 -0.773152 3.17759e-7 -0.9237155 0.3830791 4.08902e-7 -0.5555267 -0.8314988 -1.77824e-6 -0.9568376 0.2906235 0 -0.4715344 -0.8818478 1.68612e-7 -0.09925132 0.9950624 7.94269e-7 -0.3830502 -0.9237276 -0.09754377 -0.9903802 -0.09814441 -0.02851718 -0.2895221 0.9567465 -0.03754466 -0.3812077 0.9237268 -0.009731352 -0.09877288 -0.9950624 -0.09612798 -0.9760141 -0.1953356 -0.04621803 -0.4692653 0.881847 -0.09378784 -0.9522298 -0.2906242 -0.05445158 -0.5528526 0.831498 -0.09053838 -0.9192682 -0.383078 -0.06216466 -0.6311666 0.7731522 -0.0864222 -0.8774531 -0.4718127 -0.06928521 -0.7034548 0.7073549 -0.08147281 -0.8272029 -0.5559655 -0.07574242 -0.7690141 0.6347286 -0.07574123 -0.7690139 -0.6347292 -0.08147174 -0.8272044 0.5559636 -0.0692836 -0.7034549 -0.707355 -0.08642244 -0.8774538 0.4718115 -0.06216353 -0.6311679 -0.7731513 -0.09053838 -0.9192675 0.3830799 -0.05445069 -0.5528526 -0.8314982 -0.09378731 -0.9522302 0.2906231 -0.04621845 -0.4692655 -0.8818468 -0.09612774 -0.9760145 0.1953336 -0.009727597 -0.09877341 0.9950624 -0.03754562 -0.3812078 -0.9237267 -0.09754377 -0.9903802 0.09814441 -0.01921319 -0.1950785 0.9805994 -0.02851581 -0.2895209 -0.9567468 -0.09801858 -0.9951847 0 -0.01921367 -0.1950768 -0.9805998 -0.1913301 -0.9618925 -0.1953349 -0.1866703 -0.938452 -0.2906236 -0.1083785 -0.544853 0.8314982 -0.180207 -0.905967 -0.3830786 -0.1237299 -0.6220353 0.7731513 -0.1720112 -0.8647575 -0.4718122 -0.1379016 -0.6932766 0.7073548 -0.1621604 -0.8152345 -0.5559647 -0.1507539 -0.7578869 0.6347289 -0.1507527 -0.7578877 -0.6347282 -0.1621593 -0.8152353 0.5559639 -0.1379006 -0.6932763 -0.7073552 -0.172012 -0.8647575 0.4718117 -0.1237304 -0.622035 -0.7731515 -0.1802065 -0.9059669 0.3830794 -0.1083778 -0.5448525 -0.8314986 -0.1866714 -0.9384521 0.2906228 -0.09199172 -0.4624748 -0.8818473 -0.1913304 -0.9618928 0.1953331 -0.01936346 -0.09734427 0.9950625 -0.07472902 -0.3756902 -0.9237276 -0.1941484 -0.9760502 0.09814482 -0.03824216 -0.1922559 0.9805994 -0.05675536 -0.285332 -0.9567468 -0.1950921 -0.980785 0 -0.0567578 -0.2853326 0.9567466 -0.03824466 -0.1922549 -0.9805995 -0.1941484 -0.9760502 -0.09814482 -0.07472938 -0.3756907 0.9237273 -0.01936346 -0.09734326 -0.9950625 -0.09199184 -0.4624739 0.8818477 -0.2681396 -0.8839409 -0.3830793 -0.255944 -0.8437336 -0.4718117 -0.184104 -0.6069119 0.7731518 -0.2051897 -0.6764217 0.7073549 -0.2412874 -0.795414 -0.555965 -0.2243126 -0.7394609 0.6347295 -0.2243138 -0.7394613 -0.6347286 -0.2412855 -0.7954152 0.5559641 -0.2051892 -0.6764213 -0.7073554 -0.2559455 -0.8437331 0.4718118 -0.184105 -0.6069117 -0.7731518 -0.2681402 -0.8839406 0.3830795 -0.1612613 -0.5316067 -0.8314982 -0.277757 -0.9156359 0.2906237 -0.136879 -0.4512302 -0.8818477 -0.2846914 -0.9385071 0.1953336 -0.02881121 -0.09497767 0.9950624 -0.1111946 -0.366557 -0.9237271 -0.288883 -0.9523205 0.09814411 -0.05690044 -0.1875818 0.9805995 -0.0844497 -0.2783946 -0.956747 -0.2902858 -0.95694 0 -0.08445101 -0.278396 0.9567465 -0.05690485 -0.1875805 -0.9805996 -0.288883 -0.9523205 -0.09814411 -0.1111944 -0.3665589 0.9237264 -0.02880787 -0.09497696 -0.9950627 -0.2846913 -0.938507 -0.1953344 -0.1368796 -0.4512317 0.881847 -0.2777569 -0.9156356 -0.2906245 -0.1612618 -0.5316067 0.831498 -0.3180893 -0.7679337 -0.5559649 -0.2957142 -0.713914 -0.6347282 -0.2957128 -0.7139146 0.6347281 -0.3180891 -0.7679352 0.5559631 -0.2705022 -0.653052 -0.7073553 -0.3374121 -0.8145846 0.4718106 -0.2427056 -0.5859439 -0.7731518 -0.3534893 -0.8534023 0.3830794 -0.2125906 -0.51324 -0.8314988 -0.3661667 -0.8840021 0.2906239 -0.1804492 -0.4356413 -0.8818474 -0.3753101 -0.9060833 0.1953341 -0.03798413 -0.09169638 0.9950623 -0.1465882 -0.3538932 -0.923727 -0.3808352 -0.9194195 0.09814476 -0.07501631 -0.1811012 0.9805994 -0.1113308 -0.2687757 -0.9567472 -0.3826842 -0.9238793 0 -0.1113315 -0.2687773 0.9567466 -0.07501423 -0.1810995 -0.9805998 -0.3808352 -0.9194195 -0.09814476 -0.1465868 -0.3538929 0.9237274 -0.0379756 -0.09169584 -0.9950627 -0.3753103 -0.9060829 -0.1953354 -0.1804475 -0.4356412 0.8818479 -0.3661676 -0.8840017 -0.2906241 -0.2125909 -0.5132408 0.8314981 -0.3534895 -0.8534026 -0.3830788 -0.2427065 -0.5859447 0.773151 -0.3374119 -0.814584 -0.4718118 -0.2705033 -0.6530526 0.7073545 -0.33321 -0.6233937 -0.7073552 -0.2989708 -0.5593326 -0.7731517 -0.4354352 -0.8146452 0.3830791 -0.2618743 -0.4899309 -0.8314984 -0.4510514 -0.8438547 0.2906233 -0.2222806 -0.4158572 -0.881847 -0.4623154 -0.8649331 0.1953342 -0.0467863 -0.08753204 0.9950624 -0.1805691 -0.3378213 -0.9237271 -0.4691219 -0.8776631 0.09814393 -0.09240818 -0.1728764 0.9805991 -0.1371407 -0.2565704 -0.9567466 -0.4713973 -0.8819211 0 -0.1371405 -0.256571 0.9567466 -0.0924015 -0.1728756 -0.9805998 -0.4691219 -0.8776631 -0.09814393 -0.1805701 -0.3378214 0.9237268 -0.04678404 -0.08753103 -0.9950627 -0.4623154 -0.8649328 -0.1953355 -0.2222805 -0.4158565 0.8818473 -0.4510511 -0.8438547 -0.2906237 -0.2618739 -0.4899312 0.8314985 -0.4354349 -0.8146456 -0.3830786 -0.2989706 -0.5593324 0.7731519 -0.41563 -0.777589 -0.4718126 -0.3332121 -0.6233927 0.7073552 -0.3918279 -0.7330575 -0.5559655 -0.3642649 -0.6814913 0.6347289 -0.3642656 -0.6814911 -0.6347287 -0.3918287 -0.7330579 0.5559645 -0.4156305 -0.7775894 0.4718113 -0.3086346 -0.4619038 -0.8314984 -0.2619702 -0.3920674 -0.8818475 -0.5448662 -0.8154542 0.195334 -0.05514001 -0.08252459 0.9950625 -0.2128112 -0.3184958 -0.9237272 -0.5528883 -0.8274552 0.09814518 -0.1089055 -0.1629866 0.9805994 -0.1616275 -0.2418918 -0.9567471 -0.5555701 -0.8314698 0 -0.1616279 -0.2418939 0.9567465 -0.1089022 -0.1629853 -0.9805999 -0.5528883 -0.8274552 -0.09814518 -0.2128115 -0.3184971 0.9237267 -0.05514037 -0.082524 -0.9950625 -0.544866 -0.8154541 -0.1953349 -0.2619709 -0.3920679 0.881847 -0.5315912 -0.7955809 -0.2906233 -0.3086354 -0.4619045 0.8314978 -0.5131875 -0.7680427 -0.3830783 -0.3523543 -0.5273357 0.7731518 -0.4898461 -0.7331055 -0.4718125 -0.3927099 -0.5877308 0.7073553 -0.4617936 -0.6911218 -0.5559653 -0.429308 -0.6425061 0.6347288 -0.4293091 -0.6425054 -0.6347287 -0.461794 -0.6911222 0.5559644 -0.3927094 -0.5877313 -0.7073552 -0.4898459 -0.7331064 0.4718114 -0.3523551 -0.5273355 -0.7731515 -0.5131875 -0.7680424 0.3830791 -0.5315914 -0.7955809 0.2906231 -0.1243544 -0.1515272 0.9805995 -0.2430053 -0.2961028 -0.9237271 -0.1845585 -0.2248859 -0.9567469 -0.6313311 -0.7692782 0.09814399 -0.6343944 -0.7730097 0 -0.1845597 -0.2248865 0.9567465 -0.1243566 -0.1515262 -0.9805995 -0.631331 -0.7692782 -0.09814405 -0.2430039 -0.2961035 0.9237272 -0.06296008 -0.07672166 -0.9950628 -0.6221713 -0.7581208 -0.1953353 -0.2991385 -0.3645007 0.8818477 -0.6070126 -0.7396442 -0.2906239 -0.3524228 -0.4294286 0.8314982 -0.5859978 -0.7140432 -0.3830784 -0.4023456 -0.4902594 0.7731518 -0.5593441 -0.6815623 -0.4718127 -0.4484266 -0.5464088 0.707355 -0.5273116 -0.6425302 -0.5559654 -0.4902178 -0.5973327 0.6347284 -0.4902173 -0.5973318 -0.6347297 -0.5273123 -0.6425303 0.5559645 -0.4484257 -0.5464091 -0.7073554 -0.5593445 -0.6815629 0.4718111 -0.4023452 -0.4902592 -0.7731522 -0.5859981 -0.7140426 0.3830789 -0.3524231 -0.4294286 -0.8314981 -0.6070128 -0.7396441 0.2906237 -0.2991381 -0.3645005 -0.8818479 -0.6221714 -0.7581211 0.195334 -0.06296408 -0.0767225 0.9950625 -0.2057132 -0.2057132 0.9567466 -0.2708578 -0.2708582 0.9237273 -0.1386094 -0.138608 -0.9805995 -0.07018095 -0.07018059 -0.9950625 -0.6934847 -0.6934864 -0.1953347 -0.3334261 -0.3334251 0.8818475 -0.6765876 -0.6765849 -0.2906239 -0.3928179 -0.3928178 0.8314976 -0.6531654 -0.6531662 -0.3830783 -0.448462 -0.4484612 0.7731523 -0.6234555 -0.6234551 -0.4718124 -0.4998244 -0.499824 0.7073554 -0.5877516 -0.5877503 -0.5559656 -0.5464056 -0.546407 0.6347287 -0.5464057 -0.5464066 -0.6347289 -0.5877519 -0.5877504 0.555965 -0.4998231 -0.4998251 -0.7073555 -0.6234561 -0.6234551 0.4718117 -0.4484627 -0.4484627 -0.773151 -0.6531651 -0.6531661 0.3830789 -0.3928171 -0.392817 -0.8314985 -0.6765874 -0.6765851 0.2906239 -0.333426 -0.3334258 -0.8818472 -0.6934849 -0.6934866 0.1953333 -0.07018041 -0.07018142 0.9950625 -0.2708586 -0.2708584 -0.9237269 -0.7036933 -0.7036928 0.09814417 -0.1386069 -0.138609 0.9805997 -0.2057116 -0.2057126 -0.9567471 -0.7071076 -0.7071061 0 -0.703693 -0.7036931 -0.09814411 -0.3645021 -0.2991394 0.8818469 -0.4294286 -0.3524222 0.8314985 -0.7140415 -0.5860001 -0.383078 -0.4902593 -0.4023458 0.7731519 -0.6815631 -0.5593435 -0.471812 -0.5464092 -0.4484269 0.7073546 -0.6425316 -0.5273098 -0.5559654 -0.5973318 -0.4902186 0.6347287 -0.5973318 -0.4902183 -0.6347289 -0.6425316 -0.5273106 0.5559646 -0.546408 -0.448427 -0.7073553 -0.6815621 -0.5593448 0.4718119 -0.4902595 -0.4023453 -0.773152 -0.7140415 -0.5859991 0.3830795 -0.4294287 -0.3524228 -0.8314983 -0.7396463 -0.6070099 0.2906241 -0.3645008 -0.2991377 -0.881848 -0.7581192 -0.622174 0.1953331 -0.07672291 -0.06296449 0.9950624 -0.2961028 -0.2430046 -0.9237272 -0.7692781 -0.631331 0.09814494 -0.1515255 -0.1243555 0.9805997 -0.2248843 -0.1845588 -0.9567471 -0.7730112 -0.6343925 0 -0.2248868 -0.1845592 0.9567465 -0.151526 -0.1243546 -0.9805998 -0.7692781 -0.6313311 -0.09814494 -0.2961037 -0.2430055 0.9237266 -0.07672363 -0.06296396 -0.9950624 -0.758119 -0.6221737 -0.1953347 -0.7396461 -0.6070102 -0.290624 -0.5273352 -0.352355 0.7731518 -0.5877315 -0.3927093 0.707355 -0.7331064 -0.489845 -0.4718123 -0.6911221 -0.4617931 -0.5559653 -0.6425057 -0.4293088 0.6347287 -0.6425063 -0.4293088 -0.634728 -0.6911231 -0.4617923 0.5559648 -0.5877302 -0.3927097 -0.7073559 -0.7331067 -0.489847 0.4718098 -0.5273362 -0.3523547 -0.7731512 -0.768041 -0.5131901 0.3830782 -0.4619042 -0.3086336 -0.8314986 -0.795582 -0.5315892 0.2906242 -0.3920681 -0.2619706 -0.881847 -0.8154518 -0.5448699 0.1953336 -0.08252853 -0.05514115 0.9950621 -0.3184956 -0.2128119 -0.923727 -0.8274553 -0.5528882 0.098145 -0.1629858 -0.1089043 0.9805995 -0.241892 -0.1616277 -0.956747 -0.8314706 -0.5555688 0 -0.241894 -0.1616277 0.9567465 -0.1629835 -0.1089034 -0.9806001 -0.8274552 -0.5528882 -0.09814506 -0.3184964 -0.212812 0.9237268 -0.08252507 -0.05514073 -0.9950624 -0.8154515 -0.5448699 -0.1953347 -0.3920664 -0.2619704 0.8818477 -0.7955817 -0.5315896 -0.2906239 -0.4619048 -0.3086346 0.8314979 -0.7680408 -0.5131903 -0.3830783 -0.681491 -0.3642654 0.6347289 -0.7330585 -0.3918271 0.5559647 -0.6233928 -0.3332113 -0.7073554 -0.7775904 -0.4156295 0.4718107 -0.5593331 -0.2989698 -0.7731517 -0.8146439 -0.4354376 0.3830791 -0.4899314 -0.2618743 -0.8314981 -0.8438557 -0.4510487 0.2906244 -0.4158571 -0.2222801 -0.8818472 -0.8649321 -0.4623175 0.1953332 -0.08753365 -0.04678666 0.9950623 -0.3378209 -0.1805691 -0.9237272 -0.877664 -0.4691202 0.09814375 -0.1728763 -0.0924046 0.9805994 -0.2565706 -0.1371394 -0.9567467 -0.8819213 -0.4713967 0 -0.2565715 -0.1371403 0.9567465 -0.1728733 -0.0924037 -0.9806 -0.8776639 -0.4691202 -0.09814375 -0.3378221 -0.1805694 0.9237266 -0.08753108 -0.04678642 -0.9950625 -0.8649318 -0.4623178 -0.1953345 -0.4158571 -0.2222795 0.8818473 -0.8438557 -0.4510489 -0.2906245 -0.4899313 -0.2618744 0.8314982 -0.814644 -0.4354377 -0.3830784 -0.5593325 -0.2989708 0.7731519 -0.7775896 -0.4156296 -0.471812 -0.6233934 -0.3332105 0.7073554 -0.7330573 -0.3918282 -0.5559656 -0.6814908 -0.3642645 -0.6347296 -0.8534013 -0.3534916 0.3830796 -0.513239 -0.2125914 -0.8314992 -0.8840027 -0.3661651 0.2906242 -0.4356417 -0.1804489 -0.8818472 -0.9060824 -0.3753125 0.1953337 -0.09169715 -0.03798192 0.9950624 -0.3538929 -0.1465873 -0.9237272 -0.9194197 -0.3808346 0.09814518 -0.1811004 -0.07501429 0.9805995 -0.2687759 -0.1113302 -0.9567472 -0.9238789 -0.3826852 0 -0.2687777 -0.1113312 0.9567465 -0.1810989 -0.07501381 -0.9805999 -0.9194197 -0.3808346 -0.09814524 -0.3538948 -0.1465882 0.9237264 -0.09169691 -0.03798168 -0.9950624 -0.9060821 -0.3753126 -0.1953347 -0.4356422 -0.1804488 0.881847 -0.8840029 -0.3661645 -0.2906244 -0.5132398 -0.2125908 0.8314988 -0.8534021 -0.3534911 -0.383078 -0.5859432 -0.2427071 0.7731519 -0.8145844 -0.337411 -0.4718115 -0.6530526 -0.2705033 0.7073545 -0.7679343 -0.3180889 -0.5559644 -0.7139138 -0.2957138 0.6347286 -0.7139144 -0.295713 -0.6347283 -0.7679345 -0.3180884 0.5559646 -0.6530513 -0.2705036 -0.7073554 -0.814584 -0.3374126 0.4718111 -0.5859441 -0.2427062 -0.7731516 -0.9385064 -0.2846941 0.195333 -0.09497988 -0.02881103 0.9950622 -0.3665572 -0.1111939 -0.9237271 -0.9523209 -0.2888814 0.09814554 -0.1875813 -0.05690234 0.9805995 -0.2783951 -0.08445006 -0.9567468 -0.95694 -0.2902857 0 -0.278396 -0.08444988 0.9567465 -0.1875815 -0.05690193 -0.9805995 -0.9523209 -0.2888814 -0.0981456 -0.3665568 -0.1111939 0.9237273 -0.09497874 -0.02881085 -0.9950624 -0.9385061 -0.2846943 -0.1953342 -0.4512304 -0.1368795 0.8818476 -0.9156365 -0.277754 -0.2906243 -0.5316072 -0.1612614 0.8314979 -0.8839406 -0.2681415 -0.3830785 -0.6069115 -0.1841059 0.7731517 -0.8437339 -0.2559437 -0.4718116 -0.6764212 -0.2051903 0.7073552 -0.7954143 -0.2412858 -0.5559652 -0.7394619 -0.2243131 0.6347281 -0.7394614 -0.2243124 -0.634729 -0.7954149 -0.241285 0.5559648 -0.676421 -0.2051908 -0.7073553 -0.8437345 -0.2559447 0.4718098 -0.6069115 -0.1841053 -0.7731518 -0.8839405 -0.2681415 0.383079 -0.531606 -0.1612609 -0.8314988 -0.9156367 -0.2777543 0.2906234 -0.4512311 -0.1368797 -0.8818472 -0.9807852 -0.1950907 0 -0.2853333 -0.0567559 0.9567464 -0.1922541 -0.03824186 -0.9805998 -0.9760506 -0.1941468 -0.0981453 -0.3756915 -0.0747289 0.923727 -0.09734433 -0.0193628 -0.9950625 -0.9618915 -0.1913352 -0.1953343 -0.4624738 -0.09199118 0.8818479 -0.9384522 -0.1866685 -0.2906242 -0.5448534 -0.1083789 0.8314979 -0.9059665 -0.1802095 -0.3830787 -0.6220343 -0.1237312 0.7731521 -0.8647578 -0.1720114 -0.4718115 -0.6932768 -0.1379013 0.7073546 -0.8152343 -0.1621598 -0.5559651 -0.7578869 -0.1507534 0.634729 -0.7578871 -0.1507526 -0.634729 -0.8152345 -0.1621588 0.5559652 -0.6932759 -0.1379014 -0.7073554 -0.8647584 -0.1720108 0.4718105 -0.6220352 -0.1237305 -0.7731515 -0.9059665 -0.1802088 0.3830793 -0.5448523 -0.1083781 -0.8314988 -0.9384525 -0.1866675 0.2906241 -0.4624739 -0.09199184 -0.8818478 -0.961892 -0.1913344 0.1953331 -0.09734386 -0.01936292 0.9950625 -0.375691 -0.07472908 -0.9237272 -0.9760504 -0.1941471 0.0981453 -0.1922551 -0.03824216 0.9805996 -0.2853305 -0.05675548 -0.9567472 -0.9760141 -0.09613066 -0.1953343 -0.4692648 -0.04621827 0.8818473 -0.09877294 -0.009728193 -0.9950625 -0.9522299 -0.09378528 -0.2906244 -0.5528526 -0.05445188 0.8314981 -0.9192677 -0.09054243 -0.3830785 -0.6311667 -0.06216526 0.7731522 -0.8774538 -0.08642196 -0.4718117 -0.7034552 -0.0692839 0.7073547 -0.827203 -0.0814715 -0.5559657 -0.7690142 -0.0757417 0.6347286 -0.7690131 -0.07574146 -0.6347301 -0.8272033 -0.08147126 0.5559651 -0.7034545 -0.06928443 -0.7073553 -0.8774542 -0.08642131 0.471811 -0.6311671 -0.06216359 -0.7731518 -0.9192676 -0.09054201 0.3830786 -0.5528521 -0.0544508 -0.8314985 -0.95223 -0.0937854 0.2906243 -0.4692642 -0.04621762 -0.8818475 -0.9760143 -0.09613049 0.1953333 -0.0987727 -0.009728312 0.9950625 -0.3812066 -0.03754478 -0.9237272 -0.9903803 -0.09754276 0.09814405 -0.1950793 -0.01921349 0.9805993 -0.2895218 -0.02851504 -0.9567466 -0.9951847 -0.09801775 0 -0.2895238 -0.02851593 0.9567459 -0.1950768 -0.01921379 -0.9805998 -0.9903804 -0.0975424 -0.09814411 -0.3812087 -0.03754544 0.9237263 -0.9237158 -1.16392e-6 -0.3830785 -0.555527 -2.20498e-7 0.8314985 -0.6342208 -7.22289e-7 0.7731519 -0.8816991 7.92488e-7 -0.4718122 -0.7068589 1.46571e-7 0.7073546 -0.8312057 9.04772e-7 -0.555965 -0.7727357 0 0.6347281 -0.7727347 -6.50045e-7 -0.6347292 -0.831206 4.75291e-7 0.5559647 -0.7068578 -7.09962e-7 -0.7073557 -0.8816996 4.00409e-7 0.4718111 -0.6342217 6.58685e-7 -0.7731513 -0.9237157 -1.34839e-6 0.3830788 -0.5555275 0 -0.8314982 -0.9568374 8.68888e-7 0.290624 -0.4715353 0 -0.8818473 -0.9807369 -1.96768e-6 0.1953338 -0.09925115 1.34622e-7 0.9950624 -0.3830518 2.21293e-7 -0.9237269 -0.9951723 6.66644e-7 0.09814381 -0.1960228 0 0.9805994 -0.2909219 0 -0.9567468 -1 -1.3845e-6 0 -0.2909222 0 0.9567467 -0.1960212 -1.47119e-7 -0.9805997 -0.9951723 6.63072e-7 -0.09814381 -0.3830507 0 0.9237274 -0.09925007 0 -0.9950625 -0.9807367 -2.15933e-6 -0.1953344 -0.4715334 0 0.8818482 -0.9568373 1.25215e-6 -0.2906242 -0.8774535 0.0864222 -0.471812 -0.8272033 0.08147257 -0.5559649 -0.7690138 0.07574087 0.6347292 -0.7690137 0.07574087 -0.6347293 -0.8272029 0.08147341 0.5559653 -0.7034543 0.06928312 -0.7073556 -0.8774541 0.08642196 0.4718111 -0.6311675 0.06216382 -0.7731516 -0.9192679 0.09053874 0.3830788 -0.5528518 0.05445045 -0.8314987 -0.9522297 0.09378784 0.2906244 -0.4692642 0.04621809 -0.8818476 -0.9760145 0.09612786 0.1953334 -0.09877496 0.00972855 0.9950623 -0.381207 0.03754556 -0.923727 -0.99038 0.09754604 0.09814375 -0.1950787 0.01921367 0.9805995 -0.2895205 0.02851521 -0.956747 -0.9951848 0.09801703 0 -0.2895224 0.02851605 0.9567465 -0.195077 0.01921343 -0.9805998 -0.99038 0.09754604 -0.09814375 -0.3812077 0.03754568 0.9237267 -0.09877252 0.009728252 -0.9950625 -0.9760144 0.09612786 -0.1953343 -0.4692648 0.04621869 0.8818473 -0.9522296 0.09378784 -0.2906246 -0.5528532 0.05445098 0.8314977 -0.9192681 0.09053915 -0.3830785 -0.6311669 0.06216394 0.773152 -0.7034546 0.0692842 0.7073553 -0.6932759 0.1379001 -0.7073557 -0.8647578 0.1720118 0.4718115 -0.6220356 0.1237299 -0.7731512 -0.9059669 0.1802064 0.3830793 -0.5448525 0.1083766 -0.8314989 -0.9384518 0.1866708 0.290624 -0.4624742 0.09199124 -0.8818476 -0.9618927 0.1913309 0.1953332 -0.0973457 0.01936292 0.9950624 -0.3756912 0.07473009 -0.923727 -0.9760503 0.1941491 0.09814399 -0.1922556 0.03824228 0.9805995 -0.2853323 0.05675572 -0.9567468 -0.9807857 0.195088 0 -0.2853337 0.05675643 0.9567463 -0.1922543 0.03824174 -0.9805998 -0.9760503 0.1941491 -0.09814399 -0.3756911 0.07472985 0.9237271 -0.09734344 0.01936286 -0.9950625 -0.9618924 0.1913309 -0.1953344 -0.4624735 0.09199172 0.881848 -0.9384518 0.1866707 -0.2906242 -0.544853 0.1083771 0.8314984 -0.9059671 0.1802069 -0.3830786 -0.6220344 0.1237294 0.7731522 -0.8647575 0.1720113 -0.471812 -0.6932767 0.1379002 0.7073549 -0.8152347 0.1621604 -0.5559645 -0.7578876 0.150752 0.6347284 -0.7578869 0.1507523 -0.6347293 -0.8152346 0.1621611 0.5559645 -0.5316054 0.1612601 -0.8314992 -0.8839411 0.268139 0.3830792 -0.9156359 0.2777568 0.2906237 -0.4512291 0.136879 -0.8818483 -0.9385073 0.2846913 0.1953331 -0.09497404 0.02881127 0.9950628 -0.366557 0.1111944 -0.9237272 -0.95232 0.2888847 0.09814435 -0.1875819 0.05690252 0.9805995 -0.2783945 0.08445 -0.9567469 -0.9569407 0.2902835 0 -0.2783964 0.08445054 0.9567464 -0.1875802 0.05690175 -0.9805998 -0.95232 0.2888846 -0.09814435 -0.3665577 0.1111946 0.9237269 -0.09497714 0.02881091 -0.9950625 -0.9385069 0.2846916 -0.1953343 -0.45123 0.13688 0.8818476 -0.915636 0.2777565 -0.2906239 -0.5316057 0.1612606 0.8314989 -0.8839411 0.2681393 -0.3830789 -0.6069118 0.1841038 0.7731519 -0.8437339 0.2559437 -0.4718117 -0.6764218 0.2051899 0.7073547 -0.7954146 0.2412868 -0.5559644 -0.7394618 0.2243124 0.6347284 -0.739461 0.2243123 -0.6347294 -0.7954143 0.2412876 0.5559644 -0.676421 0.2051894 -0.7073556 -0.8437339 0.255944 0.4718114 -0.606912 0.1841051 -0.7731515 -0.5132393 0.2125915 -0.8314989 -0.4356415 0.180449 -0.8818473 -0.9060837 0.3753095 0.1953336 -0.09169358 0.0379821 0.9950627 -0.3538936 0.1465878 -0.9237269 -0.9194189 0.3808369 0.09814405 -0.181101 0.07501471 0.9805994 -0.2687779 0.1113315 -0.9567464 -0.9238801 0.3826822 0 -0.2687779 0.1113319 0.9567464 -0.1810998 0.07501405 -0.9805998 -0.9194189 0.3808367 -0.09814405 -0.3538942 0.1465881 0.9237266 -0.09169566 0.03798133 -0.9950625 -0.9060832 0.3753099 -0.1953348 -0.4356403 0.180449 0.8818479 -0.8840021 0.3661671 -0.2906237 -0.5132406 0.2125911 0.8314982 -0.8534028 0.3534896 -0.3830783 -0.5859442 0.2427049 0.7731519 -0.814584 0.3374114 -0.471812 -0.6530519 0.2705032 0.7073551 -0.7679342 0.3180891 -0.5559644 -0.7139146 0.2957127 0.6347283 -0.7139142 0.2957132 -0.6347286 -0.7679339 0.3180901 0.5559642 -0.6530516 0.2705017 -0.7073559 -0.8145843 0.3374114 0.4718115 -0.5859438 0.2427055 -0.7731521 -0.8534024 0.3534896 0.3830792 -0.884002 0.3661673 0.2906236 -0.1728753 0.09240442 0.9805996 -0.3378211 0.1805698 -0.9237269 -0.2565706 0.1371395 -0.9567467 -0.8819223 0.471395 0 -0.2565706 0.1371402 0.9567467 -0.1728745 0.09240359 -0.9805998 -0.8776628 0.4691223 -0.09814393 -0.3378224 0.18057 0.9237264 -0.08753114 0.04678648 -0.9950625 -0.8649333 0.4623146 -0.1953349 -0.4158566 0.2222799 0.8818475 -0.8438547 0.4510513 -0.2906239 -0.4899312 0.261873 0.8314987 -0.8146456 0.4354353 -0.3830782 -0.5593336 0.2989697 0.7731515 -0.7775892 0.4156303 -0.4718121 -0.6233934 0.3332111 0.707355 -0.7330576 0.3918282 -0.5559651 -0.6814925 0.364264 0.6347282 -0.6814907 0.3642649 -0.6347295 -0.7330578 0.3918285 0.5559647 -0.6233932 0.3332096 -0.7073559 -0.7775898 0.4156302 0.4718111 -0.5593338 0.2989694 -0.7731514 -0.8146451 0.4354354 0.3830792 -0.4899302 0.2618738 -0.8314989 -0.8438548 0.4510511 0.2906237 -0.4158567 0.2222793 -0.8818476 -0.8649336 0.4623148 0.1953331 -0.08753126 0.04678672 0.9950625 -0.8776629 0.4691224 0.09814393 -0.3184964 0.2128126 0.9237266 -0.1629847 0.1089035 -0.9805999 -0.08252495 0.05514073 -0.9950625 -0.8154539 0.5448664 -0.1953349 -0.3920658 0.2619702 0.8818481 -0.7955807 0.5315911 -0.290624 -0.4619042 0.3086346 0.8314982 -0.7680425 0.5131879 -0.3830783 -0.5273351 0.3523538 0.7731524 -0.7331057 0.4898465 -0.471812 -0.5877306 0.3927103 0.7073552 -0.6911227 0.4617932 -0.5559644 -0.6425068 0.4293075 0.6347284 -0.6425057 0.4293087 -0.6347287 -0.6911224 0.4617939 0.5559644 -0.5877308 0.3927093 -0.7073556 -0.7331063 0.4898456 0.4718119 -0.5273355 0.3523547 -0.7731517 -0.7680419 0.513188 0.3830797 -0.4619031 0.308634 -0.831499 -0.7955805 0.5315917 0.2906238 -0.3920671 0.2619699 -0.8818477 -0.815454 0.5448667 0.1953333 -0.08252573 0.05514127 0.9950623 -0.3184962 0.2128127 -0.9237267 -0.8274547 0.5528892 0.09814447 -0.1629843 0.1089041 0.9805998 -0.2418934 0.1616275 -0.9567466 -0.8314704 0.5555691 0 -0.2418923 0.1616279 0.9567469 -0.8274546 0.5528894 -0.09814447 -0.4294289 0.352423 0.8314979 -0.7140428 0.5859982 -0.3830783 -0.4902591 0.4023449 0.7731524 -0.6815624 0.5593444 -0.4718119 -0.5464085 0.4484267 0.7073551 -0.6425308 0.5273107 -0.5559655 -0.5973328 0.4902182 0.6347281 -0.5973308 0.4902185 -0.6347297 -0.6425307 0.5273123 0.5559642 -0.5464085 0.448426 -0.7073556 -0.681564 0.5593441 0.4718101 -0.4902592 0.4023454 -0.7731521 -0.7140426 0.5859984 0.3830786 -0.4294275 0.3524229 -0.8314988 -0.7396438 0.6070128 0.2906243 -0.3645018 0.2991377 -0.8818476 -0.7581209 0.6221718 0.1953337 -0.07672858 0.06296449 0.9950619 -0.2961015 0.243005 -0.9237276 -0.7692777 0.6313319 0.09814345 -0.1515249 0.1243556 0.9805998 -0.2248852 0.1845587 -0.9567471 -0.773011 0.6343927 0 -0.224886 0.1845598 0.9567466 -0.1515253 0.1243546 -0.9805999 -0.7692778 0.6313317 -0.09814351 -0.2961035 0.2430059 0.9237266 -0.07672554 0.06296396 -0.9950622 -0.7581206 0.6221718 -0.1953346 -0.3645004 0.2991378 0.8818481 -0.7396442 0.6070123 -0.2906245 -0.4484622 0.448462 0.7731517 -0.4998245 0.4998241 0.7073552 -0.5877518 0.5877511 -0.5559647 -0.5464059 0.5464059 0.6347294 -0.5464056 0.5464061 -0.6347294 -0.5877506 0.5877521 0.5559648 -0.4998238 0.4998238 -0.7073559 -0.6234559 0.6234558 0.4718111 -0.4484629 0.4484625 -0.773151 -0.6531658 0.6531652 0.3830795 -0.3928163 0.3928169 -0.8314988 -0.6765851 0.6765871 0.2906246 -0.3334257 0.3334244 -0.8818478 -0.6934874 0.693484 0.1953338 -0.07018476 0.07018142 0.9950622 -0.2708583 0.2708595 -0.9237267 -0.7036924 0.7036938 0.09814327 -0.13861 0.1386092 0.9805993 -0.2057133 0.205713 -0.9567467 -0.7071075 0.7071061 0 -0.205714 0.2057143 0.9567463 -0.1386093 0.1386079 -0.9805995 -0.7036925 0.7036937 -0.09814333 -0.2708596 0.2708594 0.9237263 -0.07018232 0.07018059 -0.9950625 -0.6934871 0.6934839 -0.1953351 -0.3334246 0.3334243 0.8818482 -0.6765853 0.6765869 -0.2906244 -0.3928163 0.3928163 0.8314991 -0.6531671 0.6531648 -0.3830779 -0.6234555 0.6234556 -0.4718118 -0.4902183 0.5973327 0.634728 -0.5273112 0.6425316 0.555964 -0.4484261 0.5464084 -0.7073557 -0.5593453 0.6815628 0.4718104 -0.4023454 0.4902594 -0.7731519 -0.585999 0.7140415 0.3830794 -0.3524221 0.4294285 -0.8314986 -0.6070097 0.7396461 0.2906252 -0.2991377 0.3645002 -0.8818483 -0.6221743 0.7581186 0.1953341 -0.06296372 0.07672226 0.9950625 -0.243004 0.2961029 -0.9237274 -0.6313298 0.7692794 0.0981425 -0.1243575 0.1515277 0.9805992 -0.1845595 0.2248857 -0.9567467 -0.6343944 0.7730096 0 -0.1845597 0.2248865 0.9567465 -0.1243548 0.1515261 -0.9805997 -0.6313297 0.7692795 -0.0981425 -0.2430061 0.2961033 0.9237266 -0.0629642 0.07672184 -0.9950625 -0.6221741 0.7581184 -0.1953354 -0.2991389 0.3645015 0.8818473 -0.6070099 0.739646 -0.2906247 -0.3524221 0.4294289 0.8314985 -0.5859999 0.7140415 -0.3830782 -0.4023455 0.4902597 0.7731517 -0.5593438 0.6815631 -0.4718118 -0.4484266 0.5464094 0.7073546 -0.5273112 0.6425313 -0.5559645 -0.4902172 0.5973322 -0.6347293 -0.4898476 0.7331056 0.4718109 -0.5131896 0.768041 0.3830789 -0.3523541 0.527336 -0.7731517 -0.3086337 0.4619035 -0.831499 -0.5315893 0.7955816 0.290625 -0.2619711 0.392067 -0.8818473 -0.54487 0.8154515 0.1953343 -0.05514061 0.08252465 0.9950624 -0.2128106 0.3184953 -0.9237275 -0.5528872 0.8274562 0.09814238 -0.1089058 0.1629864 0.9805994 -0.1616278 0.2418926 -0.9567468 -0.5555712 0.8314689 0 -0.1616269 0.2418931 0.9567468 -0.1089023 0.1629858 -0.9805998 -0.5528873 0.8274562 -0.09814244 -0.2128118 0.3184956 0.9237271 -0.05514043 0.0825237 -0.9950626 -0.5448699 0.8154514 -0.1953352 -0.2619712 0.392066 0.8818477 -0.5315894 0.7955815 -0.2906251 -0.3086343 0.461904 0.8314985 -0.5131901 0.7680413 -0.3830777 -0.3523538 0.5273364 0.7731515 -0.4898453 0.7331065 -0.4718118 -0.3927089 0.5877318 0.7073551 -0.4617926 0.6911225 -0.5559652 -0.4293077 0.6425065 0.6347285 -0.4293074 0.6425061 -0.6347293 -0.4617926 0.691123 0.5559646 -0.3927094 0.5877307 -0.7073556 -0.4623174 0.864932 0.1953343 -0.04677838 0.08753198 0.9950628 -0.1805688 0.3378224 -0.9237267 -0.4691194 0.8776647 0.09814172 -0.09240531 0.1728766 0.9805994 -0.1371412 0.2565706 -0.9567465 -0.4713975 0.8819209 0 -0.1371409 0.2565723 0.9567462 -0.09240102 0.172875 -0.9806001 -0.4691193 0.8776647 -0.09814167 -0.1805694 0.337823 0.9237264 -0.04678785 0.08753138 -0.9950624 -0.4623172 0.8649318 -0.1953352 -0.2222788 0.4158553 0.8818484 -0.4510488 0.8438554 -0.2906256 -0.2618734 0.4899308 0.8314988 -0.4354377 0.8146445 -0.3830776 -0.2989692 0.5593335 0.7731517 -0.415629 0.7775896 -0.4718124 -0.3332102 0.6233941 0.7073548 -0.3918284 0.7330572 -0.5559656 -0.3642641 0.681492 0.6347286 -0.3642638 0.6814917 -0.634729 -0.3918269 0.7330585 0.555965 -0.3332105 0.6233925 -0.707356 -0.4156309 0.7775895 0.471811 -0.2989698 0.5593335 -0.7731515 -0.4354368 0.8146443 0.3830789 -0.2618733 0.489931 -0.8314986 -0.4510488 0.8438554 0.2906254 -0.2222802 0.4158558 -0.8818479 -0.3826854 0.9238787 0 -0.07501471 0.1811015 0.9805994 -0.1113326 0.2687781 0.9567463 -0.07501065 0.1811001 -0.9805999 -0.3808348 0.91942 -0.09814208 -0.1465879 0.3538944 0.9237266 -0.03798651 0.09169542 -0.9950624 -0.3753131 0.906082 -0.1953349 -0.1804472 0.4356417 0.8818477 -0.3661645 0.8840024 -0.2906258 -0.2125905 0.5132403 0.8314985 -0.3534915 0.853402 -0.3830784 -0.2427055 0.5859439 0.7731519 -0.3374106 0.8145849 -0.4718112 -0.2705031 0.653052 0.7073552 -0.3180893 0.7679346 -0.5559639 -0.2957123 0.7139143 0.6347287 -0.2957115 0.7139139 -0.6347296 -0.3180885 0.7679343 0.5559647 -0.270502 0.6530516 -0.7073559 -0.3374127 0.8145842 0.4718108 -0.2427057 0.5859442 -0.7731517 -0.3534911 0.8534018 0.3830792 -0.2125907 0.5132399 -0.8314986 -0.3661643 0.8840026 0.2906253 -0.1804487 0.4356403 -0.8818479 -0.3753131 0.9060821 0.1953338 -0.03797447 0.0916962 0.9950627 -0.1465861 0.3538937 -0.9237272 -0.3808348 0.91942 0.09814208 -0.1113332 0.2687767 -0.9567466 -0.2846946 0.938506 -0.1953344 -0.1111937 0.3665575 0.9237271 -0.1368799 0.4512295 0.881848 -0.02881348 0.09497702 -0.9950624 -0.2777534 0.9156363 -0.2906256 -0.1612617 0.531606 0.8314986 -0.268141 0.8839408 -0.3830786 -0.1841051 0.6069112 0.7731521 -0.2559431 0.8437342 -0.4718112 -0.2051907 0.676422 0.7073544 -0.2412853 0.7954151 -0.5559644 -0.2243127 0.7394614 0.6347289 -0.2243121 0.739461 -0.6347296 -0.241286 0.7954149 0.5559644 -0.2051908 0.6764205 -0.7073557 -0.2559448 0.8437342 0.4718105 -0.1841056 0.6069115 -0.7731516 -0.2681409 0.8839406 0.383079 -0.1612615 0.5316058 -0.8314986 -0.2777534 0.9156365 0.2906251 -0.1368795 0.4512296 -0.8818479 -0.2846944 0.9385062 0.1953337 -0.02880638 0.09497779 0.9950626 -0.1111939 0.3665576 -0.9237269 -0.2888816 0.9523211 0.09814298 -0.05690377 0.1875814 0.9805995 -0.08445125 0.2783949 -0.9567468 -0.2902861 0.9569399 0 -0.08445084 0.2783953 0.9567467 -0.05690091 0.1875802 -0.9805999 -0.2888816 0.9523211 -0.09814304 -0.18021 0.9059669 -0.3830778 -0.1083772 0.5448524 0.8314988 -0.1237301 0.6220346 0.7731519 -0.1720107 0.8647578 -0.4718116 -0.1379008 0.693277 0.7073546 -0.1621605 0.815234 -0.5559655 -0.1507521 0.7578873 0.6347289 -0.1507527 0.7578868 -0.6347293 -0.1621599 0.8152347 0.5559645 -0.137902 0.6932756 -0.7073556 -0.1720126 0.8647577 0.4718115 -0.123731 0.6220354 -0.7731512 -0.1802085 0.9059665 0.3830792 -0.1083783 0.5448529 -0.8314984 -0.1866682 0.938452 0.2906251 -0.09199208 0.4624727 -0.8818483 -0.1913344 0.9618918 0.1953342 -0.01935929 0.09734427 0.9950625 -0.07473039 0.3756914 -0.9237269 -0.1941473 0.9760507 0.09814286 -0.03824174 0.192256 0.9805994 -0.05675601 0.2853319 -0.9567468 -0.1950913 0.9807851 0 -0.05675607 0.2853336 0.9567463 -0.03824317 0.1922549 -0.9805997 -0.1941474 0.9760507 -0.09814286 -0.07473009 0.3756929 0.9237263 -0.01936149 0.09734326 -0.9950626 -0.1913341 0.9618915 -0.1953359 -0.09199172 0.4624727 0.8818484 -0.1866679 0.9384518 -0.2906261 -0.08147549 0.827203 -0.5559649 -0.07574313 0.7690133 0.6347297 -0.07574218 0.7690129 -0.6347301 -0.08147269 0.8272037 0.5559643 -0.06928592 0.7034541 -0.7073555 -0.0864222 0.8774542 0.4718109 -0.06216603 0.6311666 -0.7731522 -0.09054207 0.9192675 0.3830792 -0.05445003 0.552851 -0.8314992 -0.09378659 0.9522296 0.290625 -0.04621809 0.4692634 -0.881848 -0.09613078 0.9760141 0.1953341 -0.009726524 0.09877306 0.9950625 -0.03754562 0.3812074 -0.9237269 -0.0975449 0.9903803 0.09814196 -0.01921379 0.1950789 0.9805994 -0.02851355 0.2895211 -0.9567469 -0.09802114 0.9951844 0 -0.02851343 0.2895225 0.9567465 -0.01921707 0.1950771 -0.9805997 -0.0975449 0.9903803 -0.09814202 -0.037548 0.381208 0.9237265 -0.00972402 0.09877264 -0.9950625 -0.09613078 0.9760138 -0.1953358 -0.04622018 0.4692638 0.8818476 -0.09378665 0.9522293 -0.290626 -0.05445122 0.5528524 0.8314982 -0.0905413 0.919268 -0.383078 -0.06216555 0.6311663 0.7731523 -0.08642232 0.877454 -0.4718111 -0.06928509 0.7034549 0.7073548</float_array>
          <technique_common>
            <accessor source="#Sphere-mesh-normals-array" count="1986" stride="3">
              <param name="X" type="float"/>
              <param name="Y" type="float"/>
              <param name="Z" type="float"/>
            </accessor>
          </technique_common>
        </source>
        <source id="Sphere-mesh-map-0">
          <float_array id="Sphere-mesh-map-0-array" count="23808">0.9999992 0.1874998 0.9687492 0.2187498 0.9687492 0.1874998 0.9999992 0.59375 0.9687492 0.625 0.9687492 0.59375 0.9999992 0.1874998 0.9687492 0.1562498 0.9999991 0.1562497 0.9999992 0.59375 0.9687492 0.5625 0.9999992 0.5625 0.9999992 0.96875 0.9843752 1 0.9687489 0.96875 0.9999991 0.1562497 0.9687491 0.1249998 0.9999991 0.1249996 0.9999992 0.53125 0.9687492 0.5625 0.9687492 0.53125 0.9999992 0.96875 0.9687491 0.9375001 0.9999992 0.9375001 0.9999991 0.1249996 0.9687491 0.09374982 0.9999992 0.09374982 0.9999992 0.53125 0.9687492 0.5 0.9999992 0.5 0.9999992 0.9375001 0.9687491 0.90625 0.9999992 0.90625 0.9999992 0.09374982 0.9687491 0.06249982 0.9999992 0.06249982 0.9999992 0.5 0.9687492 0.46875 0.9999992 0.46875 0.9999992 0.875 0.9687491 0.90625 0.9687491 0.875 0.9999992 0.06249982 0.9687489 0.03124964 0.9999992 0.03124964 0.9999992 0.46875 0.9687492 0.4375 0.9999992 0.4375 0.9999992 0.84375 0.9687491 0.875 0.9687492 0.84375 0.9843741 0 0.9999992 0.03124964 0.9687489 0.03124964 0.9999992 0.40625 0.9687492 0.4375 0.9687492 0.40625 0.9999992 0.8125 0.9687492 0.84375 0.9687492 0.8125 0.9999992 0.40625 0.9687492 0.375 0.9999992 0.3749998 0.9999992 0.78125 0.9687492 0.8125 0.9687492 0.78125 0.9999992 0.3749998 0.9687492 0.3437499 0.9999992 0.3437499 0.9999992 0.78125 0.9687492 0.7500001 0.9999992 0.7500001 0.9999992 0.3437499 0.9687492 0.3124999 0.9999992 0.3124999 0.9999992 0.7500001 0.9687492 0.71875 0.9999992 0.71875 0.9999992 0.3124999 0.9687492 0.2812499 0.9999992 0.2812499 0.9999992 0.6875 0.9687492 0.71875 0.9687492 0.6875 0.9999992 0.2812499 0.9687492 0.2499998 0.9999992 0.2499998 0.9999992 0.6562501 0.9687492 0.6875 0.9687492 0.65625 0.9999992 0.2499998 0.9687492 0.2187498 0.9999992 0.2187498 0.9999992 0.625 0.9687492 0.65625 0.9687492 0.625 0.9687492 0.8125 0.9374991 0.78125 0.9687492 0.78125 0.9687492 0.3437499 0.9374992 0.375 0.9374992 0.3437499 0.9687492 0.7500001 0.9374991 0.78125 0.9374991 0.7500001 0.9687492 0.3124999 0.9374992 0.3437499 0.9374992 0.3124999 0.9687492 0.71875 0.9374991 0.7500001 0.9374992 0.71875 0.9687492 0.3124999 0.9374992 0.2812499 0.9687492 0.2812499 0.9687492 0.6875 0.9374992 0.71875 0.9374992 0.6875 0.9687492 0.2812499 0.9374991 0.2499998 0.9687492 0.2499998 0.9687492 0.6875 0.9374992 0.65625 0.9687492 0.65625 0.9687492 0.2187498 0.9374991 0.2499998 0.9374991 0.2187498 0.9687492 0.65625 0.9374992 0.625 0.9687492 0.625 0.9687492 0.1874998 0.9374991 0.2187498 0.9374991 0.1874998 0.9687492 0.59375 0.9374992 0.625 0.9374992 0.59375 0.9687492 0.1562498 0.9374991 0.1874998 0.9374991 0.1562498 0.9687492 0.59375 0.9374992 0.5625 0.9687492 0.5625 0.9687489 0.96875 0.9531249 1 0.9374987 0.96875 0.9687491 0.1249998 0.9374991 0.1562498 0.9374991 0.1249998 0.9687492 0.5625 0.9374992 0.53125 0.9687492 0.53125 0.9687491 0.9375001 0.9374987 0.96875 0.9374989 0.9375001 0.9687491 0.1249998 0.9374989 0.09374982 0.9687491 0.09374982 0.9687492 0.53125 0.9374992 0.5 0.9687492 0.5 0.9687491 0.9375001 0.9374989 0.90625 0.9687491 0.90625 0.9687491 0.09374982 0.9374989 0.06249982 0.9687491 0.06249982 0.9687492 0.46875 0.9374992 0.5 0.9374992 0.46875 0.9687491 0.90625 0.9374991 0.875 0.9687491 0.875 0.9687491 0.06249982 0.9374987 0.03124964 0.9687489 0.03124964 0.9687492 0.4375 0.9374992 0.46875 0.9374992 0.4375 0.9687491 0.875 0.9374991 0.84375 0.9687492 0.84375 0.9531236 0 0.9687489 0.03124964 0.9374987 0.03124964 0.9687492 0.4375 0.9374992 0.40625 0.9687492 0.40625 0.9687492 0.84375 0.9374991 0.8125 0.9687492 0.8125 0.9687492 0.375 0.9374992 0.40625 0.9374992 0.375 0.9374992 0.71875 0.9062491 0.7500001 0.9062491 0.71875 0.9374992 0.3124999 0.9062491 0.2812499 0.9374992 0.2812499 0.9374992 0.6875 0.9062491 0.71875 0.9062491 0.6875 0.9374992 0.2812499 0.9062491 0.2499998 0.9374991 0.2499998 0.9374992 0.65625 0.9062491 0.6875 0.9062491 0.65625 0.9374991 0.2499998 0.9062491 0.2187498 0.9374991 0.2187498 0.9374992 0.65625 0.9062491 0.625 0.9374992 0.625 0.9374991 0.1874998 0.9062491 0.2187498 0.9062491 0.1874998 0.9374992 0.59375 0.9062491 0.625 0.9062491 0.59375 0.9374991 0.1562498 0.9062491 0.1874998 0.9062491 0.1562498 0.9374992 0.59375 0.9062492 0.5625 0.9374992 0.5625 0.9374987 0.96875 0.9218744 1 0.9062485 0.96875 0.9374991 0.1249998 0.9062491 0.1562498 0.9062489 0.1249998 0.9374992 0.53125 0.9062492 0.5625 0.9062492 0.53125 0.9374987 0.96875 0.9062488 0.9375001 0.9374989 0.9375001 0.9374989 0.09374982 0.9062489 0.1249998 0.9062489 0.09374982 0.9374992 0.53125 0.9062491 0.5 0.9374992 0.5 0.9374989 0.90625 0.9062488 0.9375001 0.9062489 0.90625 0.9374989 0.09374982 0.9062488 0.06249982 0.9374989 0.06249982 0.9374992 0.46875 0.9062491 0.5 0.9062492 0.46875 0.9374989 0.90625 0.9062489 0.875 0.9374991 0.875 0.9374989 0.06249982 0.9062483 0.03124964 0.9374987 0.03124964 0.9374992 0.4375 0.9062492 0.46875 0.9062492 0.4375 0.9374991 0.875 0.9062491 0.84375 0.9374991 0.84375 0.9218732 0 0.9374987 0.03124964 0.9062483 0.03124964 0.9374992 0.4375 0.9062492 0.40625 0.9374992 0.40625 0.9374991 0.8125 0.9062491 0.84375 0.9062491 0.8125 0.9374992 0.375 0.9062492 0.40625 0.9062492 0.375 0.9374991 0.8125 0.9062491 0.78125 0.9374991 0.78125 0.9374992 0.3437499 0.9062492 0.375 0.9062491 0.3437499 0.9374991 0.7500001 0.9062491 0.78125 0.9062491 0.7500001 0.9374992 0.3437499 0.9062491 0.3124999 0.9374992 0.3124999 0.9062491 0.65625 0.8749991 0.6875 0.8749991 0.65625 0.9062491 0.2187498 0.8749991 0.2499998 0.8749991 0.2187498 0.9062491 0.625 0.8749991 0.65625 0.8749991 0.625 0.9062491 0.2187498 0.8749989 0.1874998 0.9062491 0.1874998 0.9062491 0.625 0.8749991 0.59375 0.9062491 0.59375 0.9062491 0.1874998 0.8749989 0.1562498 0.9062491 0.1562498 0.9062491 0.59375 0.8749991 0.5625 0.9062492 0.5625 0.9062485 0.96875 0.8906241 1 0.8749982 0.96875 0.9062491 0.1562498 0.8749989 0.1249998 0.9062489 0.1249998 0.9062492 0.5625 0.8749991 0.53125 0.9062492 0.53125 0.9062485 0.96875 0.8749987 0.9375001 0.9062488 0.9375001 0.9062489 0.09374982 0.8749989 0.1249998 0.8749988 0.09374982 0.9062492 0.53125 0.8749991 0.5 0.9062491 0.5 0.9062489 0.90625 0.8749987 0.9375001 0.8749988 0.90625 0.9062488 0.06249982 0.8749988 0.09374982 0.8749987 0.06249982 0.9062492 0.46875 0.8749991 0.5 0.8749991 0.46875 0.9062489 0.875 0.8749988 0.90625 0.8749989 0.875 0.9062483 0.03124964 0.8749987 0.06249982 0.8749981 0.03124964 0.9062492 0.4375 0.8749991 0.46875 0.8749991 0.4375 0.9062491 0.84375 0.8749989 0.875 0.8749989 0.84375 0.8906229 0 0.9062483 0.03124964 0.8749981 0.03124964 0.9062492 0.4375 0.8749991 0.40625 0.9062492 0.40625 0.9062491 0.8125 0.8749989 0.84375 0.8749989 0.8125 0.9062492 0.40625 0.8749991 0.375 0.9062492 0.375 0.9062491 0.78125 0.8749989 0.8125 0.8749991 0.78125 0.9062491 0.3437499 0.8749991 0.375 0.8749991 0.3437499 0.9062491 0.7500001 0.8749991 0.78125 0.8749991 0.75 0.9062491 0.3437499 0.8749991 0.3124999 0.9062491 0.3124999 0.9062491 0.7500001 0.8749991 0.71875 0.9062491 0.71875 0.9062491 0.2812499 0.8749991 0.3124999 0.8749991 0.2812499 0.9062491 0.71875 0.8749991 0.6875 0.9062491 0.6875 0.9062491 0.2499998 0.8749991 0.2812499 0.8749991 0.2499998 0.8749991 0.59375 0.8437489 0.625 0.8437491 0.59375 0.8749989 0.1562498 0.8437489 0.1874998 0.8437489 0.1562498 0.8749991 0.59375 0.8437491 0.5625 0.8749991 0.5625 0.8749982 0.96875 0.8593736 1 0.843748 0.96875 0.8749989 0.1249998 0.8437489 0.1562498 0.8437488 0.1249998 0.8749991 0.5625 0.8437491 0.53125 0.8749991 0.53125 0.8749987 0.9375001 0.843748 0.96875 0.8437486 0.9375 0.8749989 0.1249998 0.8437487 0.09374982 0.8749988 0.09374982 0.8749991 0.5 0.8437491 0.53125 0.8437491 0.5 0.8749988 0.90625 0.8437486 0.9375 0.8437487 0.90625 0.8749988 0.09374982 0.8437486 0.06249982 0.8749987 0.06249982 0.8749991 0.5 0.8437491 0.46875 0.8749991 0.46875 0.8749988 0.90625 0.8437488 0.875 0.8749989 0.875 0.8749981 0.03124964 0.8437486 0.06249982 0.843748 0.03124964 0.8749991 0.4375 0.8437491 0.46875 0.8437491 0.4375 0.8749989 0.84375 0.8437488 0.875 0.8437489 0.84375 0.8593725 0 0.8749981 0.03124964 0.843748 0.03124964 0.8749991 0.4375 0.8437491 0.40625 0.8749991 0.40625 0.8749989 0.8125 0.8437489 0.84375 0.8437489 0.8125 0.8749991 0.40625 0.8437491 0.375 0.8749991 0.375 0.8749991 0.78125 0.8437489 0.8125 0.8437489 0.78125 0.8749991 0.3437499 0.8437491 0.375 0.8437491 0.3437499 0.8749991 0.78125 0.8437489 0.75 0.8749991 0.75 0.8749991 0.3437499 0.8437489 0.3124999 0.8749991 0.3124999 0.8749991 0.71875 0.8437489 0.75 0.8437489 0.71875 0.8749991 0.2812499 0.8437489 0.3124999 0.8437489 0.2812499 0.8749991 0.6875 0.8437489 0.71875 0.8437489 0.6875 0.8749991 0.2812499 0.8437489 0.2499998 0.8749991 0.2499998 0.8749991 0.6875 0.8437489 0.65625 0.8749991 0.65625 0.8749991 0.2499998 0.8437489 0.2187498 0.8749991 0.2187498 0.8749991 0.625 0.8437489 0.65625 0.8437489 0.625 0.8749991 0.2187498 0.8437489 0.1874998 0.8749989 0.1874998 0.8437491 0.53125 0.8124991 0.5625 0.8124991 0.53125 0.843748 0.96875 0.8124985 0.9375 0.8437486 0.9375 0.8437487 0.09374982 0.8124988 0.1249998 0.8124987 0.09374982 0.8437491 0.53125 0.8124991 0.5 0.8437491 0.5 0.8437486 0.9375 0.8124987 0.90625 0.8437487 0.90625 0.8437487 0.09374982 0.8124985 0.06249982 0.8437486 0.06249982 0.8437491 0.46875 0.8124991 0.5 0.8124991 0.46875 0.8437487 0.90625 0.8124988 0.875 0.8437488 0.875 0.8437486 0.06249982 0.8124977 0.03124988 0.843748 0.03124964 0.8437491 0.4375 0.8124991 0.46875 0.8124991 0.4375 0.8437488 0.875 0.8124988 0.84375 0.8437489 0.84375 0.8281221 0 0.843748 0.03124964 0.8124977 0.03124988 0.8437491 0.40625 0.8124991 0.4375 0.8124991 0.40625 0.8437489 0.84375 0.8124989 0.8125 0.8437489 0.8125 0.8437491 0.40625 0.8124991 0.375 0.8437491 0.375 0.8437489 0.78125 0.8124989 0.8125 0.8124989 0.78125 0.8437491 0.3437499 0.8124991 0.375 0.8124989 0.3437499 0.8437489 0.75 0.8124989 0.78125 0.8124989 0.75 0.8437489 0.3124999 0.8124989 0.3437499 0.8124989 0.3124999 0.8437489 0.71875 0.8124989 0.75 0.8124989 0.71875 0.8437489 0.2812499 0.8124989 0.3124999 0.8124989 0.2812499 0.8437489 0.6875 0.8124989 0.71875 0.8124989 0.6875 0.8437489 0.2812499 0.8124989 0.2499998 0.8437489 0.2499998 0.8437489 0.65625 0.8124989 0.6875 0.8124989 0.65625 0.8437489 0.2499998 0.8124989 0.2187499 0.8437489 0.2187498 0.8437489 0.65625 0.8124989 0.625 0.8437489 0.625 0.8437489 0.2187498 0.8124989 0.1874999 0.8437489 0.1874998 0.8437491 0.59375 0.8124989 0.625 0.8124989 0.59375 0.8437489 0.1874998 0.8124988 0.1562498 0.8437489 0.1562498 0.8437491 0.59375 0.8124991 0.5625 0.8437491 0.5625 0.843748 0.96875 0.8281232 1 0.8124977 0.96875 0.8437488 0.1249998 0.8124988 0.1562498 0.8124988 0.1249998 0.8124991 0.5 0.7812489 0.46875 0.8124991 0.46875 0.8124988 0.875 0.7812486 0.90625 0.7812487 0.875 0.8124985 0.06249982 0.7812475 0.03124988 0.8124977 0.03124988 0.8124991 0.4375 0.7812489 0.46875 0.7812491 0.4375 0.8124988 0.84375 0.7812487 0.875 0.7812488 0.84375 0.7968718 0 0.8124977 0.03124988 0.7812475 0.03124988 0.8124991 0.4375 0.7812489 0.40625 0.8124991 0.40625 0.8124989 0.8125 0.7812488 0.84375 0.7812489 0.8125 0.8124991 0.40625 0.7812491 0.375 0.8124991 0.375 0.8124989 0.78125 0.7812489 0.8125 0.7812489 0.78125 0.8124989 0.3437499 0.7812491 0.375 0.7812489 0.3437499 0.8124989 0.75 0.7812489 0.78125 0.7812489 0.75 0.8124989 0.3124999 0.7812489 0.3437499 0.7812489 0.3124999 0.8124989 0.75 0.7812489 0.71875 0.8124989 0.71875 0.8124989 0.2812499 0.7812489 0.3124999 0.7812489 0.2812499 0.8124989 0.71875 0.7812489 0.6875 0.8124989 0.6875 0.8124989 0.2499998 0.7812489 0.2812499 0.7812489 0.2499998 0.8124989 0.65625 0.7812489 0.6875 0.7812489 0.65625 0.8124989 0.2499998 0.7812489 0.2187499 0.8124989 0.2187499 0.8124989 0.65625 0.7812489 0.625 0.8124989 0.625 0.8124989 0.1874999 0.7812489 0.2187499 0.7812489 0.1874999 0.8124989 0.59375 0.7812489 0.625 0.7812489 0.59375 0.8124988 0.1562498 0.7812489 0.1874999 0.7812488 0.1562498 0.8124989 0.59375 0.7812491 0.5625 0.8124991 0.5625 0.8124977 0.96875 0.7968727 1 0.7812475 0.96875 0.8124988 0.1562498 0.7812487 0.1249998 0.8124988 0.1249998 0.8124991 0.53125 0.7812491 0.5625 0.7812489 0.53125 0.8124985 0.9375 0.7812475 0.96875 0.7812483 0.9375 0.8124988 0.1249998 0.7812486 0.09374982 0.8124987 0.09374982 0.8124991 0.5 0.7812489 0.53125 0.7812491 0.5 0.8124987 0.90625 0.7812483 0.9375 0.7812486 0.90625 0.8124987 0.09374982 0.7812483 0.06249982 0.8124985 0.06249982 0.7812489 0.40625 0.7499991 0.4375 0.7499989 0.40625 0.7812488 0.84375 0.7499988 0.8125 0.7812489 0.8125 0.7812489 0.40625 0.7499991 0.375 0.7812491 0.375 0.7812489 0.8125 0.7499989 0.78125 0.7812489 0.78125 0.7812489 0.3437499 0.7499991 0.375 0.7499989 0.34375 0.7812489 0.78125 0.7499989 0.75 0.7812489 0.75 0.7812489 0.3124999 0.7499989 0.34375 0.7499989 0.3124999 0.7812489 0.75 0.7499989 0.71875 0.7812489 0.71875 0.7812489 0.2812499 0.7499989 0.3124999 0.7499989 0.2812499 0.7812489 0.6875 0.7499989 0.71875 0.7499989 0.6875 0.7812489 0.2499998 0.7499989 0.2812499 0.7499989 0.2499998 0.7812489 0.65625 0.7499989 0.6875 0.7499989 0.65625 0.7812489 0.2499998 0.7499989 0.2187499 0.7812489 0.2187499 0.7812489 0.65625 0.7499989 0.625 0.7812489 0.625 0.7812489 0.1874999 0.7499989 0.2187499 0.7499988 0.1874999 0.7812489 0.59375 0.7499989 0.625 0.7499989 0.59375 0.7812489 0.1874999 0.7499988 0.1562498 0.7812488 0.1562498 0.7812489 0.59375 0.7499991 0.5625 0.7812491 0.5625 0.7812475 0.96875 0.7656224 1 0.7499973 0.96875 0.7812488 0.1562498 0.7499987 0.1249998 0.7812487 0.1249998 0.7812489 0.53125 0.7499991 0.5625 0.7499991 0.53125 0.7812475 0.96875 0.7499982 0.9375 0.7812483 0.9375 0.7812486 0.09374982 0.7499987 0.1249998 0.7499986 0.09374982 0.7812489 0.53125 0.7499991 0.5 0.7812491 0.5 0.7812483 0.9375 0.7499986 0.9062499 0.7812486 0.90625 0.7812486 0.09374982 0.7499982 0.06249982 0.7812483 0.06249982 0.7812489 0.46875 0.7499991 0.5 0.7499991 0.46875 0.7812487 0.875 0.7499986 0.9062499 0.7499987 0.875 0.7812475 0.03124988 0.7499982 0.06249982 0.7499973 0.03124988 0.7812489 0.46875 0.7499991 0.4375 0.7812491 0.4375 0.7812487 0.875 0.7499988 0.84375 0.7812488 0.84375 0.7656216 0 0.7812475 0.03124988 0.7499973 0.03124988 0.7499989 0.34375 0.7187489 0.375 0.7187489 0.34375 0.7499989 0.75 0.7187488 0.78125 0.7187489 0.75 0.7499989 0.3124999 0.7187489 0.34375 0.7187489 0.3124999 0.7499989 0.75 0.7187489 0.71875 0.7499989 0.71875 0.7499989 0.3124999 0.7187489 0.28125 0.7499989 0.2812499 0.7499989 0.71875 0.7187489 0.6875 0.7499989 0.6875 0.7499989 0.2499998 0.7187489 0.28125 0.7187489 0.2499999 0.7499989 0.65625 0.7187489 0.6875 0.7187489 0.65625 0.7499989 0.2499998 0.7187488 0.2187499 0.7499989 0.2187499 0.7499989 0.65625 0.7187489 0.625 0.7499989 0.625 0.7499988 0.1874999 0.7187488 0.2187499 0.7187488 0.1874999 0.7499989 0.59375 0.7187489 0.625 0.7187489 0.59375 0.7499988 0.1874999 0.7187487 0.1562498 0.7499988 0.1562498 0.7499989 0.59375 0.7187491 0.5625 0.7499991 0.5625 0.7499973 0.96875 0.734372 1 0.718747 0.96875 0.7499988 0.1562498 0.7187487 0.1249998 0.7499987 0.1249998 0.7499991 0.53125 0.7187491 0.5625 0.7187489 0.53125 0.7499973 0.96875 0.7187482 0.9375 0.7499982 0.9375 0.7499986 0.09374982 0.7187487 0.1249998 0.7187485 0.09374982 0.7499991 0.53125 0.7187491 0.5 0.7499991 0.5 0.7499986 0.9062499 0.7187482 0.9375 0.7187485 0.9062499 0.7499986 0.09374982 0.7187482 0.06249982 0.7499982 0.06249982 0.7499991 0.46875 0.7187491 0.5 0.7187489 0.46875 0.7499986 0.9062499 0.7187487 0.8749999 0.7499987 0.875 0.7499973 0.03124988 0.7187482 0.06249982 0.7187471 0.03124988 0.7499991 0.46875 0.7187489 0.4375 0.7499991 0.4375 0.7499987 0.875 0.7187487 0.8437499 0.7499988 0.84375 0.7343713 0 0.7499973 0.03124988 0.7187471 0.03124988 0.7499989 0.40625 0.7187489 0.4375 0.7187489 0.40625 0.7499988 0.8125 0.7187487 0.8437499 0.7187488 0.8125 0.7499989 0.40625 0.7187489 0.375 0.7499991 0.375 0.7499989 0.78125 0.7187488 0.8125 0.7187488 0.78125 0.7187489 0.3124999 0.6874989 0.28125 0.7187489 0.28125 0.7187489 0.71875 0.6874989 0.6875 0.7187489 0.6875 0.7187489 0.2499999 0.6874989 0.28125 0.6874988 0.2499999 0.7187489 0.65625 0.6874989 0.6875 0.6874989 0.65625 0.7187489 0.2499999 0.6874988 0.2187499 0.7187488 0.2187499 0.7187489 0.65625 0.6874989 0.625 0.7187489 0.625 0.7187488 0.1874999 0.6874988 0.2187499 0.6874988 0.1874999 0.7187489 0.625 0.6874989 0.59375 0.7187489 0.59375 0.7187487 0.1562498 0.6874988 0.1874999 0.6874987 0.1562498 0.7187489 0.59375 0.6874989 0.5625 0.7187491 0.5625 0.718747 0.96875 0.7031216 1 0.6874969 0.96875 0.7187487 0.1249998 0.6874987 0.1562498 0.6874987 0.1249998 0.7187489 0.53125 0.6874989 0.5625 0.6874989 0.53125 0.718747 0.96875 0.6874981 0.9375 0.7187482 0.9375 0.7187485 0.09374982 0.6874987 0.1249998 0.6874985 0.09374994 0.7187489 0.53125 0.6874989 0.5 0.7187491 0.5 0.7187485 0.9062499 0.6874981 0.9375 0.6874985 0.9062499 0.7187482 0.06249982 0.6874985 0.09374994 0.6874981 0.06249982 0.7187489 0.46875 0.6874989 0.5 0.6874989 0.46875 0.7187487 0.8749999 0.6874985 0.9062499 0.6874986 0.8749999 0.7187471 0.03124988 0.6874981 0.06249982 0.687497 0.03124988 0.7187489 0.46875 0.6874989 0.4375 0.7187489 0.4375 0.7187487 0.8437499 0.6874986 0.8749999 0.6874987 0.8437499 0.703121 0 0.7187471 0.03124988 0.687497 0.03124988 0.7187489 0.40625 0.6874989 0.4375 0.6874989 0.40625 0.7187488 0.8125 0.6874987 0.8437499 0.6874987 0.8124999 0.7187489 0.40625 0.6874989 0.375 0.7187489 0.375 0.7187488 0.8125 0.6874988 0.78125 0.7187488 0.78125 0.7187489 0.34375 0.6874989 0.375 0.6874989 0.34375 0.7187489 0.75 0.6874988 0.78125 0.6874988 0.75 0.7187489 0.3124999 0.6874989 0.34375 0.6874989 0.3124999 0.7187489 0.75 0.6874989 0.71875 0.7187489 0.71875 0.6874988 0.2499999 0.6562488 0.2187499 0.6874988 0.2187499 0.6874989 0.65625 0.6562489 0.625 0.6874989 0.625 0.6874988 0.1874999 0.6562488 0.2187499 0.6562487 0.1874999 0.6874989 0.59375 0.6562489 0.625 0.6562489 0.59375 0.6874987 0.1562498 0.6562487 0.1874999 0.6562487 0.1562498 0.6874989 0.59375 0.6562489 0.5625 0.6874989 0.5625 0.6874969 0.96875 0.6718713 1 0.6562468 0.96875 0.6874987 0.1562498 0.6562486 0.1249998 0.6874987 0.1249998 0.6874989 0.53125 0.6562489 0.5625 0.6562489 0.53125 0.6874969 0.96875 0.656248 0.9375 0.6874981 0.9375 0.6874987 0.1249998 0.6562483 0.09374994 0.6874985 0.09374994 0.6874989 0.53125 0.6562489 0.5 0.6874989 0.5 0.6874981 0.9375 0.6562485 0.9062499 0.6874985 0.9062499 0.6874985 0.09374994 0.656248 0.06249994 0.6874981 0.06249982 0.6874989 0.46875 0.6562489 0.5 0.6562489 0.46875 0.6874986 0.8749999 0.6562485 0.9062499 0.6562486 0.8749999 0.687497 0.03124988 0.656248 0.06249994 0.6562468 0.03124988 0.6874989 0.46875 0.6562489 0.4375 0.6874989 0.4375 0.6874986 0.8749999 0.6562487 0.8437499 0.6874987 0.8437499 0.6718708 0 0.687497 0.03124988 0.6562468 0.03124988 0.6874989 0.40625 0.6562489 0.4375 0.6562489 0.40625 0.6874987 0.8124999 0.6562487 0.8437499 0.6562487 0.8124999 0.6874989 0.40625 0.6562489 0.375 0.6874989 0.375 0.6874988 0.78125 0.6562487 0.8124999 0.6562488 0.78125 0.6874989 0.34375 0.6562489 0.375 0.6562489 0.34375 0.6874988 0.78125 0.6562488 0.75 0.6874988 0.75 0.6874989 0.3124999 0.6562489 0.34375 0.6562489 0.3125 0.6874988 0.75 0.6562489 0.71875 0.6874989 0.71875 0.6874989 0.28125 0.6562489 0.3125 0.6562489 0.28125 0.6874989 0.6875 0.6562489 0.71875 0.6562489 0.6875 0.6874988 0.2499999 0.6562489 0.28125 0.6562488 0.2499999 0.6874989 0.65625 0.6562489 0.6875 0.6562489 0.65625 0.6562487 0.1562498 0.6249987 0.1874999 0.6249987 0.15625 0.6562489 0.59375 0.6249989 0.5625 0.6562489 0.5625 0.6562468 0.96875 0.640621 1 0.6249967 0.96875 0.6562486 0.1249998 0.6249987 0.15625 0.6249986 0.1249998 0.6562489 0.53125 0.6249989 0.5625 0.6249989 0.53125 0.656248 0.9375 0.6249967 0.96875 0.624998 0.9375 0.6562483 0.09374994 0.6249986 0.1249998 0.6249983 0.09374994 0.6562489 0.53125 0.6249989 0.5 0.6562489 0.5 0.6562485 0.9062499 0.624998 0.9375 0.6249983 0.9062499 0.656248 0.06249994 0.6249983 0.09374994 0.624998 0.06249994 0.6562489 0.46875 0.6249989 0.5 0.6249989 0.46875 0.6562486 0.8749999 0.6249983 0.9062499 0.6249986 0.8749999 0.6562468 0.03124988 0.624998 0.06249994 0.6249968 0.03124988 0.6562489 0.46875 0.6249989 0.4375 0.6562489 0.4375 0.6562486 0.8749999 0.6249987 0.8437498 0.6562487 0.8437499 0.6406206 0 0.6562468 0.03124988 0.6249968 0.03124988 0.6562489 0.40625 0.6249989 0.4375 0.6249989 0.40625 0.6562487 0.8437499 0.6249987 0.8124999 0.6562487 0.8124999 0.6562489 0.40625 0.6249989 0.375 0.6562489 0.375 0.6562487 0.8124999 0.6249988 0.7812499 0.6562488 0.78125 0.6562489 0.34375 0.6249989 0.375 0.6249989 0.34375 0.6562488 0.78125 0.6249988 0.75 0.6562488 0.75 0.6562489 0.3125 0.6249989 0.34375 0.6249989 0.3125 0.6562488 0.75 0.6249988 0.71875 0.6562489 0.71875 0.6562489 0.3125 0.6249988 0.28125 0.6562489 0.28125 0.6562489 0.71875 0.6249989 0.6875 0.6562489 0.6875 0.6562489 0.28125 0.6249988 0.2499999 0.6562488 0.2499999 0.6562489 0.65625 0.6249989 0.6875 0.6249989 0.65625 0.6562488 0.2187499 0.6249988 0.2499999 0.6249988 0.2187499 0.6562489 0.625 0.6249989 0.65625 0.6249989 0.625 0.6562487 0.1874999 0.6249988 0.2187499 0.6249987 0.1874999 0.6562489 0.59375 0.6249989 0.625 0.6249989 0.59375 0.6249983 0.09374994 0.5937486 0.125 0.5937483 0.09374994 0.6249989 0.53125 0.5937489 0.5 0.6249989 0.5 0.6249983 0.9062499 0.5937479 0.9375 0.5937483 0.9062499 0.624998 0.06249994 0.5937483 0.09374994 0.593748 0.06249994 0.6249989 0.46875 0.5937489 0.5 0.5937489 0.46875 0.6249986 0.8749999 0.5937483 0.9062499 0.5937485 0.8749998 0.624998 0.06249994 0.5937467 0.03124988 0.6249968 0.03124988 0.6249989 0.46875 0.5937489 0.4375 0.6249989 0.4375 0.6249986 0.8749999 0.5937487 0.8437498 0.6249987 0.8437498 0.6093705 0 0.6249968 0.03124988 0.5937467 0.03124988 0.6249989 0.40625 0.5937489 0.4375 0.5937489 0.40625 0.6249987 0.8124999 0.5937487 0.8437498 0.5937487 0.8124998 0.6249989 0.40625 0.5937489 0.375 0.6249989 0.375 0.6249987 0.8124999 0.5937488 0.7812499 0.6249988 0.7812499 0.6249989 0.34375 0.5937489 0.375 0.5937489 0.34375 0.6249988 0.7812499 0.5937488 0.75 0.6249988 0.75 0.6249989 0.3125 0.5937489 0.34375 0.5937489 0.3125 0.6249988 0.71875 0.5937488 0.75 0.5937489 0.71875 0.6249988 0.28125 0.5937489 0.3125 0.5937488 0.28125 0.6249988 0.71875 0.5937489 0.6875 0.6249989 0.6875 0.6249988 0.28125 0.5937488 0.2499999 0.6249988 0.2499999 0.6249989 0.65625 0.5937489 0.6875 0.5937489 0.65625 0.6249988 0.2499999 0.5937488 0.21875 0.6249988 0.2187499 0.6249989 0.65625 0.5937489 0.625 0.6249989 0.625 0.6249988 0.2187499 0.5937487 0.1875 0.6249987 0.1874999 0.6249989 0.625 0.5937489 0.59375 0.6249989 0.59375 0.6249987 0.1874999 0.5937486 0.15625 0.6249987 0.15625 0.6249989 0.59375 0.5937489 0.5625 0.6249989 0.5625 0.6249967 0.96875 0.6093707 1 0.5937466 0.96875 0.6249987 0.15625 0.5937486 0.125 0.6249986 0.1249998 0.6249989 0.53125 0.5937489 0.5625 0.5937489 0.53125 0.624998 0.9375 0.5937466 0.96875 0.5937479 0.9375 0.593748 0.06249994 0.5624966 0.03124988 0.5937467 0.03124988 0.5937489 0.46875 0.5624989 0.4375 0.5937489 0.4375 0.5937487 0.8437498 0.5624985 0.8749998 0.5624987 0.8437498 0.5781204 0 0.5937467 0.03124988 0.5624966 0.03124988 0.5937489 0.40625 0.5624989 0.4375 0.5624989 0.40625 0.5937487 0.8124998 0.5624987 0.8437498 0.5624987 0.8124998 0.5937489 0.40625 0.5624989 0.375 0.5937489 0.375 0.5937488 0.7812499 0.5624987 0.8124998 0.5624988 0.7812499 0.5937489 0.34375 0.5624989 0.375 0.5624989 0.34375 0.5937488 0.7812499 0.5624988 0.7499999 0.5937488 0.75 0.5937489 0.3125 0.5624989 0.34375 0.5624989 0.3125 0.5937488 0.75 0.5624989 0.71875 0.5937489 0.71875 0.5937488 0.28125 0.5624989 0.3125 0.5624988 0.28125 0.5937489 0.71875 0.5624989 0.6875 0.5937489 0.6875 0.5937488 0.2499999 0.5624988 0.28125 0.5624988 0.2499999 0.5937489 0.65625 0.5624989 0.6875 0.5624989 0.65625 0.5937488 0.21875 0.5624988 0.2499999 0.5624988 0.21875 0.5937489 0.65625 0.5624989 0.625 0.5937489 0.625 0.5937487 0.1875 0.5624988 0.21875 0.5624987 0.1875 0.5937489 0.625 0.5624989 0.59375 0.5937489 0.59375 0.5937486 0.15625 0.5624987 0.1875 0.5624986 0.15625 0.5937489 0.59375 0.5624989 0.5625 0.5937489 0.5625 0.5937466 0.96875 0.5781205 1 0.5624964 0.96875 0.5937486 0.15625 0.5624986 0.125 0.5937486 0.125 0.5937489 0.53125 0.5624989 0.5625 0.5624989 0.53125 0.5937466 0.96875 0.5624979 0.9374998 0.5937479 0.9375 0.5937486 0.125 0.5624983 0.09374994 0.5937483 0.09374994 0.5937489 0.53125 0.5624989 0.5 0.5937489 0.5 0.5937483 0.9062499 0.5624979 0.9374998 0.5624983 0.9062498 0.5937483 0.09374994 0.5624979 0.06249994 0.593748 0.06249994 0.5937489 0.5 0.5624989 0.46875 0.5937489 0.46875 0.5937485 0.8749998 0.5624983 0.9062498 0.5624985 0.8749998 0.5624989 0.40625 0.5312489 0.375 0.5624989 0.375 0.5624987 0.8124998 0.5312488 0.7812499 0.5624988 0.7812499 0.5624989 0.34375 0.5312489 0.375 0.5312489 0.34375 0.5624988 0.7812499 0.5312488 0.7499999 0.5624988 0.7499999 0.5624989 0.3125 0.5312489 0.34375 0.5312489 0.3125 0.5624988 0.7499999 0.5312488 0.7187499 0.5624989 0.71875 0.5624989 0.3125 0.5312488 0.28125 0.5624988 0.28125 0.5624989 0.71875 0.5312489 0.6875 0.5624989 0.6875 0.5624988 0.28125 0.5312488 0.2499999 0.5624988 0.2499999 0.5624989 0.6875 0.5312489 0.65625 0.5624989 0.65625 0.5624988 0.21875 0.5312488 0.2499999 0.5312488 0.21875 0.5624989 0.65625 0.5312489 0.625 0.5624989 0.625 0.5624987 0.1875 0.5312488 0.21875 0.5312487 0.1875 0.5624989 0.625 0.5312489 0.59375 0.5624989 0.59375 0.5624986 0.15625 0.5312487 0.1875 0.5312486 0.15625 0.5624989 0.59375 0.5312489 0.5625 0.5624989 0.5625 0.5624964 0.96875 0.5468702 1 0.5312464 0.96875 0.5624986 0.15625 0.5312486 0.125 0.5624986 0.125 0.5624989 0.53125 0.5312489 0.5625 0.5312489 0.53125 0.5624964 0.96875 0.5312479 0.9374998 0.5624979 0.9374998 0.5624983 0.09374994 0.5312486 0.125 0.5312482 0.09375005 0.5624989 0.53125 0.5312489 0.5 0.5624989 0.5 0.5624983 0.9062498 0.5312479 0.9374998 0.5312482 0.9062498 0.5624983 0.09374994 0.5312479 0.06249994 0.5624979 0.06249994 0.5624989 0.46875 0.5312489 0.5 0.5312489 0.46875 0.5624985 0.8749998 0.5312482 0.9062498 0.5312485 0.8749998 0.5624966 0.03124988 0.5312479 0.06249994 0.5312466 0.03124988 0.5624989 0.46875 0.5312489 0.4375 0.5624989 0.4375 0.5624985 0.8749998 0.5312486 0.8437498 0.5624987 0.8437498 0.5468702 0 0.5624966 0.03124988 0.5312466 0.03124988 0.5624989 0.40625 0.5312489 0.4375 0.5312489 0.40625 0.5624987 0.8437498 0.5312487 0.8124998 0.5624987 0.8124998 0.5312489 0.3125 0.4999989 0.34375 0.4999989 0.3125 0.5312488 0.7499999 0.4999989 0.7187499 0.5312488 0.7187499 0.5312488 0.28125 0.4999989 0.3125 0.4999989 0.28125 0.5312488 0.7187499 0.4999989 0.6875 0.5312489 0.6875 0.5312488 0.28125 0.4999988 0.25 0.5312488 0.2499999 0.5312489 0.65625 0.4999989 0.6875 0.4999989 0.65625 0.5312488 0.2499999 0.4999988 0.21875 0.5312488 0.21875 0.5312489 0.65625 0.4999989 0.625 0.5312489 0.625 0.5312487 0.1875 0.4999988 0.21875 0.4999987 0.1875 0.5312489 0.625 0.4999989 0.5937499 0.5312489 0.59375 0.5312486 0.15625 0.4999987 0.1875 0.4999986 0.15625 0.5312489 0.59375 0.499999 0.5625 0.5312489 0.5625 0.5312464 0.96875 0.5156201 1 0.4999964 0.96875 0.5312486 0.15625 0.4999985 0.125 0.5312486 0.125 0.5312489 0.53125 0.499999 0.5625 0.4999989 0.53125 0.5312464 0.96875 0.4999979 0.9374998 0.5312479 0.9374998 0.5312482 0.09375005 0.4999985 0.125 0.4999983 0.09375005 0.5312489 0.53125 0.4999989 0.5 0.5312489 0.5 0.5312482 0.9062498 0.4999979 0.9374998 0.4999983 0.9062498 0.5312482 0.09375005 0.4999979 0.06249994 0.5312479 0.06249994 0.5312489 0.46875 0.4999989 0.5 0.4999989 0.46875 0.5312485 0.8749998 0.4999983 0.9062498 0.4999985 0.8749998 0.5312479 0.06249994 0.4999966 0.03124988 0.5312466 0.03124988 0.5312489 0.46875 0.4999989 0.4375 0.5312489 0.4375 0.5312486 0.8437498 0.4999985 0.8749998 0.4999986 0.8437498 0.5156202 0 0.5312466 0.03124988 0.4999966 0.03124988 0.5312489 0.40625 0.4999989 0.4375 0.4999989 0.40625 0.5312486 0.8437498 0.4999987 0.8124998 0.5312487 0.8124998 0.5312489 0.40625 0.499999 0.375 0.5312489 0.375 0.5312487 0.8124998 0.4999988 0.7812499 0.5312488 0.7812499 0.5312489 0.34375 0.499999 0.375 0.4999989 0.34375 0.5312488 0.7812499 0.4999988 0.7499999 0.5312488 0.7499999 0.4999989 0.28125 0.4687488 0.25 0.4999988 0.25 0.4999989 0.65625 0.4687489 0.6874999 0.4687489 0.65625 0.4999988 0.21875 0.4687488 0.25 0.4687488 0.21875 0.4999989 0.65625 0.4687489 0.625 0.4999989 0.625 0.4999987 0.1875 0.4687488 0.21875 0.4687487 0.1875 0.4999989 0.625 0.4687489 0.5937499 0.4999989 0.5937499 0.4999986 0.15625 0.4687487 0.1875 0.4687486 0.15625 0.4999989 0.5937499 0.468749 0.5625 0.499999 0.5625 0.4999964 0.96875 0.4843699 1 0.4687464 0.96875 0.4999985 0.125 0.4687486 0.15625 0.4687485 0.1250001 0.4999989 0.53125 0.468749 0.5625 0.4687489 0.53125 0.4999964 0.96875 0.4687479 0.9374998 0.4999979 0.9374998 0.4999983 0.09375005 0.4687485 0.1250001 0.4687483 0.09375005 0.4999989 0.53125 0.4687489 0.5 0.4999989 0.5 0.4999983 0.9062498 0.4687479 0.9374998 0.4687483 0.9062498 0.4999983 0.09375005 0.4687479 0.06249994 0.4999979 0.06249994 0.4999989 0.46875 0.4687489 0.5 0.4687489 0.46875 0.4999983 0.9062498 0.4687485 0.8749997 0.4999985 0.8749998 0.4999966 0.03124988 0.4687479 0.06249994 0.4687466 0.03124988 0.4999989 0.46875 0.4687489 0.4375 0.4999989 0.4375 0.4999985 0.8749998 0.4687486 0.8437498 0.4999986 0.8437498 0.4843702 0 0.4999966 0.03124988 0.4687466 0.03124988 0.4999989 0.40625 0.4687489 0.4375 0.4687489 0.40625 0.4999987 0.8124998 0.4687486 0.8437498 0.4687487 0.8124998 0.4999989 0.40625 0.468749 0.375 0.499999 0.375 0.4999987 0.8124998 0.4687488 0.7812498 0.4999988 0.7812499 0.4999989 0.34375 0.468749 0.375 0.4687489 0.34375 0.4999988 0.7812499 0.4687488 0.7499999 0.4999988 0.7499999 0.4999989 0.3125 0.4687489 0.34375 0.4687489 0.3125 0.4999989 0.7187499 0.4687488 0.7499999 0.4687489 0.7187499 0.4999989 0.28125 0.4687489 0.3125 0.4687489 0.28125 0.4999989 0.7187499 0.4687489 0.6874999 0.4999989 0.6875 0.4687487 0.1875 0.4374988 0.21875 0.4374987 0.1875 0.4687489 0.625 0.4374989 0.5937499 0.4687489 0.5937499 0.4687486 0.15625 0.4374987 0.1875 0.4374986 0.15625 0.4687489 0.5937499 0.437499 0.5625 0.468749 0.5625 0.4687464 0.96875 0.4531199 1 0.4374965 0.96875 0.4687486 0.15625 0.4374986 0.1250001 0.4687485 0.1250001 0.4687489 0.53125 0.437499 0.5625 0.4374989 0.53125 0.4687464 0.96875 0.4374979 0.9374998 0.4687479 0.9374998 0.4687483 0.09375005 0.4374986 0.1250001 0.4374983 0.09375005 0.4687489 0.53125 0.4374989 0.5 0.4687489 0.5 0.4687479 0.9374998 0.4374983 0.9062497 0.4687483 0.9062498 0.4687479 0.06249994 0.4374983 0.09375005 0.4374979 0.06249994 0.4687489 0.46875 0.4374989 0.5 0.4374989 0.46875 0.4687485 0.8749997 0.4374983 0.9062497 0.4374985 0.8749997 0.4687466 0.03124988 0.4374979 0.06249994 0.4374966 0.03124988 0.4687489 0.46875 0.4374989 0.4375 0.4687489 0.4375 0.4687485 0.8749997 0.4374986 0.8437498 0.4687486 0.8437498 0.4531203 0 0.4687466 0.03124988 0.4374966 0.03124988 0.4687489 0.40625 0.4374989 0.4375 0.4374989 0.40625 0.4687486 0.8437498 0.4374987 0.8124998 0.4687487 0.8124998 0.4687489 0.40625 0.437499 0.375 0.468749 0.375 0.4687487 0.8124998 0.4374988 0.7812498 0.4687488 0.7812498 0.4687489 0.34375 0.437499 0.375 0.4374989 0.34375 0.4687488 0.7812498 0.4374988 0.7499999 0.4687488 0.7499999 0.4687489 0.3125 0.4374989 0.34375 0.4374989 0.3125 0.4687488 0.7499999 0.4374989 0.7187499 0.4687489 0.7187499 0.4687489 0.28125 0.4374989 0.3125 0.4374989 0.28125 0.4687489 0.7187499 0.4374989 0.6874999 0.4687489 0.6874999 0.4687488 0.25 0.4374989 0.28125 0.4374988 0.2500001 0.4687489 0.65625 0.4374989 0.6874999 0.4374989 0.65625 0.4687488 0.25 0.4374988 0.21875 0.4687488 0.21875 0.4687489 0.65625 0.4374989 0.625 0.4687489 0.625 0.4374965 0.96875 0.4218698 1 0.4062466 0.9687496 0.4374986 0.15625 0.4062486 0.1250001 0.4374986 0.1250001 0.4374989 0.53125 0.406249 0.5625 0.4062489 0.53125 0.4374965 0.96875 0.4062479 0.9374998 0.4374979 0.9374998 0.4374983 0.09375005 0.4062486 0.1250001 0.4062483 0.09375005 0.4374989 0.53125 0.4062489 0.5 0.4374989 0.5 0.4374983 0.9062497 0.4062479 0.9374998 0.4062483 0.9062497 0.4374983 0.09375005 0.4062479 0.06249994 0.4374979 0.06249994 0.4374989 0.46875 0.4062489 0.5 0.4062489 0.46875 0.4374985 0.8749997 0.4062483 0.9062497 0.4062485 0.8749997 0.4374966 0.03124988 0.4062479 0.06249994 0.4062467 0.03124988 0.4374989 0.46875 0.4062489 0.4375 0.4374989 0.4375 0.4374985 0.8749997 0.4062486 0.8437497 0.4374986 0.8437498 0.4218704 0 0.4374966 0.03124988 0.4062467 0.03124988 0.4374989 0.40625 0.4062489 0.4375 0.4062489 0.40625 0.4374987 0.8124998 0.4062486 0.8437497 0.4062487 0.8124998 0.4374989 0.40625 0.406249 0.375 0.437499 0.375 0.4374987 0.8124998 0.4062488 0.7812498 0.4374988 0.7812498 0.4374989 0.34375 0.406249 0.375 0.4062489 0.34375 0.4374988 0.7812498 0.4062489 0.7499999 0.4374988 0.7499999 0.4374989 0.3125 0.4062489 0.34375 0.4062489 0.3125 0.4374989 0.7187499 0.4062489 0.7499999 0.4062489 0.7187499 0.4374989 0.28125 0.4062489 0.3125 0.4062489 0.2812501 0.4374989 0.7187499 0.4062489 0.6874999 0.4374989 0.6874999 0.4374989 0.28125 0.4062488 0.2500001 0.4374988 0.2500001 0.4374989 0.65625 0.4062489 0.6874999 0.4062489 0.65625 0.4374988 0.21875 0.4062488 0.2500001 0.4062488 0.21875 0.4374989 0.65625 0.4062489 0.625 0.4374989 0.625 0.4374987 0.1875 0.4062488 0.21875 0.4062487 0.1875 0.4374989 0.625 0.4062489 0.5937499 0.4374989 0.5937499 0.4374986 0.15625 0.4062487 0.1875 0.4062486 0.1562501 0.4374989 0.5937499 0.406249 0.5625 0.437499 0.5625 0.4062479 0.9374998 0.3749983 0.9062497 0.4062483 0.9062497 0.4062479 0.06249994 0.3749983 0.09375017 0.374998 0.06250017 0.4062489 0.46875 0.374999 0.5 0.3749989 0.46875 0.4062485 0.8749997 0.3749983 0.9062497 0.3749986 0.8749997 0.4062479 0.06249994 0.3749968 0.03124988 0.4062467 0.03124988 0.4062489 0.46875 0.3749989 0.4375 0.4062489 0.4375 0.4062486 0.8437497 0.3749986 0.8749997 0.3749987 0.8437497 0.3906205 0 0.4062467 0.03124988 0.3749968 0.03124988 0.4062489 0.40625 0.3749989 0.4375 0.3749989 0.40625 0.4062487 0.8124998 0.3749987 0.8437497 0.3749987 0.8124998 0.4062489 0.40625 0.374999 0.375 0.406249 0.375 0.4062487 0.8124998 0.3749988 0.7812498 0.4062488 0.7812498 0.4062489 0.34375 0.374999 0.375 0.3749989 0.34375 0.4062488 0.7812498 0.3749989 0.7499998 0.4062489 0.7499999 0.4062489 0.3125 0.3749989 0.34375 0.3749989 0.3125 0.4062489 0.7187499 0.3749989 0.7499998 0.3749989 0.7187499 0.4062489 0.2812501 0.3749989 0.3125 0.3749989 0.2812501 0.4062489 0.7187499 0.3749989 0.6874999 0.4062489 0.6874999 0.4062489 0.2812501 0.3749989 0.2500001 0.4062488 0.2500001 0.4062489 0.65625 0.3749989 0.6874999 0.3749989 0.6562499 0.4062488 0.21875 0.3749989 0.2500001 0.3749988 0.21875 0.4062489 0.65625 0.3749989 0.625 0.4062489 0.625 0.4062487 0.1875 0.3749988 0.21875 0.3749988 0.1875 0.4062489 0.625 0.3749989 0.5937499 0.4062489 0.5937499 0.4062486 0.1562501 0.3749988 0.1875 0.3749987 0.1562501 0.4062489 0.5937499 0.374999 0.5624999 0.406249 0.5625 0.4062466 0.9687496 0.3906198 1 0.3749967 0.9687496 0.4062486 0.1562501 0.3749986 0.1250001 0.4062486 0.1250001 0.4062489 0.53125 0.374999 0.5624999 0.3749989 0.53125 0.4062466 0.9687496 0.374998 0.9374998 0.4062479 0.9374998 0.4062483 0.09375005 0.3749986 0.1250001 0.3749983 0.09375017 0.4062489 0.53125 0.374999 0.5 0.4062489 0.5 0.3749986 0.8749997 0.3437487 0.8437497 0.3749987 0.8437497 0.3593707 0 0.3749968 0.03124988 0.3437469 0.03125023 0.3749989 0.40625 0.343749 0.4375 0.3437489 0.40625 0.3749987 0.8124998 0.3437487 0.8437497 0.3437488 0.8124997 0.3749989 0.40625 0.343749 0.375 0.374999 0.375 0.3749987 0.8124998 0.3437488 0.7812498 0.3749988 0.7812498 0.3749989 0.34375 0.343749 0.375 0.3437489 0.3437501 0.3749988 0.7812498 0.3437489 0.7499998 0.3749989 0.7499998 0.3749989 0.3125 0.3437489 0.3437501 0.3437489 0.3125 0.3749989 0.7187499 0.3437489 0.7499998 0.3437489 0.7187499 0.3749989 0.3125 0.3437489 0.2812501 0.3749989 0.2812501 0.3749989 0.7187499 0.3437489 0.6874999 0.3749989 0.6874999 0.3749989 0.2500001 0.3437489 0.2812501 0.3437489 0.2500001 0.3749989 0.6562499 0.3437489 0.6874999 0.3437489 0.6562499 0.3749988 0.21875 0.3437489 0.2500001 0.3437488 0.21875 0.3749989 0.6562499 0.3437489 0.625 0.3749989 0.625 0.3749988 0.21875 0.3437488 0.1875 0.3749988 0.1875 0.3749989 0.625 0.3437489 0.5937499 0.3749989 0.5937499 0.3749988 0.1875 0.3437487 0.1562501 0.3749987 0.1562501 0.3749989 0.5937499 0.343749 0.5624999 0.374999 0.5624999 0.3749967 0.9687496 0.3593698 1 0.3437468 0.9687496 0.3749987 0.1562501 0.3437486 0.1250001 0.3749986 0.1250001 0.3749989 0.53125 0.343749 0.5624999 0.3437489 0.53125 0.374998 0.9374998 0.3437468 0.9687496 0.343748 0.9374998 0.3749983 0.09375017 0.3437486 0.1250001 0.3437484 0.09375017 0.3749989 0.53125 0.343749 0.5 0.374999 0.5 0.3749983 0.9062497 0.343748 0.9374998 0.3437484 0.9062497 0.374998 0.06250017 0.3437484 0.09375017 0.343748 0.06250017 0.3749989 0.46875 0.343749 0.5 0.3437489 0.46875 0.3749983 0.9062497 0.3437486 0.8749997 0.3749986 0.8749997 0.374998 0.06250017 0.3437469 0.03125023 0.3749968 0.03124988 0.3749989 0.46875 0.343749 0.4375 0.3749989 0.4375 0.3437488 0.7812498 0.3124988 0.8124997 0.3124988 0.7812498 0.3437489 0.3437501 0.3124991 0.375 0.3124989 0.3437501 0.3437488 0.7812498 0.3124989 0.7499998 0.3437489 0.7499998 0.3437489 0.3125 0.3124989 0.3437501 0.3124989 0.3125001 0.3437489 0.7499998 0.3124989 0.7187499 0.3437489 0.7187499 0.3437489 0.3125 0.3124989 0.2812501 0.3437489 0.2812501 0.3437489 0.7187499 0.3124989 0.6874999 0.3437489 0.6874999 0.3437489 0.2500001 0.3124989 0.2812501 0.3124989 0.2500001 0.3437489 0.6562499 0.3124989 0.6874999 0.3124989 0.6562499 0.3437488 0.21875 0.3124989 0.2500001 0.3124988 0.21875 0.3437489 0.6562499 0.3124989 0.625 0.3437489 0.625 0.3437488 0.1875 0.3124988 0.21875 0.3124988 0.1875 0.3437489 0.5937499 0.3124989 0.625 0.3124989 0.5937499 0.3437487 0.1562501 0.3124988 0.1875 0.3124987 0.1562502 0.3437489 0.5937499 0.312499 0.5624999 0.343749 0.5624999 0.3437468 0.9687496 0.3281199 1 0.3124969 0.9687496 0.3437487 0.1562501 0.3124987 0.1250001 0.3437486 0.1250001 0.3437489 0.53125 0.312499 0.5624999 0.3124989 0.53125 0.3437468 0.9687496 0.3124981 0.9374998 0.343748 0.9374998 0.3437484 0.09375017 0.3124987 0.1250001 0.3124985 0.09375017 0.3437489 0.53125 0.312499 0.5 0.343749 0.5 0.3437484 0.9062497 0.3124981 0.9374998 0.3124985 0.9062497 0.3437484 0.09375017 0.3124981 0.06250017 0.343748 0.06250017 0.3437489 0.46875 0.312499 0.5 0.3124989 0.46875 0.3437484 0.9062497 0.3124986 0.8749997 0.3437486 0.8749997 0.3437469 0.03125023 0.3124981 0.06250017 0.312497 0.03125023 0.3437489 0.46875 0.312499 0.4375 0.343749 0.4375 0.3437486 0.8749997 0.3124988 0.8437497 0.3437487 0.8437497 0.3281208 0 0.3437469 0.03125023 0.312497 0.03125023 0.3437489 0.40625 0.312499 0.4375 0.3124989 0.40625 0.3437488 0.8124997 0.3124988 0.8437497 0.3124988 0.8124997 0.3437489 0.40625 0.3124991 0.375 0.343749 0.375 0.3124989 0.7499998 0.2812489 0.7187499 0.3124989 0.7187499 0.3124989 0.2812501 0.2812489 0.3125001 0.2812489 0.2812501 0.3124989 0.6874999 0.2812489 0.7187499 0.2812489 0.6874999 0.3124989 0.2500001 0.2812489 0.2812501 0.2812489 0.2500001 0.3124989 0.6874999 0.2812489 0.6562499 0.3124989 0.6562499 0.3124989 0.2500001 0.2812489 0.21875 0.3124988 0.21875 0.3124989 0.6562499 0.2812489 0.625 0.3124989 0.625 0.3124988 0.1875 0.2812489 0.21875 0.2812488 0.1875001 0.3124989 0.5937499 0.2812489 0.625 0.2812489 0.5937499 0.3124988 0.1875 0.2812488 0.1562502 0.3124987 0.1562502 0.3124989 0.5937499 0.2812491 0.5624999 0.312499 0.5624999 0.3124969 0.9687496 0.2968701 1 0.2812471 0.9687496 0.3124987 0.1562502 0.2812487 0.1250001 0.3124987 0.1250001 0.3124989 0.53125 0.2812491 0.5624999 0.281249 0.53125 0.3124969 0.9687496 0.2812481 0.9374996 0.3124981 0.9374998 0.3124985 0.09375017 0.2812487 0.1250001 0.2812485 0.09375017 0.3124989 0.53125 0.281249 0.5 0.312499 0.5 0.3124981 0.9374998 0.2812485 0.9062495 0.3124985 0.9062497 0.3124985 0.09375017 0.2812482 0.06250017 0.3124981 0.06250017 0.3124989 0.46875 0.281249 0.5 0.281249 0.46875 0.3124986 0.8749997 0.2812485 0.9062495 0.2812487 0.8749997 0.3124981 0.06250017 0.2812472 0.03125023 0.312497 0.03125023 0.3124989 0.46875 0.281249 0.4375 0.312499 0.4375 0.3124988 0.8437497 0.2812487 0.8749997 0.2812488 0.8437497 0.2968711 0 0.312497 0.03125023 0.2812472 0.03125023 0.3124989 0.40625 0.281249 0.4375 0.2812489 0.40625 0.3124988 0.8437497 0.2812488 0.8124997 0.3124988 0.8124997 0.3124989 0.40625 0.2812491 0.375 0.3124991 0.375 0.3124988 0.7812498 0.2812488 0.8124997 0.2812489 0.7812498 0.3124989 0.3437501 0.2812491 0.375 0.281249 0.3437501 0.3124988 0.7812498 0.2812489 0.7499998 0.3124989 0.7499998 0.3124989 0.3125001 0.281249 0.3437501 0.2812489 0.3125001 0.2812489 0.6562499 0.2499989 0.6874999 0.2499989 0.6562499 0.2812489 0.2500001 0.2499989 0.21875 0.2812489 0.21875 0.2812489 0.6562499 0.2499989 0.625 0.2812489 0.625 0.2812489 0.21875 0.2499988 0.1875001 0.2812488 0.1875001 0.2812489 0.625 0.2499989 0.5937499 0.2812489 0.5937499 0.2812488 0.1562502 0.2499988 0.1875001 0.2499988 0.1562502 0.2812489 0.5937499 0.249999 0.5624999 0.2812491 0.5624999 0.2812471 0.9687496 0.2656202 1 0.2499972 0.9687496 0.2812487 0.1250001 0.2499988 0.1562502 0.2499988 0.1250001 0.281249 0.53125 0.249999 0.5624999 0.249999 0.53125 0.2812471 0.9687496 0.2499982 0.9374996 0.2812481 0.9374996 0.2812485 0.09375017 0.2499988 0.1250001 0.2499985 0.09375017 0.281249 0.53125 0.249999 0.5 0.281249 0.5 0.2812481 0.9374996 0.2499985 0.9062495 0.2812485 0.9062495 0.2812482 0.06250017 0.2499985 0.09375017 0.2499982 0.06250017 0.281249 0.46875 0.249999 0.5 0.249999 0.46875 0.2812487 0.8749997 0.2499985 0.9062495 0.2499986 0.8749997 0.2812472 0.03125023 0.2499982 0.06250017 0.2499973 0.03125023 0.281249 0.46875 0.249999 0.4375 0.281249 0.4375 0.2812487 0.8749997 0.2499988 0.8437497 0.2812488 0.8437497 0.2656213 0 0.2812472 0.03125023 0.2499973 0.03125023 0.2812489 0.40625 0.249999 0.4375 0.2499989 0.40625 0.2812488 0.8437497 0.2499988 0.8124997 0.2812488 0.8124997 0.2812489 0.40625 0.249999 0.375 0.2812491 0.375 0.2812488 0.8124997 0.2499988 0.7812498 0.2812489 0.7812498 0.281249 0.3437501 0.249999 0.375 0.2499989 0.3437501 0.2812489 0.7812498 0.2499989 0.7499998 0.2812489 0.7499998 0.2812489 0.3125001 0.2499989 0.3437501 0.2499989 0.3125001 0.2812489 0.7499998 0.2499989 0.7187498 0.2812489 0.7187499 0.2812489 0.2812501 0.2499989 0.3125001 0.2499989 0.2812501 0.2812489 0.7187499 0.2499989 0.6874999 0.2812489 0.6874999 0.2812489 0.2812501 0.2499989 0.2500002 0.2812489 0.2500001 0.2499989 0.5937499 0.218749 0.625 0.2187489 0.5937499 0.2499988 0.1562502 0.2187489 0.1875001 0.2187488 0.1562502 0.2499989 0.5937499 0.218749 0.5624999 0.249999 0.5624999 0.2499972 0.9687496 0.2343704 1 0.2187474 0.9687496 0.2499988 0.1562502 0.2187488 0.1250001 0.2499988 0.1250001 0.249999 0.53125 0.218749 0.5624999 0.218749 0.53125 0.2499972 0.9687496 0.2187483 0.9374996 0.2499982 0.9374996 0.2499985 0.09375017 0.2187488 0.1250001 0.2187486 0.09375017 0.249999 0.53125 0.218749 0.5 0.249999 0.5 0.2499982 0.9374996 0.2187486 0.9062495 0.2499985 0.9062495 0.2499982 0.06250017 0.2187486 0.09375017 0.2187483 0.06250017 0.249999 0.46875 0.218749 0.5 0.218749 0.46875 0.2499985 0.9062495 0.2187487 0.8749995 0.2499986 0.8749997 0.2499982 0.06250017 0.2187474 0.03125023 0.2499973 0.03125023 0.249999 0.46875 0.218749 0.4375 0.249999 0.4375 0.2499988 0.8437497 0.2187487 0.8749995 0.2187488 0.8437497 0.2343715 0 0.2499973 0.03125023 0.2187474 0.03125023 0.2499989 0.40625 0.218749 0.4375 0.2187489 0.40625 0.2499988 0.8124997 0.2187488 0.8437497 0.2187489 0.8124997 0.2499989 0.40625 0.218749 0.375 0.249999 0.375 0.2499988 0.7812498 0.2187489 0.8124997 0.2187489 0.7812498 0.2499989 0.3437501 0.218749 0.375 0.2187489 0.3437501 0.2499988 0.7812498 0.2187489 0.7499998 0.2499989 0.7499998 0.2499989 0.3125001 0.2187489 0.3437501 0.2187489 0.3125001 0.2499989 0.7499998 0.2187489 0.7187498 0.2499989 0.7187498 0.2499989 0.3125001 0.2187489 0.2812501 0.2499989 0.2812501 0.2499989 0.6874999 0.2187489 0.7187498 0.2187489 0.6874999 0.2499989 0.2812501 0.2187489 0.2500002 0.2499989 0.2500002 0.2499989 0.6874999 0.2187489 0.6562499 0.2499989 0.6562499 0.2499989 0.21875 0.2187489 0.2500002 0.2187489 0.2187501 0.2499989 0.6562499 0.218749 0.625 0.2499989 0.625 0.2499988 0.1875001 0.2187489 0.2187501 0.2187489 0.1875001 0.218749 0.53125 0.187499 0.5624999 0.187499 0.53125 0.2187474 0.9687496 0.1874984 0.9374996 0.2187483 0.9374996 0.2187486 0.09375017 0.1874988 0.1250001 0.1874986 0.09375017 0.218749 0.53125 0.187499 0.5 0.218749 0.5 0.2187483 0.9374996 0.1874987 0.9062495 0.2187486 0.9062495 0.2187486 0.09375017 0.1874984 0.06250017 0.2187483 0.06250017 0.218749 0.46875 0.187499 0.5 0.187499 0.46875 0.2187486 0.9062495 0.1874988 0.8749995 0.2187487 0.8749995 0.2187483 0.06250017 0.1874977 0.03125023 0.2187474 0.03125023 0.218749 0.46875 0.187499 0.4375 0.218749 0.4375 0.2187487 0.8749995 0.1874989 0.8437497 0.2187488 0.8437497 0.2031218 0 0.2187474 0.03125023 0.1874977 0.03125023 0.2187489 0.40625 0.187499 0.4375 0.1874989 0.40625 0.2187488 0.8437497 0.1874989 0.8124997 0.2187489 0.8124997 0.2187489 0.40625 0.187499 0.375 0.218749 0.375 0.2187489 0.7812498 0.1874989 0.8124997 0.1874989 0.7812498 0.2187489 0.3437501 0.187499 0.375 0.187499 0.3437501 0.2187489 0.7499998 0.1874989 0.7812498 0.1874989 0.7499998 0.2187489 0.3125001 0.187499 0.3437501 0.1874989 0.3125001 0.2187489 0.7499998 0.187499 0.7187498 0.2187489 0.7187498 0.2187489 0.3125001 0.1874989 0.2812501 0.2187489 0.2812501 0.2187489 0.6874999 0.187499 0.7187498 0.187499 0.6874999 0.2187489 0.2812501 0.1874989 0.2500002 0.2187489 0.2500002 0.2187489 0.6562499 0.187499 0.6874999 0.1874989 0.6562499 0.2187489 0.2500002 0.1874989 0.2187501 0.2187489 0.2187501 0.2187489 0.6562499 0.187499 0.625 0.218749 0.625 0.2187489 0.2187501 0.1874989 0.1875001 0.2187489 0.1875001 0.2187489 0.5937499 0.187499 0.625 0.1874989 0.5937499 0.2187488 0.1562502 0.1874989 0.1875001 0.1874988 0.1562502 0.2187489 0.5937499 0.187499 0.5624999 0.218749 0.5624999 0.2187474 0.9687496 0.2031206 1 0.1874976 0.9687496 0.2187488 0.1562502 0.1874988 0.1250001 0.2187488 0.1250001 0.1874989 0.8437497 0.1562489 0.8749995 0.1562489 0.8437495 0.1718721 0 0.1874977 0.03125023 0.1562479 0.03125023 0.1874989 0.40625 0.1562491 0.4375 0.1562489 0.40625 0.1874989 0.8124997 0.1562489 0.8437495 0.1562489 0.8124996 0.1874989 0.40625 0.1562491 0.375 0.187499 0.375 0.1874989 0.7812498 0.1562489 0.8124996 0.1562489 0.7812498 0.187499 0.3437501 0.1562491 0.375 0.156249 0.3437501 0.1874989 0.7812498 0.1562489 0.7499998 0.1874989 0.7499998 0.1874989 0.3125001 0.156249 0.3437501 0.1562489 0.3125001 0.1874989 0.7499998 0.156249 0.7187498 0.187499 0.7187498 0.1874989 0.3125001 0.1562489 0.2812501 0.1874989 0.2812501 0.187499 0.7187498 0.156249 0.6874999 0.187499 0.6874999 0.1874989 0.2500002 0.1562489 0.2812501 0.156249 0.2500002 0.1874989 0.6562499 0.156249 0.6874999 0.156249 0.6562499 0.1874989 0.2500002 0.156249 0.2187501 0.1874989 0.2187501 0.1874989 0.6562499 0.156249 0.6249999 0.187499 0.625 0.1874989 0.2187501 0.1562489 0.1875002 0.1874989 0.1875001 0.1874989 0.5937499 0.156249 0.6249999 0.156249 0.5937499 0.1874988 0.1562502 0.1562489 0.1875002 0.1562489 0.1562502 0.1874989 0.5937499 0.1562491 0.5624999 0.187499 0.5624999 0.1874976 0.9687496 0.1718708 1 0.1562478 0.9687496 0.1874988 0.1562502 0.1562489 0.1250002 0.1874988 0.1250001 0.187499 0.53125 0.1562491 0.5624999 0.156249 0.53125 0.1874976 0.9687496 0.1562485 0.9374996 0.1874984 0.9374996 0.1874986 0.09375017 0.1562489 0.1250002 0.1562488 0.09375035 0.187499 0.5 0.156249 0.53125 0.156249 0.5 0.1874984 0.9374996 0.1562488 0.9062495 0.1874987 0.9062495 0.1874984 0.06250017 0.1562488 0.09375035 0.1562485 0.06250017 0.187499 0.5 0.156249 0.46875 0.187499 0.46875 0.1874988 0.8749995 0.1562488 0.9062495 0.1562489 0.8749995 0.1874977 0.03125023 0.1562485 0.06250017 0.1562479 0.03125023 0.187499 0.46875 0.1562491 0.4375 0.187499 0.4375 0.1562489 0.8124996 0.124999 0.7812498 0.1562489 0.7812498 0.156249 0.3437501 0.1249991 0.375 0.1249991 0.3437501 0.1562489 0.7812498 0.124999 0.7499998 0.1562489 0.7499998 0.1562489 0.3125001 0.1249991 0.3437501 0.124999 0.3125001 0.1562489 0.7499998 0.124999 0.7187498 0.156249 0.7187498 0.1562489 0.3125001 0.124999 0.2812501 0.1562489 0.2812501 0.156249 0.6874999 0.124999 0.7187498 0.124999 0.6874999 0.1562489 0.2812501 0.124999 0.2500002 0.156249 0.2500002 0.156249 0.6562499 0.124999 0.6874999 0.124999 0.6562499 0.156249 0.2187501 0.124999 0.2500002 0.124999 0.2187501 0.156249 0.6562499 0.1249991 0.6249999 0.156249 0.6249999 0.1562489 0.1875002 0.124999 0.2187501 0.124999 0.1875002 0.156249 0.5937499 0.1249991 0.6249999 0.124999 0.5937499 0.1562489 0.1875002 0.1249989 0.1562502 0.1562489 0.1562502 0.156249 0.5937499 0.1249991 0.5624999 0.1562491 0.5624999 0.1562478 0.9687496 0.1406211 1 0.124998 0.9687496 0.1562489 0.1562502 0.1249989 0.1250002 0.1562489 0.1250002 0.156249 0.53125 0.1249991 0.5624999 0.1249991 0.53125 0.1562478 0.9687496 0.1249986 0.9374996 0.1562485 0.9374996 0.1562488 0.09375035 0.1249989 0.1250002 0.1249988 0.09375035 0.156249 0.5 0.1249991 0.53125 0.1249991 0.5 0.1562485 0.9374996 0.1249989 0.9062495 0.1562488 0.9062495 0.1562485 0.06250017 0.1249988 0.09375035 0.1249986 0.06250017 0.156249 0.5 0.1249991 0.46875 0.156249 0.46875 0.1562489 0.8749995 0.1249989 0.9062495 0.1249989 0.8749995 0.1562479 0.03125023 0.1249986 0.06250017 0.1249981 0.03125023 0.156249 0.46875 0.1249991 0.4375 0.1562491 0.4375 0.1562489 0.8749995 0.1249989 0.8437495 0.1562489 0.8437495 0.1406224 0 0.1562479 0.03125023 0.1249981 0.03125023 0.1562489 0.40625 0.1249991 0.4375 0.124999 0.40625 0.1562489 0.8437495 0.124999 0.8124996 0.1562489 0.8124996 0.1562489 0.40625 0.1249991 0.375 0.1562491 0.375 0.124999 0.7499998 0.09374904 0.7187498 0.124999 0.7187498 0.124999 0.3125001 0.09374904 0.2812501 0.124999 0.2812501 0.124999 0.7187498 0.09374904 0.6874999 0.124999 0.6874999 0.124999 0.2812501 0.09374904 0.2500002 0.124999 0.2500002 0.124999 0.6562499 0.09374904 0.6874999 0.09374904 0.6562499 0.124999 0.2187501 0.09374904 0.2500002 0.09374904 0.2187501 0.124999 0.6562499 0.09374916 0.6249999 0.1249991 0.6249999 0.124999 0.1875002 0.09374904 0.2187501 0.09374904 0.1875002 0.124999 0.5937499 0.09374916 0.6249999 0.09374904 0.5937499 0.124999 0.1875002 0.09374904 0.1562502 0.1249989 0.1562502 0.124999 0.5937499 0.09374916 0.5624999 0.1249991 0.5624999 0.124998 0.9687496 0.1093714 1 0.09374833 0.9687496 0.1249989 0.1562502 0.09374904 0.1250002 0.1249989 0.1250002 0.1249991 0.53125 0.09374916 0.5624999 0.09374916 0.53125 0.124998 0.9687496 0.0937488 0.9374996 0.1249986 0.9374996 0.1249989 0.1250002 0.09374892 0.09375035 0.1249988 0.09375035 0.1249991 0.5 0.09374916 0.53125 0.09374916 0.5 0.1249986 0.9374996 0.09374904 0.9062495 0.1249989 0.9062495 0.1249988 0.09375035 0.0937488 0.06250017 0.1249986 0.06250017 0.1249991 0.5 0.09374916 0.46875 0.1249991 0.46875 0.1249989 0.8749995 0.09374904 0.9062495 0.09374898 0.8749995 0.1249986 0.06250017 0.09374839 0.03125023 0.1249981 0.03125023 0.1249991 0.46875 0.09374916 0.4375 0.1249991 0.4375 0.1249989 0.8749995 0.09374904 0.8437495 0.1249989 0.8437495 0.1093728 0 0.1249981 0.03125023 0.09374839 0.03125023 0.124999 0.40625 0.09374916 0.4375 0.09374904 0.40625 0.1249989 0.8437495 0.09374904 0.8124996 0.124999 0.8124996 0.124999 0.40625 0.09374916 0.375 0.1249991 0.375 0.124999 0.7812498 0.09374904 0.8124996 0.09374904 0.7812497 0.1249991 0.3437501 0.09374916 0.375 0.09374916 0.3437501 0.124999 0.7812498 0.09374904 0.7499998 0.124999 0.7499998 0.124999 0.3125001 0.09374916 0.3437501 0.09374904 0.3125001 0.09374904 0.6562499 0.0624991 0.6874999 0.0624991 0.6562499 0.09374904 0.2500002 0.06249916 0.2187501 0.09374904 0.2187501 0.09374904 0.6562499 0.06249916 0.6249999 0.09374916 0.6249999 0.09374904 0.1875002 0.06249916 0.2187501 0.0624991 0.1875002 0.09374904 0.5937499 0.06249916 0.6249999 0.0624991 0.5937499 0.09374904 0.1562502 0.0624991 0.1875002 0.06249904 0.1562502 0.09374904 0.5937499 0.06249916 0.5624999 0.09374916 0.5624999 0.09374833 0.9687496 0.07812178 1 0.06249856 0.9687496 0.09374904 0.1562502 0.0624991 0.1250002 0.09374904 0.1250002 0.09374916 0.53125 0.06249916 0.5624999 0.06249916 0.53125 0.09374833 0.9687496 0.06249892 0.9374996 0.0937488 0.9374996 0.09374904 0.1250002 0.06249904 0.09375035 0.09374892 0.09375035 0.09374916 0.5 0.06249916 0.53125 0.06249916 0.5 0.0937488 0.9374996 0.06249904 0.9062495 0.09374904 0.9062495 0.0937488 0.06250017 0.06249904 0.09375035 0.06249892 0.06250017 0.09374916 0.5 0.06249916 0.46875 0.09374916 0.46875 0.09374898 0.8749995 0.06249904 0.9062495 0.06249904 0.8749995 0.09374839 0.03125023 0.06249892 0.06250017 0.06249862 0.03125023 0.09374916 0.46875 0.06249916 0.4375 0.09374916 0.4375 0.09374904 0.8437495 0.06249904 0.8749995 0.0624991 0.8437495 0.07812321 0 0.09374839 0.03125023 0.06249862 0.03125023 0.09374904 0.40625 0.06249916 0.4375 0.0624991 0.40625 0.09374904 0.8124996 0.0624991 0.8437495 0.0624991 0.8124996 0.09374904 0.40625 0.06249916 0.375 0.09374916 0.375 0.09374904 0.7812497 0.0624991 0.8124996 0.0624991 0.7812497 0.09374916 0.3437501 0.06249916 0.375 0.06249916 0.3437501 0.09374904 0.7499998 0.0624991 0.7812497 0.0624991 0.7499998 0.09374904 0.3125001 0.06249916 0.3437501 0.0624991 0.3125001 0.09374904 0.7499998 0.0624991 0.7187498 0.09374904 0.7187498 0.09374904 0.3125001 0.0624991 0.2812501 0.09374904 0.2812501 0.09374904 0.6874999 0.0624991 0.7187498 0.0624991 0.6874999 0.09374904 0.2812501 0.0624991 0.2500002 0.09374904 0.2500002 0.0624991 0.5937499 0.03124916 0.6249999 0.03124916 0.5937499 0.06249904 0.1562502 0.03124916 0.1875002 0.03124916 0.1562502 0.0624991 0.5937499 0.03124922 0.5624999 0.06249916 0.5624999 0.06249856 0.9687496 0.04687213 1 0.0312488 0.9687496 0.0624991 0.1250002 0.03124916 0.1562502 0.03124916 0.1250002 0.06249916 0.53125 0.03124922 0.5624999 0.03124916 0.53125 0.06249856 0.9687496 0.03124904 0.9374996 0.06249892 0.9374996 0.06249904 0.09375035 0.03124916 0.1250002 0.0312491 0.09375035 0.06249916 0.5 0.03124916 0.53125 0.03124916 0.5 0.06249892 0.9374996 0.03124916 0.9062495 0.06249904 0.9062495 0.06249904 0.09375035 0.03124904 0.06250017 0.06249892 0.06250017 0.06249916 0.5 0.03124916 0.46875 0.06249916 0.46875 0.06249904 0.9062495 0.03124916 0.8749995 0.06249904 0.8749995 0.06249892 0.06250017 0.03124886 0.03125023 0.06249862 0.03125023 0.06249916 0.46875 0.03124922 0.4375 0.06249916 0.4375 0.06249904 0.8749995 0.03124916 0.8437495 0.0624991 0.8437495 0.04687356 0 0.06249862 0.03125023 0.03124886 0.03125023 0.0624991 0.40625 0.03124922 0.4375 0.03124916 0.40625 0.0624991 0.8124996 0.03124916 0.8437495 0.03124916 0.8124996 0.0624991 0.40625 0.03124922 0.375 0.06249916 0.375 0.0624991 0.7812497 0.03124916 0.8124996 0.03124916 0.7812498 0.06249916 0.3437501 0.03124922 0.375 0.03124916 0.3437501 0.0624991 0.7812497 0.03124916 0.7499998 0.0624991 0.7499998 0.0624991 0.3125001 0.03124916 0.3437501 0.03124916 0.3125001 0.0624991 0.7187498 0.03124916 0.7499998 0.03124916 0.7187498 0.0624991 0.3125001 0.03124916 0.2812501 0.0624991 0.2812501 0.0624991 0.7187498 0.03124916 0.6874998 0.0624991 0.6874999 0.0624991 0.2812501 0.03124916 0.2500002 0.0624991 0.2500002 0.0624991 0.6562499 0.03124916 0.6874998 0.03124916 0.6562499 0.0624991 0.2500002 0.03124916 0.2187501 0.06249916 0.2187501 0.0624991 0.6562499 0.03124916 0.6249999 0.06249916 0.6249999 0.0624991 0.1875002 0.03124916 0.2187501 0.03124916 0.1875002 0.03124916 0.53125 -7.15256e-7 0.5624999 -8.34465e-7 0.53125 0.0312488 0.9687496 -8.34465e-7 0.9374996 0.03124904 0.9374996 0.03124916 0.1250002 -8.34465e-7 0.09375035 0.0312491 0.09375035 0.03124916 0.5 -8.34465e-7 0.53125 -8.34465e-7 0.5 0.03124904 0.9374996 -7.15256e-7 0.9062495 0.03124916 0.9062495 0.03124904 0.06250017 -8.34465e-7 0.09375035 -8.34465e-7 0.06250017 0.03124916 0.5 -8.34465e-7 0.46875 0.03124916 0.46875 0.03124916 0.8749995 -7.15256e-7 0.9062495 -8.34465e-7 0.8749995 0.03124886 0.03125023 -8.34465e-7 0.06250017 -8.9407e-7 0.03125023 0.03124916 0.46875 -7.15256e-7 0.4375 0.03124922 0.4375 0.03124916 0.8749995 -8.34465e-7 0.8437495 0.03124916 0.8437495 0.01562392 0 0.03124886 0.03125023 -8.9407e-7 0.03125023 0.03124916 0.40625 -7.15256e-7 0.4375 -8.34465e-7 0.40625 0.03124916 0.8437495 -8.34465e-7 0.8124996 0.03124916 0.8124996 0.03124916 0.40625 -7.15256e-7 0.375 0.03124922 0.375 0.03124916 0.7812498 -8.34465e-7 0.8124996 -8.34465e-7 0.7812497 0.03124916 0.3437501 -7.15256e-7 0.375 -8.34465e-7 0.3437501 0.03124916 0.7499998 -8.34465e-7 0.7812497 -8.34465e-7 0.7499998 0.03124916 0.3125001 -8.34465e-7 0.3437501 -8.34465e-7 0.3125001 0.03124916 0.7187498 -8.34465e-7 0.7499998 -8.34465e-7 0.7187498 0.03124916 0.2812501 -8.34465e-7 0.3125001 -8.34465e-7 0.2812501 0.03124916 0.7187498 -8.34465e-7 0.6874999 0.03124916 0.6874998 0.03124916 0.2812501 -8.34465e-7 0.2500002 0.03124916 0.2500002 0.03124916 0.6562499 -8.34465e-7 0.6874999 -8.34465e-7 0.6562499 0.03124916 0.2187501 -8.34465e-7 0.2500002 -7.15256e-7 0.2187501 0.03124916 0.6562499 -8.34465e-7 0.6249999 0.03124916 0.6249999 0.03124916 0.1875002 -7.15256e-7 0.2187501 -8.34465e-7 0.1875002 0.03124916 0.5937499 -8.34465e-7 0.6249999 -8.34465e-7 0.5937499 0.03124916 0.1875002 -8.34465e-7 0.1562502 0.03124916 0.1562502 0.03124916 0.5937499 -7.15256e-7 0.5624999 0.03124922 0.5624999 0.0312488 0.9687496 0.01562249 1 -9.53674e-7 0.9687496 0.03124916 0.1562502 -7.15256e-7 0.1250002 0.03124916 0.1250002 -8.34465e-7 0.5 -0.03125077 0.46875 -8.34465e-7 0.46875 -8.34465e-7 0.8749995 -0.03125065 0.9062495 -0.03125071 0.8749995 -8.34465e-7 0.06250017 -0.03125059 0.03125023 -8.9407e-7 0.03125023 -8.34465e-7 0.46875 -0.03125071 0.4375 -7.15256e-7 0.4375 -8.34465e-7 0.8749995 -0.03125071 0.8437495 -8.34465e-7 0.8437495 -0.01562565 0 -8.9407e-7 0.03125023 -0.03125059 0.03125023 -8.34465e-7 0.40625 -0.03125071 0.4375 -0.03125083 0.40625 -8.34465e-7 0.8437495 -0.03125071 0.8124996 -8.34465e-7 0.8124996 -8.34465e-7 0.40625 -0.03125071 0.375 -7.15256e-7 0.375 -8.34465e-7 0.7812497 -0.03125071 0.8124996 -0.03125077 0.7812498 -8.34465e-7 0.3437501 -0.03125071 0.375 -0.03125077 0.3437501 -8.34465e-7 0.7812497 -0.03125077 0.7499998 -8.34465e-7 0.7499998 -8.34465e-7 0.3125001 -0.03125077 0.3437501 -0.03125083 0.3125001 -8.34465e-7 0.7499998 -0.03125077 0.7187498 -8.34465e-7 0.7187498 -8.34465e-7 0.2812501 -0.03125083 0.3125001 -0.03125083 0.2812501 -8.34465e-7 0.7187498 -0.03125077 0.6874999 -8.34465e-7 0.6874999 -8.34465e-7 0.2812501 -0.03125077 0.2500002 -8.34465e-7 0.2500002 -8.34465e-7 0.6562499 -0.03125077 0.6874999 -0.03125083 0.6562499 -8.34465e-7 0.2500002 -0.03125071 0.2187501 -7.15256e-7 0.2187501 -8.34465e-7 0.6562499 -0.03125077 0.6249999 -8.34465e-7 0.6249999 -8.34465e-7 0.1875002 -0.03125071 0.2187501 -0.03125077 0.1875002 -8.34465e-7 0.5937499 -0.03125077 0.6249999 -0.03125083 0.5937499 -8.34465e-7 0.1562502 -0.03125077 0.1875002 -0.03125077 0.1562502 -8.34465e-7 0.5937499 -0.03125071 0.5624999 -7.15256e-7 0.5624999 -9.53674e-7 0.9687496 -0.01562702 1 -0.03125071 0.9687496 -7.15256e-7 0.1250002 -0.03125077 0.1562502 -0.03125071 0.1250002 -8.34465e-7 0.53125 -0.03125071 0.5624999 -0.03125077 0.53125 -9.53674e-7 0.9687496 -0.03125071 0.9374996 -8.34465e-7 0.9374996 -8.34465e-7 0.09375035 -0.03125071 0.1250002 -0.03125071 0.09375035 -8.34465e-7 0.5 -0.03125077 0.53125 -0.03125077 0.5 -8.34465e-7 0.9374996 -0.03125065 0.9062495 -7.15256e-7 0.9062495 -8.34465e-7 0.06250017 -0.03125071 0.09375035 -0.03125071 0.06250017 -0.03125083 0.40625 -0.06250071 0.4375 -0.06250077 0.40625 -0.03125071 0.8437495 -0.06250071 0.8124996 -0.03125071 0.8124996 -0.03125083 0.40625 -0.06250071 0.375 -0.03125071 0.375 -0.03125071 0.8124996 -0.06250071 0.7812498 -0.03125077 0.7812498 -0.03125077 0.3437501 -0.06250071 0.375 -0.06250071 0.3437501 -0.03125077 0.7499998 -0.06250071 0.7812498 -0.06250071 0.7499998 -0.03125083 0.3125001 -0.06250071 0.3437501 -0.06250077 0.3125001 -0.03125077 0.7499998 -0.06250071 0.7187498 -0.03125077 0.7187498 -0.03125083 0.3125001 -0.06250077 0.2812501 -0.03125083 0.2812501 -0.03125077 0.7187498 -0.06250071 0.6874999 -0.03125077 0.6874999 -0.03125083 0.2812501 -0.06250071 0.2500002 -0.03125077 0.2500002 -0.03125083 0.6562499 -0.06250071 0.6874999 -0.06250077 0.6562499 -0.03125077 0.2500002 -0.06250071 0.2187501 -0.03125071 0.2187501 -0.03125083 0.6562499 -0.06250071 0.6249999 -0.03125077 0.6249999 -0.03125071 0.2187501 -0.06250071 0.1875002 -0.03125077 0.1875002 -0.03125083 0.5937499 -0.06250071 0.6249999 -0.06250077 0.5937499 -0.03125077 0.1875002 -0.06250071 0.1562502 -0.03125077 0.1562502 -0.03125083 0.5937499 -0.06250071 0.5624999 -0.03125071 0.5624999 -0.03125071 0.9687496 -0.04687666 1 -0.06250041 0.9687496 -0.03125077 0.1562502 -0.06250065 0.1250002 -0.03125071 0.1250002 -0.03125077 0.53125 -0.06250071 0.5624999 -0.06250071 0.53125 -0.03125071 0.9687496 -0.06250059 0.9374996 -0.03125071 0.9374996 -0.03125071 0.1250002 -0.06250065 0.09375035 -0.03125071 0.09375035 -0.03125077 0.5 -0.06250071 0.53125 -0.06250077 0.5 -0.03125071 0.9374996 -0.06250053 0.9062495 -0.03125065 0.9062495 -0.03125071 0.06250017 -0.06250065 0.09375035 -0.06250053 0.06250017 -0.03125077 0.5 -0.06250071 0.46875 -0.03125077 0.46875 -0.03125071 0.8749995 -0.06250053 0.9062495 -0.06250065 0.8749995 -0.03125059 0.03125023 -0.06250053 0.06250017 -0.06250035 0.03125023 -0.03125077 0.46875 -0.06250071 0.4375 -0.03125071 0.4375 -0.03125071 0.8437495 -0.06250065 0.8749995 -0.06250071 0.8437495 -0.04687529 0 -0.03125059 0.03125023 -0.06250035 0.03125023 -0.06250071 0.3437501 -0.09375065 0.375 -0.09375071 0.3437501 -0.06250071 0.7499998 -0.09375065 0.7812498 -0.09375071 0.7499998 -0.06250077 0.3125001 -0.09375071 0.3437501 -0.09375077 0.3125001 -0.06250071 0.7499998 -0.09375071 0.7187498 -0.06250071 0.7187498 -0.06250077 0.2812501 -0.09375077 0.3125001 -0.09375077 0.2812501 -0.06250071 0.7187498 -0.09375071 0.6874999 -0.06250071 0.6874999 -0.06250077 0.2812501 -0.09375065 0.2500002 -0.06250071 0.2500002 -0.06250077 0.6562499 -0.09375071 0.6874999 -0.09375077 0.6562499 -0.06250071 0.2187501 -0.09375065 0.2500002 -0.09375065 0.2187501 -0.06250077 0.6562499 -0.09375071 0.6249999 -0.06250071 0.6249999 -0.06250071 0.1875002 -0.09375065 0.2187501 -0.09375065 0.1875002 -0.06250077 0.5937499 -0.09375071 0.6249999 -0.09375077 0.5937499 -0.06250071 0.1562502 -0.09375065 0.1875002 -0.09375065 0.1562502 -0.06250077 0.5937499 -0.09375065 0.5624999 -0.06250071 0.5624999 -0.06250041 0.9687496 -0.07812625 1 -0.09375017 0.9687496 -0.06250071 0.1562502 -0.09375059 0.1250002 -0.06250065 0.1250002 -0.06250071 0.53125 -0.09375065 0.5624999 -0.09375071 0.53125 -0.06250041 0.9687496 -0.09375047 0.9374996 -0.06250059 0.9374996 -0.06250065 0.09375035 -0.09375059 0.1250002 -0.09375053 0.09375035 -0.06250077 0.5 -0.09375071 0.53125 -0.09375071 0.5 -0.06250059 0.9374996 -0.09375047 0.9062495 -0.06250053 0.9062495 -0.06250065 0.09375035 -0.09375041 0.06250017 -0.06250053 0.06250017 -0.06250077 0.5 -0.09375071 0.46875 -0.06250071 0.46875 -0.06250053 0.9062495 -0.09375059 0.8749995 -0.06250065 0.8749995 -0.06250053 0.06250017 -0.09375011 0.03125023 -0.06250035 0.03125023 -0.06250071 0.46875 -0.09375065 0.4375 -0.06250071 0.4375 -0.06250065 0.8749995 -0.09375065 0.8437495 -0.06250071 0.8437495 -0.07812494 0 -0.06250035 0.03125023 -0.09375011 0.03125023 -0.06250077 0.40625 -0.09375065 0.4375 -0.09375077 0.40625 -0.06250071 0.8437495 -0.09375065 0.8124997 -0.06250071 0.8124996 -0.06250077 0.40625 -0.09375065 0.375 -0.06250071 0.375 -0.06250071 0.7812498 -0.09375065 0.8124997 -0.09375065 0.7812498 -0.09375077 0.2812501 -0.1250007 0.3125001 -0.1250007 0.2812501 -0.09375071 0.6874999 -0.1250007 0.7187498 -0.1250007 0.6874999 -0.09375077 0.2812501 -0.1250006 0.2500002 -0.09375065 0.2500002 -0.09375077 0.6562499 -0.1250007 0.6874999 -0.1250007 0.6562499 -0.09375065 0.2500002 -0.1250005 0.2187501 -0.09375065 0.2187501 -0.09375077 0.6562499 -0.1250007 0.6249999 -0.09375071 0.6249999 -0.09375065 0.2187501 -0.1250005 0.1875002 -0.09375065 0.1875002 -0.09375077 0.5937499 -0.1250007 0.6249999 -0.1250007 0.5937499 -0.09375065 0.1875002 -0.1250005 0.1562502 -0.09375065 0.1562502 -0.09375077 0.5937499 -0.1250005 0.5624999 -0.09375065 0.5624999 -0.09375017 0.9687496 -0.1093757 1 -0.1249999 0.9687496 -0.09375059 0.1250002 -0.1250005 0.1562502 -0.1250004 0.1250002 -0.09375071 0.53125 -0.1250005 0.5624999 -0.1250007 0.53125 -0.09375017 0.9687496 -0.1250002 0.9374996 -0.09375047 0.9374996 -0.09375053 0.09375035 -0.1250004 0.1250002 -0.1250004 0.09375035 -0.09375071 0.5 -0.1250007 0.53125 -0.1250007 0.5 -0.09375047 0.9374996 -0.1250004 0.9062495 -0.09375047 0.9062495 -0.09375053 0.09375035 -0.1250002 0.06250017 -0.09375041 0.06250017 -0.09375071 0.5 -0.1250007 0.46875 -0.09375071 0.46875 -0.09375059 0.8749995 -0.1250004 0.9062495 -0.1250005 0.8749995 -0.09375041 0.06250017 -0.1249998 0.03125023 -0.09375011 0.03125023 -0.09375071 0.46875 -0.1250005 0.4375 -0.09375065 0.4375 -0.09375065 0.8437495 -0.1250005 0.8749995 -0.1250005 0.8437497 -0.1093745 0 -0.09375011 0.03125023 -0.1249998 0.03125023 -0.09375077 0.40625 -0.1250005 0.4375 -0.1250007 0.40625 -0.09375065 0.8437495 -0.1250005 0.8124997 -0.09375065 0.8124997 -0.09375077 0.40625 -0.1250006 0.375 -0.09375065 0.375 -0.09375065 0.8124997 -0.1250006 0.7812498 -0.09375065 0.7812498 -0.09375071 0.3437501 -0.1250006 0.375 -0.1250007 0.3437501 -0.09375071 0.7499998 -0.1250006 0.7812498 -0.1250006 0.7499998 -0.09375077 0.3125001 -0.1250007 0.3437501 -0.1250007 0.3125001 -0.09375071 0.7187498 -0.1250006 0.7499998 -0.1250007 0.7187498 -0.1250005 0.2187501 -0.1562506 0.2500002 -0.1562505 0.21875 -0.1250007 0.6562499 -0.1562506 0.625 -0.1250007 0.6249999 -0.1250005 0.1875002 -0.1562505 0.21875 -0.1562505 0.1875002 -0.1250007 0.5937499 -0.1562506 0.625 -0.1562507 0.5937499 -0.1250005 0.1562502 -0.1562505 0.1875002 -0.1562505 0.1562502 -0.1250007 0.5937499 -0.1562506 0.5624999 -0.1250005 0.5624999 -0.1249999 0.9687496 -0.1406253 1 -0.1562497 0.9687496 -0.1250004 0.1250002 -0.1562505 0.1562502 -0.1562504 0.1250001 -0.1250007 0.53125 -0.1562506 0.5624999 -0.1562506 0.53125 -0.1249999 0.9687496 -0.1562502 0.9374996 -0.1250002 0.9374996 -0.1250004 0.09375035 -0.1562504 0.1250001 -0.1562504 0.09375017 -0.1250007 0.5 -0.1562506 0.53125 -0.1562507 0.5 -0.1250002 0.9374996 -0.1562502 0.9062495 -0.1250004 0.9062495 -0.1250002 0.06250017 -0.1562504 0.09375017 -0.1562501 0.06250017 -0.1250007 0.5 -0.1562506 0.46875 -0.1250007 0.46875 -0.1250004 0.9062495 -0.1562504 0.8749995 -0.1250005 0.8749995 -0.1249998 0.03125023 -0.1562501 0.06250017 -0.1562496 0.03125023 -0.1250007 0.46875 -0.1562506 0.4375 -0.1250005 0.4375 -0.1250005 0.8749995 -0.1562505 0.8437497 -0.1250005 0.8437497 -0.1406241 0 -0.1249998 0.03125023 -0.1562496 0.03125023 -0.1250007 0.40625 -0.1562506 0.4375 -0.1562507 0.40625 -0.1250005 0.8124997 -0.1562505 0.8437497 -0.1562505 0.8124997 -0.1250007 0.40625 -0.1562506 0.375 -0.1250006 0.375 -0.1250006 0.7812498 -0.1562505 0.8124997 -0.1562506 0.7812498 -0.1250007 0.3437501 -0.1562506 0.375 -0.1562506 0.3437501 -0.1250006 0.7812498 -0.1562506 0.7499998 -0.1250006 0.7499998 -0.1250007 0.3125001 -0.1562506 0.3437501 -0.1562507 0.3125001 -0.1250006 0.7499998 -0.1562506 0.7187498 -0.1250007 0.7187498 -0.1250007 0.2812501 -0.1562507 0.3125001 -0.1562507 0.2812501 -0.1250007 0.7187498 -0.1562507 0.6874999 -0.1250007 0.6874999 -0.1250007 0.2812501 -0.1562506 0.2500002 -0.1250006 0.2500002 -0.1250007 0.6874999 -0.1562507 0.6562499 -0.1250007 0.6562499 -0.1562505 0.1562502 -0.1875005 0.1875001 -0.1875004 0.1562502 -0.1562507 0.5937499 -0.1875005 0.5624999 -0.1562506 0.5624999 -0.1562497 0.9687496 -0.171875 1 -0.1874995 0.9687496 -0.1562505 0.1562502 -0.1875004 0.1250001 -0.1562504 0.1250001 -0.1562506 0.53125 -0.1875005 0.5624999 -0.1875006 0.53125 -0.1562497 0.9687496 -0.1875001 0.9374996 -0.1562502 0.9374996 -0.1562504 0.09375017 -0.1875004 0.1250001 -0.1875003 0.09375017 -0.1562506 0.53125 -0.1875006 0.5 -0.1562507 0.5 -0.1562502 0.9374996 -0.1875002 0.9062495 -0.1562502 0.9062495 -0.1562504 0.09375017 -0.1875 0.06250017 -0.1562501 0.06250017 -0.1562506 0.46875 -0.1875006 0.5 -0.1875006 0.46875 -0.1562502 0.9062495 -0.1875004 0.8749997 -0.1562504 0.8749995 -0.1562501 0.06250017 -0.1874994 0.03125023 -0.1562496 0.03125023 -0.1562506 0.46875 -0.1875005 0.4375 -0.1562506 0.4375 -0.1562504 0.8749995 -0.1875004 0.8437497 -0.1562505 0.8437497 -0.1718738 0 -0.1562496 0.03125023 -0.1874994 0.03125023 -0.1562507 0.40625 -0.1875005 0.4375 -0.1875007 0.40625 -0.1562505 0.8437497 -0.1875005 0.8124997 -0.1562505 0.8124997 -0.1562507 0.40625 -0.1875006 0.375 -0.1562506 0.375 -0.1562505 0.8124997 -0.1875005 0.7812498 -0.1562506 0.7812498 -0.1562506 0.3437501 -0.1875006 0.375 -0.1875006 0.3437501 -0.1562506 0.7812498 -0.1875006 0.7499998 -0.1562506 0.7499998 -0.1562507 0.3125001 -0.1875006 0.3437501 -0.1875006 0.3125001 -0.1562506 0.7499998 -0.1875006 0.7187498 -0.1562506 0.7187498 -0.1562507 0.2812501 -0.1875006 0.3125001 -0.1875006 0.2812501 -0.1562507 0.6874999 -0.1875006 0.7187498 -0.1875006 0.6874999 -0.1562507 0.2812501 -0.1875005 0.2500002 -0.1562506 0.2500002 -0.1562507 0.6874999 -0.1875006 0.6562499 -0.1562507 0.6562499 -0.1562505 0.21875 -0.1875005 0.2500002 -0.1875005 0.21875 -0.1562507 0.6562499 -0.1875006 0.625 -0.1562506 0.625 -0.1562505 0.1875002 -0.1875005 0.21875 -0.1875005 0.1875001 -0.1562507 0.5937499 -0.1875006 0.625 -0.1875007 0.5937499 -0.1874995 0.9687496 -0.2187499 0.9374996 -0.1875001 0.9374996 -0.1875003 0.09375017 -0.2187503 0.1250001 -0.2187502 0.09375017 -0.1875006 0.5 -0.2187506 0.53125 -0.2187506 0.5 -0.1875001 0.9374996 -0.2187501 0.9062495 -0.1875002 0.9062495 -0.1875 0.06250017 -0.2187502 0.09375017 -0.2187499 0.06250017 -0.1875006 0.5 -0.2187506 0.46875 -0.1875006 0.46875 -0.1875004 0.8749997 -0.2187501 0.9062495 -0.2187503 0.8749997 -0.1874994 0.03125023 -0.2187499 0.06250017 -0.2187492 0.03125023 -0.1875006 0.46875 -0.2187505 0.4375 -0.1875005 0.4375 -0.1875004 0.8437497 -0.2187503 0.8749997 -0.2187504 0.8437497 -0.2031235 0 -0.1874994 0.03125023 -0.2187492 0.03125023 -0.1875007 0.40625 -0.2187505 0.4375 -0.2187507 0.40625 -0.1875005 0.8124997 -0.2187504 0.8437497 -0.2187504 0.8124997 -0.1875007 0.40625 -0.2187505 0.375 -0.1875006 0.375 -0.1875005 0.7812498 -0.2187504 0.8124997 -0.2187505 0.7812498 -0.1875006 0.3437501 -0.2187505 0.375 -0.2187505 0.3437501 -0.1875006 0.7499998 -0.2187505 0.7812498 -0.2187505 0.7499998 -0.1875006 0.3125001 -0.2187505 0.3437501 -0.2187506 0.3125001 -0.1875006 0.7499998 -0.2187505 0.7187499 -0.1875006 0.7187498 -0.1875006 0.2812501 -0.2187506 0.3125001 -0.2187505 0.2812501 -0.1875006 0.6874999 -0.2187505 0.7187499 -0.2187506 0.6874999 -0.1875006 0.2812501 -0.2187505 0.2500001 -0.1875005 0.2500002 -0.1875006 0.6874999 -0.2187506 0.6562499 -0.1875006 0.6562499 -0.1875005 0.21875 -0.2187505 0.2500001 -0.2187504 0.21875 -0.1875006 0.6562499 -0.2187506 0.625 -0.1875006 0.625 -0.1875005 0.21875 -0.2187504 0.1875001 -0.1875005 0.1875001 -0.1875007 0.5937499 -0.2187506 0.625 -0.2187506 0.5937499 -0.1875004 0.1562502 -0.2187504 0.1875001 -0.2187504 0.1562502 -0.1875007 0.5937499 -0.2187505 0.5624999 -0.1875005 0.5624999 -0.1874995 0.9687496 -0.2031245 1 -0.2187492 0.9687496 -0.1875004 0.1562502 -0.2187503 0.1250001 -0.1875004 0.1250001 -0.1875006 0.53125 -0.2187505 0.5624999 -0.2187506 0.53125 -0.2187503 0.8749997 -0.2500001 0.9062497 -0.2500004 0.8749997 -0.2187492 0.03125023 -0.2499998 0.06250017 -0.2499989 0.03125023 -0.2187506 0.46875 -0.2500006 0.4375 -0.2187505 0.4375 -0.2187503 0.8749997 -0.2500004 0.8437497 -0.2187504 0.8437497 -0.2343732 0 -0.2187492 0.03125023 -0.2499989 0.03125023 -0.2187507 0.40625 -0.2500006 0.4375 -0.2500007 0.40625 -0.2187504 0.8437497 -0.2500005 0.8124997 -0.2187504 0.8124997 -0.2187507 0.40625 -0.2500006 0.375 -0.2187505 0.375 -0.2187504 0.8124997 -0.2500005 0.7812498 -0.2187505 0.7812498 -0.2187505 0.3437501 -0.2500006 0.375 -0.2500006 0.3437501 -0.2187505 0.7812498 -0.2500005 0.7499998 -0.2187505 0.7499998 -0.2187506 0.3125001 -0.2500006 0.3437501 -0.2500006 0.3125 -0.2187505 0.7499998 -0.2500006 0.7187499 -0.2187505 0.7187499 -0.2187506 0.3125001 -0.2500006 0.2812501 -0.2187505 0.2812501 -0.2187506 0.6874999 -0.2500006 0.7187499 -0.2500006 0.6874999 -0.2187505 0.2812501 -0.2500005 0.2500001 -0.2187505 0.2500001 -0.2187506 0.6874999 -0.2500006 0.6562499 -0.2187506 0.6562499 -0.2187505 0.2500001 -0.2500005 0.21875 -0.2187504 0.21875 -0.2187506 0.6562499 -0.2500006 0.625 -0.2187506 0.625 -0.2187504 0.1875001 -0.2500005 0.21875 -0.2500005 0.1875001 -0.2187506 0.5937499 -0.2500006 0.625 -0.2500007 0.5937499 -0.2187504 0.1562502 -0.2500005 0.1875001 -0.2500004 0.1562502 -0.2187506 0.5937499 -0.2500006 0.5624999 -0.2187505 0.5624999 -0.2187492 0.9687496 -0.2343741 1 -0.249999 0.9687496 -0.2187503 0.1250001 -0.2500004 0.1562502 -0.2500004 0.1250001 -0.2187506 0.53125 -0.2500006 0.5624999 -0.2500007 0.53125 -0.2187492 0.9687496 -0.2499998 0.9374996 -0.2187499 0.9374996 -0.2187502 0.09375017 -0.2500004 0.1250001 -0.2500002 0.09375017 -0.2187506 0.5 -0.2500007 0.53125 -0.2500007 0.5 -0.2187499 0.9374996 -0.2500001 0.9062497 -0.2187501 0.9062495 -0.2187502 0.09375017 -0.2499998 0.06250017 -0.2187499 0.06250017 -0.2187506 0.5 -0.2500007 0.46875 -0.2187506 0.46875 -0.2500005 0.8124997 -0.2812504 0.8437497 -0.2812505 0.8124997 -0.2500007 0.40625 -0.2812506 0.375 -0.2500006 0.375 -0.2500005 0.8124997 -0.2812505 0.7812498 -0.2500005 0.7812498 -0.2500006 0.3437501 -0.2812506 0.375 -0.2812506 0.3437501 -0.2500005 0.7499998 -0.2812505 0.7812498 -0.2812505 0.7499998 -0.2500006 0.3125 -0.2812506 0.3437501 -0.2812506 0.3125 -0.2500006 0.7187499 -0.2812505 0.7499998 -0.2812505 0.7187499 -0.2500006 0.3125 -0.2812506 0.2812501 -0.2500006 0.2812501 -0.2500006 0.6874999 -0.2812505 0.7187499 -0.2812506 0.6874999 -0.2500006 0.2812501 -0.2812505 0.2500001 -0.2500005 0.2500001 -0.2500006 0.6874999 -0.2812506 0.6562499 -0.2500006 0.6562499 -0.2500005 0.21875 -0.2812505 0.2500001 -0.2812505 0.21875 -0.2500006 0.6562499 -0.2812506 0.625 -0.2500006 0.625 -0.2500005 0.21875 -0.2812505 0.1875001 -0.2500005 0.1875001 -0.2500007 0.5937499 -0.2812506 0.625 -0.2812507 0.5937499 -0.2500004 0.1562502 -0.2812505 0.1875001 -0.2812504 0.1562501 -0.2500007 0.5937499 -0.2812505 0.5624999 -0.2500006 0.5624999 -0.249999 0.9687496 -0.2656238 1 -0.2812489 0.9687496 -0.2500004 0.1562502 -0.2812503 0.1250001 -0.2500004 0.1250001 -0.2500007 0.53125 -0.2812505 0.5624999 -0.2812506 0.53125 -0.249999 0.9687496 -0.2812498 0.9374998 -0.2499998 0.9374996 -0.2500002 0.09375017 -0.2812503 0.1250001 -0.2812501 0.09375017 -0.2500007 0.5 -0.2812506 0.53125 -0.2812506 0.5 -0.2499998 0.9374996 -0.2812501 0.9062497 -0.2500001 0.9062497 -0.2500002 0.09375017 -0.2812498 0.06250017 -0.2499998 0.06250017 -0.2500007 0.5 -0.2812506 0.46875 -0.2500007 0.46875 -0.2500001 0.9062497 -0.2812503 0.8749997 -0.2500004 0.8749997 -0.2499998 0.06250017 -0.2812488 0.03125023 -0.2499989 0.03125023 -0.2500007 0.46875 -0.2812505 0.4375 -0.2500006 0.4375 -0.2500004 0.8749997 -0.2812504 0.8437497 -0.2500004 0.8437497 -0.2656229 0 -0.2499989 0.03125023 -0.2812488 0.03125023 -0.2500007 0.40625 -0.2812505 0.4375 -0.2812507 0.40625 -0.2812505 0.7499998 -0.3125005 0.7812498 -0.3125005 0.7499998 -0.2812506 0.3125 -0.3125005 0.3437501 -0.3125005 0.3125 -0.2812505 0.7499998 -0.3125005 0.7187499 -0.2812505 0.7187499 -0.2812506 0.3125 -0.3125005 0.28125 -0.2812506 0.2812501 -0.2812506 0.6874999 -0.3125005 0.7187499 -0.3125006 0.6875 -0.2812506 0.2812501 -0.3125005 0.2500001 -0.2812505 0.2500001 -0.2812506 0.6874999 -0.3125005 0.6562499 -0.2812506 0.6562499 -0.2812505 0.2500001 -0.3125005 0.21875 -0.2812505 0.21875 -0.2812506 0.625 -0.3125005 0.6562499 -0.3125006 0.625 -0.2812505 0.1875001 -0.3125005 0.21875 -0.3125004 0.1875 -0.2812507 0.5937499 -0.3125006 0.625 -0.3125006 0.5937499 -0.2812504 0.1562501 -0.3125004 0.1875 -0.3125004 0.1562501 -0.2812507 0.5937499 -0.3125005 0.5624999 -0.2812505 0.5624999 -0.2812489 0.9687496 -0.2968735 1 -0.3124987 0.9687496 -0.2812503 0.1250001 -0.3125004 0.1562501 -0.3125002 0.1250001 -0.2812506 0.53125 -0.3125005 0.5624999 -0.3125006 0.53125 -0.2812489 0.9687496 -0.3124998 0.9374998 -0.2812498 0.9374998 -0.2812501 0.09375017 -0.3125002 0.1250001 -0.3125001 0.09375017 -0.2812506 0.5 -0.3125006 0.53125 -0.3125006 0.5 -0.2812498 0.9374998 -0.3125001 0.9062497 -0.2812501 0.9062497 -0.2812501 0.09375017 -0.3124997 0.06250017 -0.2812498 0.06250017 -0.2812506 0.5 -0.3125006 0.46875 -0.2812506 0.46875 -0.2812501 0.9062497 -0.3125002 0.8749997 -0.2812503 0.8749997 -0.2812498 0.06250017 -0.3124986 0.03125023 -0.2812488 0.03125023 -0.2812506 0.46875 -0.3125005 0.4375 -0.2812505 0.4375 -0.2812504 0.8437497 -0.3125002 0.8749997 -0.3125004 0.8437497 -0.2968726 0 -0.2812488 0.03125023 -0.3124986 0.03125023 -0.2812507 0.40625 -0.3125005 0.4375 -0.3125006 0.40625 -0.2812504 0.8437497 -0.3125004 0.8124997 -0.2812505 0.8124997 -0.2812507 0.40625 -0.3125005 0.375 -0.2812506 0.375 -0.2812505 0.8124997 -0.3125005 0.7812498 -0.2812505 0.7812498 -0.2812506 0.3437501 -0.3125005 0.375 -0.3125005 0.3437501 -0.3125006 0.6875 -0.3437505 0.7187499 -0.3437505 0.6875 -0.3125005 0.28125 -0.3437505 0.2500001 -0.3125005 0.2500001 -0.3125006 0.6875 -0.3437505 0.6562499 -0.3125005 0.6562499 -0.3125005 0.21875 -0.3437505 0.2500001 -0.3437504 0.21875 -0.3125005 0.6562499 -0.3437505 0.625 -0.3125006 0.625 -0.3125005 0.21875 -0.3437504 0.1875 -0.3125004 0.1875 -0.3125006 0.5937499 -0.3437505 0.625 -0.3437506 0.5937499 -0.3125004 0.1562501 -0.3437504 0.1875 -0.3437503 0.1562501 -0.3125006 0.5937499 -0.3437505 0.5625 -0.3125005 0.5624999 -0.3124987 0.9687496 -0.3281231 1 -0.3437486 0.9687496 -0.3125004 0.1562501 -0.3437502 0.1250001 -0.3125002 0.1250001 -0.3125006 0.53125 -0.3437505 0.5625 -0.3437506 0.53125 -0.3124987 0.9687496 -0.3437497 0.9374998 -0.3124998 0.9374998 -0.3125001 0.09375017 -0.3437502 0.1250001 -0.3437501 0.09375017 -0.3125006 0.5 -0.3437506 0.53125 -0.3437506 0.5 -0.3124998 0.9374998 -0.3437501 0.9062497 -0.3125001 0.9062497 -0.3125001 0.09375017 -0.3437497 0.06249994 -0.3124997 0.06250017 -0.3125006 0.5 -0.3437506 0.46875 -0.3125006 0.46875 -0.3125001 0.9062497 -0.3437502 0.8749997 -0.3125002 0.8749997 -0.3124997 0.06250017 -0.3437485 0.03125023 -0.3124986 0.03125023 -0.3125006 0.46875 -0.3437505 0.4375 -0.3125005 0.4375 -0.3125002 0.8749997 -0.3437503 0.8437497 -0.3125004 0.8437497 -0.3281224 0 -0.3124986 0.03125023 -0.3437485 0.03125023 -0.3125006 0.40625 -0.3437505 0.4375 -0.3437506 0.40625 -0.3125004 0.8124997 -0.3437503 0.8437497 -0.3437504 0.8124998 -0.3125006 0.40625 -0.3437505 0.375 -0.3125005 0.375 -0.3125005 0.7812498 -0.3437504 0.8124998 -0.3437505 0.7812498 -0.3125005 0.3437501 -0.3437505 0.375 -0.3437505 0.34375 -0.3125005 0.7499998 -0.3437505 0.7812498 -0.3437505 0.7499998 -0.3125005 0.3437501 -0.3437505 0.3125 -0.3125005 0.3125 -0.3125005 0.7499998 -0.3437505 0.7187499 -0.3125005 0.7187499 -0.3125005 0.28125 -0.3437505 0.3125 -0.3437505 0.28125 -0.3437505 0.6562499 -0.3750005 0.625 -0.3437505 0.625 -0.3437504 0.21875 -0.3750004 0.1875 -0.3437504 0.1875 -0.3437506 0.5937499 -0.3750005 0.625 -0.3750007 0.5937499 -0.3437504 0.1875 -0.3750004 0.1562501 -0.3437503 0.1562501 -0.3437506 0.5937499 -0.3750005 0.5625 -0.3437505 0.5625 -0.3437486 0.9687496 -0.3593728 1 -0.3749985 0.9687496 -0.3437503 0.1562501 -0.3750002 0.1250001 -0.3437502 0.1250001 -0.3437506 0.53125 -0.3750005 0.5625 -0.3750007 0.53125 -0.3437497 0.9374998 -0.3749985 0.9687496 -0.3749997 0.9374998 -0.3437501 0.09375017 -0.3750002 0.1250001 -0.375 0.09375017 -0.3437506 0.53125 -0.3750007 0.5 -0.3437506 0.5 -0.3437501 0.9062497 -0.3749997 0.9374998 -0.375 0.9062497 -0.3437501 0.09375017 -0.3749996 0.06249994 -0.3437497 0.06249994 -0.3437506 0.46875 -0.3750007 0.5 -0.3750007 0.46875 -0.3437501 0.9062497 -0.3750002 0.8749997 -0.3437502 0.8749997 -0.3437497 0.06249994 -0.3749983 0.03124988 -0.3437485 0.03125023 -0.3437506 0.46875 -0.3750005 0.4375 -0.3437505 0.4375 -0.3437502 0.8749997 -0.3750002 0.8437498 -0.3437503 0.8437497 -0.3593723 0 -0.3437485 0.03125023 -0.3749983 0.03124988 -0.3437506 0.40625 -0.3750005 0.4375 -0.3750007 0.40625 -0.3437504 0.8124998 -0.3750002 0.8437498 -0.3750004 0.8124998 -0.3437506 0.40625 -0.3750005 0.375 -0.3437505 0.375 -0.3437505 0.7812498 -0.3750004 0.8124998 -0.3750005 0.7812499 -0.3437505 0.34375 -0.3750005 0.375 -0.3750005 0.34375 -0.3437505 0.7499998 -0.3750005 0.7812499 -0.3750005 0.7499999 -0.3437505 0.34375 -0.3750005 0.3125 -0.3437505 0.3125 -0.3437505 0.7187499 -0.3750005 0.7499999 -0.3750005 0.7187499 -0.3437505 0.3125 -0.3750005 0.28125 -0.3437505 0.28125 -0.3437505 0.6875 -0.3750005 0.7187499 -0.3750005 0.6875 -0.3437505 0.28125 -0.3750005 0.25 -0.3437505 0.2500001 -0.3437505 0.6875 -0.3750005 0.6562499 -0.3437505 0.6562499 -0.3437504 0.21875 -0.3750005 0.25 -0.3750004 0.21875 -0.3750007 0.5937499 -0.4062505 0.5625 -0.3750005 0.5625 -0.3749985 0.9687496 -0.3906225 1 -0.4062484 0.9687496 -0.3750004 0.1562501 -0.4062501 0.1250001 -0.3750002 0.1250001 -0.3750007 0.53125 -0.4062505 0.5625 -0.4062507 0.53125 -0.3749985 0.9687496 -0.4062496 0.9374998 -0.3749997 0.9374998 -0.375 0.09375017 -0.4062501 0.1250001 -0.40625 0.09375005 -0.3750007 0.53125 -0.4062506 0.5 -0.3750007 0.5 -0.3749997 0.9374998 -0.40625 0.9062497 -0.375 0.9062497 -0.3749996 0.06249994 -0.40625 0.09375005 -0.4062496 0.06249994 -0.3750007 0.46875 -0.4062506 0.5 -0.4062507 0.46875 -0.3750002 0.8749997 -0.40625 0.9062497 -0.4062501 0.8749997 -0.3749983 0.03124988 -0.4062496 0.06249994 -0.4062483 0.03124988 -0.3750007 0.46875 -0.4062505 0.4375 -0.3750005 0.4375 -0.3750002 0.8437498 -0.4062501 0.8749997 -0.4062502 0.8437498 -0.3906221 0 -0.3749983 0.03124988 -0.4062483 0.03124988 -0.3750007 0.40625 -0.4062505 0.4375 -0.4062506 0.40625 -0.3750002 0.8437498 -0.4062504 0.8124998 -0.3750004 0.8124998 -0.3750007 0.40625 -0.4062505 0.375 -0.3750005 0.375 -0.3750005 0.7812499 -0.4062504 0.8124998 -0.4062504 0.7812499 -0.3750005 0.34375 -0.4062505 0.375 -0.4062506 0.34375 -0.3750005 0.7499999 -0.4062504 0.7812499 -0.4062505 0.7499999 -0.3750005 0.3125 -0.4062506 0.34375 -0.4062506 0.3125 -0.3750005 0.7499999 -0.4062505 0.7187499 -0.3750005 0.7187499 -0.3750005 0.28125 -0.4062506 0.3125 -0.4062506 0.28125 -0.3750005 0.6875 -0.4062505 0.7187499 -0.4062506 0.6875 -0.3750005 0.28125 -0.4062504 0.25 -0.3750005 0.25 -0.3750005 0.6875 -0.4062506 0.65625 -0.3750005 0.6562499 -0.3750004 0.21875 -0.4062504 0.25 -0.4062504 0.21875 -0.3750005 0.625 -0.4062506 0.65625 -0.4062506 0.625 -0.3750004 0.21875 -0.4062504 0.1875 -0.3750004 0.1875 -0.3750007 0.5937499 -0.4062506 0.625 -0.4062507 0.59375 -0.3750004 0.1562501 -0.4062504 0.1875 -0.4062502 0.15625 -0.4062507 0.53125 -0.4375006 0.5 -0.4062506 0.5 -0.4062496 0.9374998 -0.4375 0.9062498 -0.40625 0.9062497 -0.40625 0.09375005 -0.4374995 0.06249994 -0.4062496 0.06249994 -0.4062507 0.46875 -0.4375006 0.5 -0.4375006 0.46875 -0.40625 0.9062497 -0.4375001 0.8749998 -0.4062501 0.8749997 -0.4062496 0.06249994 -0.4374982 0.03124988 -0.4062483 0.03124988 -0.4062507 0.46875 -0.4375005 0.4375 -0.4062505 0.4375 -0.4062502 0.8437498 -0.4375001 0.8749998 -0.4375003 0.8437498 -0.421872 0 -0.4062483 0.03124988 -0.4374982 0.03124988 -0.4062506 0.40625 -0.4375005 0.4375 -0.4375006 0.40625 -0.4062504 0.8124998 -0.4375003 0.8437498 -0.4375004 0.8124998 -0.4062506 0.40625 -0.4375005 0.375 -0.4062505 0.375 -0.4062504 0.7812499 -0.4375004 0.8124998 -0.4375004 0.78125 -0.4062506 0.34375 -0.4375005 0.375 -0.4375005 0.34375 -0.4062505 0.7499999 -0.4375004 0.78125 -0.4375005 0.7499999 -0.4062506 0.3125 -0.4375005 0.34375 -0.4375006 0.3125 -0.4062505 0.7187499 -0.4375005 0.7499999 -0.4375005 0.71875 -0.4062506 0.28125 -0.4375006 0.3125 -0.4375005 0.28125 -0.4062505 0.7187499 -0.4375005 0.6875 -0.4062506 0.6875 -0.4062506 0.28125 -0.4375004 0.25 -0.4062504 0.25 -0.4062506 0.6875 -0.4375005 0.65625 -0.4062506 0.65625 -0.4062504 0.25 -0.4375004 0.21875 -0.4062504 0.21875 -0.4062506 0.65625 -0.4375005 0.625 -0.4062506 0.625 -0.4062504 0.21875 -0.4375004 0.1875 -0.4062504 0.1875 -0.4062507 0.59375 -0.4375005 0.625 -0.4375006 0.59375 -0.4062502 0.15625 -0.4375004 0.1875 -0.4375003 0.15625 -0.4062507 0.59375 -0.4375005 0.5625 -0.4062505 0.5625 -0.4062484 0.9687496 -0.4218723 1 -0.4374984 0.9687496 -0.4062502 0.15625 -0.4375001 0.125 -0.4062501 0.1250001 -0.4062507 0.53125 -0.4375005 0.5625 -0.4375006 0.53125 -0.4062496 0.9374998 -0.4374984 0.9687496 -0.4374996 0.9374998 -0.40625 0.09375005 -0.4375001 0.125 -0.4375 0.09375005 -0.4375006 0.46875 -0.4687505 0.4375 -0.4375005 0.4375 -0.4375001 0.8749998 -0.4687502 0.8437498 -0.4375003 0.8437498 -0.4531219 0 -0.4374982 0.03124988 -0.4687482 0.03124988 -0.4375006 0.40625 -0.4687505 0.4375 -0.4687506 0.40625 -0.4375004 0.8124998 -0.4687502 0.8437498 -0.4687504 0.8124998 -0.4375006 0.40625 -0.4687505 0.375 -0.4375005 0.375 -0.4375004 0.78125 -0.4687504 0.8124998 -0.4687504 0.78125 -0.4375005 0.34375 -0.4687505 0.375 -0.4687505 0.34375 -0.4375005 0.7499999 -0.4687504 0.78125 -0.4687505 0.7499999 -0.4375006 0.3125 -0.4687505 0.34375 -0.4687505 0.3125 -0.4375005 0.7499999 -0.4687505 0.71875 -0.4375005 0.71875 -0.4375005 0.28125 -0.4687505 0.3125 -0.4687505 0.28125 -0.4375005 0.6875 -0.4687505 0.71875 -0.4687505 0.6875 -0.4375005 0.28125 -0.4687504 0.2499999 -0.4375004 0.25 -0.4375005 0.6875 -0.4687505 0.65625 -0.4375005 0.65625 -0.4375004 0.21875 -0.4687504 0.2499999 -0.4687504 0.2187499 -0.4375005 0.65625 -0.4687505 0.625 -0.4375005 0.625 -0.4375004 0.21875 -0.4687504 0.1875 -0.4375004 0.1875 -0.4375006 0.59375 -0.4687505 0.625 -0.4687506 0.59375 -0.4375003 0.15625 -0.4687504 0.1875 -0.4687503 0.15625 -0.4375006 0.59375 -0.4687505 0.5625 -0.4375005 0.5625 -0.4374984 0.9687496 -0.4531221 1 -0.4687483 0.96875 -0.4375001 0.125 -0.4687503 0.15625 -0.4687501 0.125 -0.4375006 0.53125 -0.4687505 0.5625 -0.4687506 0.53125 -0.4374984 0.9687496 -0.4687495 0.9374998 -0.4374996 0.9374998 -0.4375 0.09375005 -0.4687501 0.125 -0.46875 0.09375005 -0.4375006 0.53125 -0.4687506 0.5 -0.4375006 0.5 -0.4374996 0.9374998 -0.46875 0.9062498 -0.4375 0.9062498 -0.4374995 0.06249994 -0.46875 0.09375005 -0.4687495 0.06249994 -0.4375006 0.46875 -0.4687506 0.5 -0.4687506 0.46875 -0.4375 0.9062498 -0.4687501 0.8749998 -0.4375001 0.8749998 -0.4374995 0.06249994 -0.4687482 0.03124988 -0.4374982 0.03124988 -0.4687506 0.40625 -0.5000006 0.375 -0.4687505 0.375 -0.4687504 0.78125 -0.5000004 0.8124998 -0.5000005 0.78125 -0.4687505 0.34375 -0.5000006 0.375 -0.5000006 0.34375 -0.4687505 0.7499999 -0.5000005 0.78125 -0.5000005 0.7499999 -0.4687505 0.3125 -0.5000006 0.34375 -0.5000006 0.3124999 -0.4687505 0.7499999 -0.5000006 0.71875 -0.4687505 0.71875 -0.4687505 0.3125 -0.5000006 0.28125 -0.4687505 0.28125 -0.4687505 0.6875 -0.5000006 0.71875 -0.5000006 0.6875 -0.4687505 0.28125 -0.5000005 0.2499999 -0.4687504 0.2499999 -0.4687505 0.6875 -0.5000006 0.65625 -0.4687505 0.65625 -0.4687504 0.2187499 -0.5000005 0.2499999 -0.5000004 0.2187499 -0.4687505 0.65625 -0.5000006 0.625 -0.4687505 0.625 -0.4687504 0.1875 -0.5000004 0.2187499 -0.5000004 0.1875 -0.4687506 0.59375 -0.5000006 0.625 -0.5000006 0.59375 -0.4687503 0.15625 -0.5000004 0.1875 -0.5000002 0.15625 -0.4687506 0.59375 -0.5000006 0.5625 -0.4687505 0.5625 -0.4687483 0.96875 -0.4843719 1 -0.4999983 0.96875 -0.4687501 0.125 -0.5000002 0.15625 -0.5000001 0.125 -0.4687506 0.53125 -0.5000006 0.5625 -0.5000006 0.53125 -0.4687495 0.9374998 -0.4999983 0.96875 -0.4999995 0.9374998 -0.46875 0.09375005 -0.5000001 0.125 -0.4999999 0.09375005 -0.4687506 0.53125 -0.5000006 0.5 -0.4687506 0.5 -0.46875 0.9062498 -0.4999995 0.9374998 -0.4999999 0.9062498 -0.46875 0.09375005 -0.4999994 0.06249994 -0.4687495 0.06249994 -0.4687506 0.46875 -0.5000006 0.5 -0.5000006 0.46875 -0.4687501 0.8749998 -0.4999999 0.9062498 -0.5000001 0.8749998 -0.4687495 0.06249994 -0.4999982 0.03124988 -0.4687482 0.03124988 -0.4687506 0.46875 -0.5000006 0.4375 -0.4687505 0.4375 -0.4687502 0.8437498 -0.5000001 0.8749998 -0.5000002 0.8437498 -0.4843719 0 -0.4687482 0.03124988 -0.4999982 0.03124988 -0.4687506 0.40625 -0.5000006 0.4375 -0.5000006 0.40625 -0.4687504 0.8124998 -0.5000002 0.8437498 -0.5000004 0.8124998 1.499999 0.3124999 1.468749 0.34375 1.468749 0.3124999 1.5 0.7499999 1.468749 0.71875 1.499999 0.71875 1.499999 0.3124999 1.468749 0.2812499 1.499999 0.28125 1.499999 0.71875 1.468749 0.6875 1.499999 0.6875 1.499999 0.28125 1.46875 0.2499999 1.5 0.2499999 1.499999 0.6875 1.468749 0.65625 1.499999 0.65625 1.5 0.2187499 1.46875 0.2499999 1.46875 0.2187499 1.499999 0.65625 1.468749 0.625 1.499999 0.625 1.5 0.2187499 1.46875 0.1875 1.5 0.1875 1.499999 0.59375 1.468749 0.625 1.468749 0.59375 1.5 0.1875 1.46875 0.15625 1.5 0.15625 1.499999 0.59375 1.468749 0.5625 1.499999 0.5625 1.500002 0.96875 1.484378 1 1.468752 0.96875 1.5 0.15625 1.46875 0.1249998 1.5 0.125 1.499999 0.53125 1.468749 0.5625 1.468749 0.53125 1.500002 0.96875 1.46875 0.9374998 1.500001 0.9374998 1.5 0.09375005 1.46875 0.1249998 1.46875 0.09374994 1.499999 0.53125 1.468749 0.5 1.499999 0.5 1.500001 0.9374998 1.46875 0.9062498 1.5 0.9062498 1.5 0.09375005 1.46875 0.06249994 1.500001 0.06249994 1.499999 0.46875 1.468749 0.5 1.468749 0.46875 1.5 0.9062498 1.46875 0.8749998 1.5 0.8749998 1.500001 0.06249994 1.468752 0.03124988 1.500002 0.03124988 1.499999 0.46875 1.468749 0.4375 1.499999 0.4375 1.5 0.8749998 1.46875 0.8437499 1.5 0.8437498 1.484378 0 1.500002 0.03124988 1.468752 0.03124988 1.499999 0.40625 1.468749 0.4375 1.468749 0.40625 1.5 0.8437498 1.46875 0.8124998 1.5 0.8124998 1.499999 0.40625 1.468749 0.375 1.499999 0.375 1.5 0.78125 1.46875 0.8124998 1.46875 0.78125 1.499999 0.34375 1.468749 0.375 1.468749 0.34375 1.5 0.7499999 1.46875 0.78125 1.468749 0.7499999 1.468749 0.2812499 1.4375 0.2499999 1.46875 0.2499999 1.468749 0.6875 1.437499 0.65625 1.468749 0.65625 1.46875 0.2499999 1.4375 0.2187499 1.46875 0.2187499 1.468749 0.65625 1.437499 0.625 1.468749 0.625 1.46875 0.2187499 1.4375 0.1875 1.46875 0.1875 1.468749 0.59375 1.437499 0.625 1.437499 0.59375 1.46875 0.1875 1.4375 0.1562498 1.46875 0.15625 1.468749 0.59375 1.437499 0.5625 1.468749 0.5625 1.468752 0.96875 1.453128 1 1.437502 0.96875 1.46875 0.15625 1.4375 0.1249998 1.46875 0.1249998 1.468749 0.53125 1.437499 0.5625 1.437499 0.53125 1.468752 0.96875 1.4375 0.9375 1.46875 0.9374998 1.46875 0.09374994 1.4375 0.1249998 1.4375 0.09374994 1.468749 0.53125 1.437499 0.5 1.468749 0.5 1.46875 0.9374998 1.4375 0.9062498 1.46875 0.9062498 1.46875 0.09374994 1.4375 0.06249994 1.46875 0.06249994 1.468749 0.46875 1.437499 0.5 1.437499 0.46875 1.46875 0.9062498 1.4375 0.8749999 1.46875 0.8749998 1.46875 0.06249994 1.437502 0.03124988 1.468752 0.03124988 1.468749 0.46875 1.437499 0.4375 1.468749 0.4375 1.46875 0.8437499 1.4375 0.8749999 1.4375 0.8437499 1.453128 0 1.468752 0.03124988 1.437502 0.03124988 1.468749 0.40625 1.437499 0.4375 1.437499 0.40625 1.46875 0.8124998 1.4375 0.8437499 1.4375 0.8124999 1.468749 0.40625 1.437499 0.375 1.468749 0.375 1.46875 0.78125 1.4375 0.8124999 1.4375 0.78125 1.468749 0.34375 1.437499 0.375 1.437499 0.34375 1.468749 0.7499999 1.4375 0.78125 1.437499 0.7499999 1.468749 0.3124999 1.437499 0.34375 1.437499 0.3124999 1.468749 0.71875 1.437499 0.7499999 1.437499 0.71875 1.468749 0.3124999 1.437499 0.2812499 1.468749 0.2812499 1.468749 0.6875 1.437499 0.71875 1.437499 0.6875 1.4375 0.2187499 1.40625 0.1875 1.4375 0.1875 1.437499 0.59375 1.406249 0.625 1.406249 0.59375 1.4375 0.1875 1.40625 0.1562498 1.4375 0.1562498 1.437499 0.59375 1.406249 0.5625 1.437499 0.5625 1.437502 0.96875 1.421878 1 1.406252 0.96875 1.4375 0.1562498 1.40625 0.1249998 1.4375 0.1249998 1.437499 0.53125 1.406249 0.5625 1.406249 0.53125 1.437502 0.96875 1.40625 0.9375 1.4375 0.9375 1.4375 0.09374994 1.40625 0.1249998 1.40625 0.09374994 1.437499 0.53125 1.406249 0.5 1.437499 0.5 1.4375 0.9375 1.40625 0.9062499 1.4375 0.9062498 1.4375 0.09374994 1.40625 0.06249994 1.4375 0.06249994 1.437499 0.46875 1.406249 0.5 1.406249 0.46875 1.4375 0.9062498 1.40625 0.8749999 1.4375 0.8749999 1.4375 0.06249994 1.406252 0.03124988 1.437502 0.03124988 1.437499 0.46875 1.406249 0.4375 1.437499 0.4375 1.4375 0.8749999 1.40625 0.8437499 1.4375 0.8437499 1.421878 0 1.437502 0.03124988 1.406252 0.03124988 1.437499 0.40625 1.406249 0.4375 1.406249 0.40625 1.4375 0.8124999 1.40625 0.8437499 1.40625 0.8124999 1.437499 0.40625 1.406249 0.375 1.437499 0.375 1.4375 0.78125 1.40625 0.8124999 1.40625 0.78125 1.437499 0.34375 1.406249 0.375 1.406249 0.3437499 1.437499 0.7499999 1.40625 0.78125 1.406249 0.75 1.437499 0.3124999 1.406249 0.3437499 1.406249 0.3124999 1.437499 0.71875 1.406249 0.75 1.406249 0.71875 1.437499 0.3124999 1.406249 0.2812499 1.437499 0.2812499 1.437499 0.6875 1.406249 0.71875 1.406249 0.6875 1.437499 0.2812499 1.40625 0.2499999 1.4375 0.2499999 1.437499 0.6875 1.406249 0.65625 1.437499 0.65625 1.4375 0.2187499 1.40625 0.2499999 1.40625 0.2187499 1.437499 0.65625 1.406249 0.625 1.437499 0.625 1.40625 0.1562498 1.375 0.1875 1.375 0.1562498 1.406249 0.59375 1.374999 0.5625 1.406249 0.5625 1.406252 0.96875 1.390628 1 1.375001 0.96875 1.40625 0.1249998 1.375 0.1562498 1.375 0.1249998 1.406249 0.53125 1.374999 0.5625 1.374999 0.53125 1.406252 0.96875 1.375 0.9375 1.40625 0.9375 1.40625 0.09374994 1.375 0.1249998 1.375 0.09374994 1.406249 0.53125 1.374999 0.5 1.406249 0.5 1.40625 0.9375 1.375 0.9062499 1.40625 0.9062499 1.40625 0.06249994 1.375 0.09374994 1.375 0.06249982 1.406249 0.46875 1.374999 0.5 1.374999 0.46875 1.40625 0.9062499 1.375 0.8749999 1.40625 0.8749999 1.406252 0.03124988 1.375 0.06249982 1.375002 0.03124988 1.406249 0.46875 1.374999 0.4375 1.406249 0.4375 1.40625 0.8749999 1.375 0.84375 1.40625 0.8437499 1.390628 0 1.406252 0.03124988 1.375002 0.03124988 1.406249 0.40625 1.374999 0.4375 1.374999 0.40625 1.40625 0.8437499 1.375 0.8124999 1.40625 0.8124999 1.406249 0.40625 1.374999 0.375 1.406249 0.375 1.40625 0.78125 1.375 0.8124999 1.375 0.78125 1.406249 0.3437499 1.374999 0.375 1.374999 0.3437499 1.406249 0.75 1.375 0.78125 1.374999 0.75 1.406249 0.3124999 1.374999 0.3437499 1.374999 0.3124999 1.406249 0.75 1.374999 0.71875 1.406249 0.71875 1.406249 0.3124999 1.374999 0.2812499 1.406249 0.2812499 1.406249 0.6875 1.374999 0.71875 1.374999 0.6875001 1.406249 0.2812499 1.375 0.2499999 1.40625 0.2499999 1.406249 0.6875 1.374999 0.65625 1.406249 0.65625 1.40625 0.2187499 1.375 0.2499999 1.375 0.2187498 1.406249 0.65625 1.374999 0.6250001 1.406249 0.625 1.40625 0.2187499 1.375 0.1875 1.40625 0.1875 1.406249 0.59375 1.374999 0.6250001 1.374999 0.59375 1.375001 0.96875 1.34375 0.9375 1.375 0.9375 1.375 0.09374994 1.34375 0.1249998 1.34375 0.09374994 1.374999 0.53125 1.343749 0.5 1.374999 0.5 1.375 0.9062499 1.34375 0.9375 1.34375 0.9062499 1.375 0.09374994 1.34375 0.06249982 1.375 0.06249982 1.374999 0.46875 1.343749 0.5 1.343749 0.46875 1.375 0.9062499 1.34375 0.875 1.375 0.8749999 1.375 0.06249982 1.343751 0.03124988 1.375002 0.03124988 1.374999 0.46875 1.343749 0.4375 1.374999 0.4375 1.375 0.8749999 1.34375 0.84375 1.375 0.84375 1.359378 0 1.375002 0.03124988 1.343751 0.03124988 1.374999 0.40625 1.343749 0.4375 1.343749 0.40625 1.375 0.8124999 1.34375 0.84375 1.34375 0.8124999 1.374999 0.40625 1.343749 0.375 1.374999 0.375 1.375 0.78125 1.34375 0.8124999 1.343749 0.78125 1.374999 0.3437499 1.343749 0.375 1.343749 0.3437499 1.374999 0.75 1.343749 0.78125 1.343749 0.75 1.374999 0.3124999 1.343749 0.3437499 1.343749 0.3124999 1.374999 0.75 1.343749 0.71875 1.374999 0.71875 1.374999 0.2812499 1.343749 0.3124999 1.343749 0.2812499 1.374999 0.6875001 1.343749 0.71875 1.343749 0.6875001 1.374999 0.2812499 1.343749 0.2499998 1.375 0.2499999 1.374999 0.6875001 1.343749 0.65625 1.374999 0.65625 1.375 0.2499999 1.343749 0.2187498 1.375 0.2187498 1.374999 0.65625 1.343749 0.6250001 1.374999 0.6250001 1.375 0.2187498 1.34375 0.1874999 1.375 0.1875 1.374999 0.59375 1.343749 0.6250001 1.343749 0.59375 1.375 0.1562498 1.34375 0.1874999 1.34375 0.1562498 1.374999 0.59375 1.343749 0.5625 1.374999 0.5625 1.375001 0.96875 1.359378 1 1.343751 0.96875 1.375 0.1562498 1.34375 0.1249998 1.375 0.1249998 1.374999 0.53125 1.343749 0.5625 1.343749 0.53125 1.34375 0.9062499 1.3125 0.875 1.34375 0.875 1.343751 0.03124988 1.3125 0.06249982 1.312501 0.03124988 1.343749 0.46875 1.312499 0.4375 1.343749 0.4375 1.34375 0.84375 1.3125 0.875 1.3125 0.84375 1.328127 0 1.343751 0.03124988 1.312501 0.03124988 1.343749 0.40625 1.312499 0.4375 1.312499 0.4062499 1.34375 0.84375 1.3125 0.8124999 1.34375 0.8124999 1.343749 0.40625 1.312499 0.375 1.343749 0.375 1.343749 0.78125 1.3125 0.8124999 1.312499 0.78125 1.343749 0.3437499 1.312499 0.375 1.312499 0.3437499 1.343749 0.78125 1.312499 0.75 1.343749 0.75 1.343749 0.3124999 1.312499 0.3437499 1.312499 0.3124999 1.343749 0.75 1.312499 0.71875 1.343749 0.71875 1.343749 0.3124999 1.312499 0.2812499 1.343749 0.2812499 1.343749 0.6875001 1.312499 0.71875 1.312499 0.6875001 1.343749 0.2812499 1.312499 0.2499998 1.343749 0.2499998 1.343749 0.6875001 1.312499 0.65625 1.343749 0.65625 1.343749 0.2187498 1.312499 0.2499998 1.312499 0.2187498 1.343749 0.65625 1.312499 0.6250001 1.343749 0.6250001 1.343749 0.2187498 1.3125 0.1874999 1.34375 0.1874999 1.343749 0.59375 1.312499 0.6250001 1.312499 0.59375 1.34375 0.1562498 1.3125 0.1874999 1.3125 0.1562498 1.343749 0.59375 1.312499 0.5625 1.343749 0.5625 1.343751 0.96875 1.328128 1 1.312501 0.96875 1.34375 0.1562498 1.3125 0.1249998 1.34375 0.1249998 1.343749 0.53125 1.312499 0.5625 1.312499 0.53125 1.34375 0.9375 1.312501 0.96875 1.3125 0.9375 1.34375 0.09374994 1.3125 0.1249998 1.3125 0.09374994 1.343749 0.53125 1.312499 0.5 1.343749 0.5 1.34375 0.9062499 1.3125 0.9375 1.3125 0.9062499 1.34375 0.09374994 1.3125 0.06249982 1.34375 0.06249982 1.343749 0.46875 1.312499 0.5 1.312499 0.46875 1.3125 0.84375 1.281249 0.8125 1.3125 0.8124999 1.312499 0.4062499 1.281249 0.375 1.312499 0.375 1.312499 0.78125 1.281249 0.8125 1.281249 0.7812501 1.312499 0.3437499 1.281249 0.375 1.281249 0.3437499 1.312499 0.75 1.281249 0.7812501 1.281249 0.75 1.312499 0.3124999 1.281249 0.3437499 1.281249 0.3124999 1.312499 0.75 1.281249 0.7187501 1.312499 0.71875 1.312499 0.2812499 1.281249 0.3124999 1.281249 0.2812499 1.312499 0.6875001 1.281249 0.7187501 1.281249 0.6875001 1.312499 0.2812499 1.281249 0.2499998 1.312499 0.2499998 1.312499 0.6875001 1.281249 0.65625 1.312499 0.65625 1.312499 0.2187498 1.281249 0.2499998 1.281249 0.2187498 1.312499 0.6250001 1.281249 0.65625 1.281249 0.6250001 1.312499 0.2187498 1.28125 0.1874999 1.3125 0.1874999 1.312499 0.59375 1.281249 0.6250001 1.281249 0.59375 1.3125 0.1562498 1.28125 0.1874999 1.28125 0.1562498 1.312499 0.59375 1.281249 0.5625 1.312499 0.5625 1.312501 0.96875 1.296878 1 1.281251 0.96875 1.3125 0.1562498 1.28125 0.1249997 1.3125 0.1249998 1.312499 0.53125 1.281249 0.5625 1.281249 0.53125 1.312501 0.96875 1.28125 0.9375 1.3125 0.9375 1.3125 0.1249998 1.28125 0.09374982 1.3125 0.09374994 1.312499 0.53125 1.281249 0.5 1.312499 0.5 1.3125 0.9375 1.28125 0.9062499 1.3125 0.9062499 1.3125 0.09374994 1.28125 0.06249982 1.3125 0.06249982 1.312499 0.46875 1.281249 0.5 1.281249 0.46875 1.3125 0.9062499 1.28125 0.875 1.3125 0.875 1.312501 0.03124988 1.28125 0.06249982 1.281251 0.03124988 1.312499 0.46875 1.281249 0.4375 1.312499 0.4375 1.3125 0.84375 1.28125 0.875 1.28125 0.84375 1.296877 0 1.312501 0.03124988 1.281251 0.03124988 1.312499 0.4062499 1.281249 0.4375 1.281249 0.4062499 1.281249 0.75 1.249999 0.7812501 1.249999 0.75 1.281249 0.3437499 1.249999 0.3124999 1.281249 0.3124999 1.281249 0.75 1.249999 0.7187501 1.281249 0.7187501 1.281249 0.2812499 1.249999 0.3124999 1.249999 0.2812499 1.281249 0.7187501 1.249999 0.6875001 1.281249 0.6875001 1.281249 0.2812499 1.249999 0.2499998 1.281249 0.2499998 1.281249 0.6875001 1.249999 0.65625 1.281249 0.65625 1.281249 0.2499998 1.249999 0.2187497 1.281249 0.2187498 1.281249 0.65625 1.249999 0.6250001 1.281249 0.6250001 1.28125 0.1874999 1.249999 0.2187497 1.25 0.1874999 1.281249 0.59375 1.249999 0.6250001 1.249999 0.59375 1.28125 0.1562498 1.25 0.1874999 1.249999 0.1562498 1.281249 0.59375 1.249999 0.5625 1.281249 0.5625 1.281251 0.96875 1.265628 1 1.250001 0.96875 1.28125 0.1562498 1.25 0.1249997 1.28125 0.1249997 1.281249 0.53125 1.249999 0.5625 1.249999 0.53125 1.281251 0.96875 1.25 0.9375 1.28125 0.9375 1.28125 0.09374982 1.25 0.1249997 1.25 0.09374982 1.281249 0.53125 1.249999 0.5 1.281249 0.5 1.28125 0.9375 1.25 0.9062499 1.28125 0.9062499 1.28125 0.09374982 1.25 0.06249982 1.28125 0.06249982 1.281249 0.46875 1.249999 0.5 1.249999 0.46875 1.28125 0.9062499 1.25 0.875 1.28125 0.875 1.281251 0.03124988 1.25 0.06249982 1.250001 0.03124988 1.281249 0.46875 1.249999 0.4375 1.281249 0.4375 1.28125 0.84375 1.25 0.875 1.25 0.84375 1.265627 0 1.281251 0.03124988 1.250001 0.03124988 1.281249 0.4062499 1.249999 0.4375 1.249999 0.4062499 1.281249 0.8125 1.25 0.84375 1.249999 0.8125 1.281249 0.4062499 1.249999 0.3749999 1.281249 0.375 1.281249 0.8125 1.249999 0.7812501 1.281249 0.7812501 1.281249 0.3437499 1.249999 0.3749999 1.249999 0.3437499 1.249999 0.6875001 1.218749 0.7187501 1.218749 0.6875001 1.249999 0.2812499 1.218749 0.2499998 1.249999 0.2499998 1.249999 0.6875001 1.218749 0.6562501 1.249999 0.65625 1.249999 0.2187497 1.218749 0.2499998 1.218749 0.2187497 1.249999 0.6250001 1.218749 0.6562501 1.218749 0.6250001 1.249999 0.2187497 1.218749 0.1874999 1.25 0.1874999 1.249999 0.59375 1.218749 0.6250001 1.218749 0.59375 1.249999 0.1562498 1.218749 0.1874999 1.218749 0.1562498 1.249999 0.59375 1.218749 0.5625 1.249999 0.5625 1.250001 0.96875 1.234378 1 1.218751 0.96875 1.249999 0.1562498 1.21875 0.1249997 1.25 0.1249997 1.249999 0.53125 1.218749 0.5625 1.218749 0.53125 1.250001 0.96875 1.21875 0.9375 1.25 0.9375 1.25 0.1249997 1.21875 0.09374982 1.25 0.09374982 1.249999 0.53125 1.218749 0.5 1.249999 0.5 1.25 0.9062499 1.21875 0.9375 1.21875 0.90625 1.25 0.09374982 1.21875 0.06249982 1.25 0.06249982 1.249999 0.46875 1.218749 0.5 1.218749 0.46875 1.25 0.875 1.21875 0.90625 1.21875 0.875 1.25 0.06249982 1.218751 0.03124988 1.250001 0.03124988 1.249999 0.46875 1.218749 0.4375 1.249999 0.4375 1.25 0.875 1.218749 0.8437501 1.25 0.84375 1.234377 0 1.250001 0.03124988 1.218751 0.03124988 1.249999 0.4062499 1.218749 0.4375 1.218749 0.4062499 1.25 0.84375 1.218749 0.8125 1.249999 0.8125 1.249999 0.4062499 1.218749 0.3749999 1.249999 0.3749999 1.249999 0.7812501 1.218749 0.8125 1.218749 0.7812501 1.249999 0.3437499 1.218749 0.3749999 1.218749 0.3437499 1.249999 0.75 1.218749 0.7812501 1.218749 0.75 1.249999 0.3124999 1.218749 0.3437499 1.218749 0.3124998 1.249999 0.7187501 1.218749 0.75 1.218749 0.7187501 1.249999 0.2812499 1.218749 0.3124998 1.218749 0.2812499 1.218749 0.6250001 1.187499 0.6562501 1.187499 0.6250001 1.218749 0.1874999 1.187499 0.2187497 1.187499 0.1874999 1.218749 0.59375 1.187499 0.6250001 1.187499 0.59375 1.218749 0.1562498 1.187499 0.1874999 1.187499 0.1562497 1.218749 0.59375 1.187499 0.5625 1.218749 0.5625 1.218751 0.96875 1.203127 1 1.1875 0.96875 1.21875 0.1249997 1.187499 0.1562497 1.1875 0.1249996 1.218749 0.53125 1.187499 0.5625 1.187499 0.53125 1.21875 0.9375 1.1875 0.96875 1.1875 0.9375001 1.21875 0.1249997 1.1875 0.09374982 1.21875 0.09374982 1.218749 0.53125 1.187499 0.5 1.218749 0.5 1.21875 0.90625 1.1875 0.9375001 1.1875 0.90625 1.21875 0.09374982 1.1875 0.06249982 1.21875 0.06249982 1.218749 0.46875 1.187499 0.5 1.187499 0.46875 1.21875 0.875 1.1875 0.90625 1.1875 0.875 1.218751 0.03124988 1.1875 0.06249982 1.187501 0.03124988 1.218749 0.46875 1.187499 0.4375 1.218749 0.4375 1.218749 0.8437501 1.1875 0.875 1.187499 0.8437501 1.203127 0 1.218751 0.03124988 1.187501 0.03124988 1.218749 0.4062499 1.187499 0.4375 1.187499 0.4062499 1.218749 0.8437501 1.187499 0.8125 1.218749 0.8125 1.218749 0.4062499 1.187499 0.3749999 1.218749 0.3749999 1.218749 0.8125 1.187499 0.7812501 1.218749 0.7812501 1.218749 0.3437499 1.187499 0.3749999 1.187499 0.3437499 1.218749 0.7812501 1.187499 0.7500001 1.218749 0.75 1.218749 0.3124998 1.187499 0.3437499 1.187499 0.3124998 1.218749 0.75 1.187499 0.7187501 1.218749 0.7187501 1.218749 0.2812499 1.187499 0.3124998 1.187499 0.2812499 1.218749 0.7187501 1.187499 0.6875001 1.218749 0.6875001 1.218749 0.2812499 1.187499 0.2499998 1.218749 0.2499998 1.218749 0.6875001 1.187499 0.6562501 1.218749 0.6562501 1.218749 0.2187497 1.187499 0.2499998 1.187499 0.2187497 1.187499 0.59375 1.156249 0.5625 1.187499 0.5625 1.1875 0.96875 1.171877 1 1.15625 0.96875 1.187499 0.1562497 1.156249 0.1249996 1.1875 0.1249996 1.187499 0.53125 1.156249 0.5625 1.156249 0.53125 1.1875 0.96875 1.15625 0.9375001 1.1875 0.9375001 1.1875 0.09374982 1.156249 0.1249996 1.15625 0.09374982 1.187499 0.53125 1.156249 0.5 1.187499 0.5 1.1875 0.9375001 1.15625 0.90625 1.1875 0.90625 1.1875 0.09374982 1.15625 0.06249982 1.1875 0.06249982 1.187499 0.46875 1.156249 0.5 1.156249 0.46875 1.1875 0.90625 1.156249 0.875 1.1875 0.875 1.1875 0.06249982 1.15625 0.03124988 1.187501 0.03124988 1.187499 0.46875 1.156249 0.4375 1.187499 0.4375 1.187499 0.8437501 1.156249 0.875 1.156249 0.8437501 1.171876 0 1.187501 0.03124988 1.15625 0.03124988 1.187499 0.4062499 1.156249 0.4375 1.156249 0.4062499 1.187499 0.8125 1.156249 0.8437501 1.156249 0.8125 1.187499 0.4062499 1.156249 0.3749999 1.187499 0.3749999 1.187499 0.7812501 1.156249 0.8125 1.156249 0.7812501 1.187499 0.3437499 1.156249 0.3749999 1.156249 0.3437499 1.187499 0.7812501 1.156249 0.7500001 1.187499 0.7500001 1.187499 0.3124998 1.156249 0.3437499 1.156249 0.3124998 1.187499 0.7500001 1.156249 0.7187501 1.187499 0.7187501 1.187499 0.2812499 1.156249 0.3124998 1.156249 0.2812498 1.187499 0.7187501 1.156249 0.6875001 1.187499 0.6875001 1.187499 0.2812499 1.156249 0.2499998 1.187499 0.2499998 1.187499 0.6875001 1.156249 0.6562501 1.187499 0.6562501 1.187499 0.2499998 1.156249 0.2187497 1.187499 0.2187497 1.187499 0.6250001 1.156249 0.6562501 1.156249 0.6250001 1.187499 0.2187497 1.156249 0.1874998 1.187499 0.1874999 1.187499 0.59375 1.156249 0.6250001 1.156249 0.59375 1.187499 0.1562497 1.156249 0.1874998 1.156249 0.1562497 1.156249 0.53125 1.124999 0.5 1.156249 0.5 1.15625 0.90625 1.125 0.9375001 1.124999 0.90625 1.15625 0.09374982 1.125 0.06249982 1.15625 0.06249982 1.156249 0.46875 1.124999 0.5 1.124999 0.46875 1.156249 0.875 1.124999 0.90625 1.124999 0.875 1.15625 0.03124988 1.125 0.06249982 1.125 0.03124964 1.156249 0.46875 1.124999 0.4375 1.156249 0.4375 1.156249 0.875 1.124999 0.8437501 1.156249 0.8437501 1.140626 0 1.15625 0.03124988 1.125 0.03124964 1.156249 0.4062499 1.124999 0.4375 1.124999 0.4062499 1.156249 0.8437501 1.124999 0.8125 1.156249 0.8125 1.156249 0.4062499 1.124999 0.3749999 1.156249 0.3749999 1.156249 0.8125 1.124999 0.7812501 1.156249 0.7812501 1.156249 0.3437499 1.124999 0.3749999 1.124999 0.3437498 1.156249 0.7812501 1.124999 0.7500001 1.156249 0.7500001 1.156249 0.3437499 1.124999 0.3124998 1.156249 0.3124998 1.156249 0.7500001 1.124999 0.7187501 1.156249 0.7187501 1.156249 0.2812498 1.124999 0.3124998 1.124999 0.2812498 1.156249 0.7187501 1.124999 0.6875001 1.156249 0.6875001 1.156249 0.2812498 1.124999 0.2499998 1.156249 0.2499998 1.156249 0.6875001 1.124999 0.6562501 1.156249 0.6562501 1.156249 0.2187497 1.124999 0.2499998 1.124999 0.2187497 1.156249 0.6250001 1.124999 0.6562501 1.124999 0.6250001 1.156249 0.2187497 1.124999 0.1874998 1.156249 0.1874998 1.156249 0.59375 1.124999 0.6250001 1.124999 0.59375 1.156249 0.1562497 1.124999 0.1874998 1.124999 0.1562497 1.156249 0.59375 1.124999 0.5625 1.156249 0.5625 1.15625 0.96875 1.140627 1 1.125 0.96875 1.156249 0.1562497 1.124999 0.1249996 1.156249 0.1249996 1.156249 0.53125 1.124999 0.5625 1.124999 0.53125 1.15625 0.96875 1.125 0.9375001 1.15625 0.9375001 1.156249 0.1249996 1.124999 0.09374982 1.15625 0.09374982 1.124999 0.46875 1.093749 0.4375 1.124999 0.4375 1.124999 0.8437501 1.093749 0.8750001 1.093749 0.8437501 1.109376 0 1.125 0.03124964 1.09375 0.03124964 1.124999 0.4062499 1.093749 0.4375 1.093749 0.4062499 1.124999 0.8125 1.093749 0.8437501 1.093749 0.8125 1.124999 0.4062499 1.093749 0.3749998 1.124999 0.3749999 1.124999 0.7812501 1.093749 0.8125 1.093749 0.7812501 1.124999 0.3437498 1.093749 0.3749998 1.093749 0.3437498 1.124999 0.7500001 1.093749 0.7812501 1.093749 0.7500001 1.124999 0.3124998 1.093749 0.3437498 1.093749 0.3124998 1.124999 0.7187501 1.093749 0.7500001 1.093749 0.7187501 1.124999 0.2812498 1.093749 0.3124998 1.093749 0.2812498 1.124999 0.7187501 1.093749 0.6875001 1.124999 0.6875001 1.124999 0.2812498 1.093749 0.2499997 1.124999 0.2499998 1.124999 0.6875001 1.093749 0.6562501 1.124999 0.6562501 1.124999 0.2187497 1.093749 0.2499997 1.093749 0.2187497 1.124999 0.6250001 1.093749 0.6562501 1.093749 0.6250001 1.124999 0.2187497 1.093749 0.1874998 1.124999 0.1874998 1.124999 0.59375 1.093749 0.6250001 1.093749 0.59375 1.124999 0.1562497 1.093749 0.1874998 1.093749 0.1562497 1.124999 0.59375 1.093749 0.5625 1.124999 0.5625 1.125 0.96875 1.109377 1 1.09375 0.96875 1.124999 0.1562497 1.093749 0.1249996 1.124999 0.1249996 1.124999 0.53125 1.093749 0.5625 1.093749 0.53125 1.125 0.9375001 1.09375 0.96875 1.093749 0.9375001 1.124999 0.1249996 1.093749 0.09374982 1.124999 0.09374982 1.124999 0.53125 1.093749 0.5 1.124999 0.5 1.124999 0.90625 1.093749 0.9375001 1.093749 0.90625 1.124999 0.09374982 1.09375 0.06249982 1.125 0.06249982 1.124999 0.46875 1.093749 0.5 1.093749 0.46875 1.124999 0.875 1.093749 0.90625 1.093749 0.8750001 1.125 0.06249982 1.09375 0.03124964 1.125 0.03124964 1.093749 0.4062499 1.062499 0.3749998 1.093749 0.3749998 1.093749 0.7812501 1.062499 0.8125 1.062499 0.7812501 1.093749 0.3437498 1.062499 0.3749998 1.062499 0.3437498 1.093749 0.7500001 1.062499 0.7812501 1.062499 0.7500001 1.093749 0.3124998 1.062499 0.3437498 1.062499 0.3124998 1.093749 0.7500001 1.062499 0.7187501 1.093749 0.7187501 1.093749 0.2812498 1.062499 0.3124998 1.062499 0.2812498 1.093749 0.7187501 1.062499 0.6875001 1.093749 0.6875001 1.093749 0.2812498 1.062499 0.2499997 1.093749 0.2499997 1.093749 0.6875001 1.062499 0.6562501 1.093749 0.6562501 1.093749 0.2499997 1.062499 0.2187497 1.093749 0.2187497 1.093749 0.6250001 1.062499 0.6562501 1.062499 0.6250001 1.093749 0.2187497 1.062499 0.1874998 1.093749 0.1874998 1.093749 0.59375 1.062499 0.6250001 1.062499 0.59375 1.093749 0.1562497 1.062499 0.1874998 1.062499 0.1562497 1.093749 0.59375 1.062499 0.5625 1.093749 0.5625 1.09375 0.96875 1.078126 1 1.0625 0.96875 1.093749 0.1562497 1.062499 0.1249996 1.093749 0.1249996 1.093749 0.53125 1.062499 0.5625 1.062499 0.53125 1.09375 0.96875 1.062499 0.9375001 1.093749 0.9375001 1.093749 0.1249996 1.062499 0.09374982 1.093749 0.09374982 1.093749 0.53125 1.062499 0.5 1.093749 0.5 1.093749 0.9375001 1.062499 0.90625 1.093749 0.90625 1.093749 0.09374982 1.062499 0.06249982 1.09375 0.06249982 1.093749 0.46875 1.062499 0.5 1.062499 0.46875 1.093749 0.90625 1.062499 0.8750001 1.093749 0.8750001 1.09375 0.03124964 1.062499 0.06249982 1.0625 0.03124964 1.093749 0.46875 1.062499 0.4375 1.093749 0.4375 1.093749 0.8437501 1.062499 0.8750001 1.062499 0.8437501 1.078125 0 1.09375 0.03124964 1.0625 0.03124964 1.093749 0.4062499 1.062499 0.4375 1.062499 0.4062499 1.093749 0.8125 1.062499 0.8437501 1.062499 0.8125 1.062499 0.3437498 1.031249 0.3124998 1.062499 0.3124998 1.062499 0.7500001 1.031249 0.7187501 1.062499 0.7187501 1.062499 0.2812498 1.031249 0.3124998 1.031249 0.2812498 1.062499 0.7187501 1.031249 0.6875001 1.062499 0.6875001 1.062499 0.2812498 1.031249 0.2499997 1.062499 0.2499997 1.062499 0.6875001 1.031249 0.6562501 1.062499 0.6562501 1.062499 0.2187497 1.031249 0.2499997 1.031249 0.2187497 1.062499 0.6250001 1.031249 0.6562501 1.031249 0.6250001 1.062499 0.2187497 1.031249 0.1874999 1.062499 0.1874998 1.062499 0.59375 1.031249 0.6250001 1.031249 0.59375 1.062499 0.1874998 1.031249 0.1562497 1.062499 0.1562497 1.062499 0.59375 1.031249 0.5625 1.062499 0.5625 1.0625 0.96875 1.046876 1 1.031249 0.96875 1.062499 0.1249996 1.031249 0.1562497 1.031249 0.1249996 1.062499 0.53125 1.031249 0.5625 1.031249 0.53125 1.0625 0.96875 1.031249 0.9375001 1.062499 0.9375001 1.062499 0.1249996 1.031249 0.09374982 1.062499 0.09374982 1.062499 0.53125 1.031249 0.5 1.062499 0.5 1.062499 0.9375001 1.031249 0.90625 1.062499 0.90625 1.062499 0.09374982 1.031249 0.06249982 1.062499 0.06249982 1.062499 0.46875 1.031249 0.5 1.031249 0.46875 1.062499 0.8750001 1.031249 0.90625 1.031249 0.8750001 1.062499 0.06249982 1.031249 0.03124964 1.0625 0.03124964 1.062499 0.46875 1.031249 0.4375 1.062499 0.4375 1.062499 0.8750001 1.031249 0.8437501 1.062499 0.8437501 1.046875 0 1.0625 0.03124964 1.031249 0.03124964 1.062499 0.4062499 1.031249 0.4375 1.031249 0.4062499 1.062499 0.8437501 1.031249 0.8125 1.062499 0.8125 1.062499 0.4062499 1.031249 0.3749998 1.062499 0.3749998 1.062499 0.8125 1.031249 0.7812501 1.062499 0.7812501 1.062499 0.3437498 1.031249 0.3749998 1.031249 0.3437498 1.062499 0.7812501 1.031249 0.7500001 1.062499 0.7500001 1.031249 0.2812498 0.9999992 0.2499998 1.031249 0.2499997 1.031249 0.6875001 0.9999992 0.6562501 1.031249 0.6562501 1.031249 0.2499997 0.9999992 0.2187498 1.031249 0.2187497 1.031249 0.6250001 0.9999992 0.6562501 0.9999992 0.625 1.031249 0.2187497 0.9999992 0.1874998 1.031249 0.1874999 1.031249 0.59375 0.9999992 0.625 0.9999992 0.59375 1.031249 0.1562497 0.9999992 0.1874998 0.9999991 0.1562497 1.031249 0.59375 0.9999992 0.5625 1.031249 0.5625 1.031249 0.96875 1.015626 1 0.9999992 0.96875 1.031249 0.1249996 0.9999991 0.1562497 0.9999991 0.1249996 1.031249 0.53125 0.9999992 0.5625 0.9999992 0.53125 1.031249 0.9375001 0.9999992 0.96875 0.9999992 0.9375001 1.031249 0.1249996 0.9999992 0.09374982 1.031249 0.09374982 1.031249 0.53125 0.9999992 0.5 1.031249 0.5 1.031249 0.9375001 0.9999992 0.90625 1.031249 0.90625 1.031249 0.09374982 0.9999992 0.06249982 1.031249 0.06249982 1.031249 0.46875 0.9999992 0.5 0.9999992 0.46875 1.031249 0.8750001 0.9999992 0.90625 0.9999992 0.875 1.031249 0.06249982 0.9999992 0.03124964 1.031249 0.03124964 1.031249 0.46875 0.9999992 0.4375 1.031249 0.4375 1.031249 0.8437501 0.9999992 0.875 0.9999992 0.84375 1.015624 0 1.031249 0.03124964 0.9999992 0.03124964 1.031249 0.4062499 0.9999992 0.4375 0.9999992 0.40625 1.031249 0.8125 0.9999992 0.84375 0.9999992 0.8125 1.031249 0.4062499 0.9999992 0.3749998 1.031249 0.3749998 1.031249 0.7812501 0.9999992 0.8125 0.9999992 0.78125 1.031249 0.3437498 0.9999992 0.3749998 0.9999992 0.3437499 1.031249 0.7500001 0.9999992 0.78125 0.9999992 0.7500001 1.031249 0.3437498 0.9999992 0.3124999 1.031249 0.3124998 1.031249 0.7187501 0.9999992 0.7500001 0.9999992 0.71875 1.031249 0.3124998 0.9999992 0.2812499 1.031249 0.2812498 1.031249 0.6875001 0.9999992 0.71875 0.9999992 0.6875 0.9999992 0.1874998 0.9999992 0.2187498 0.9687492 0.2187498 0.9999992 0.59375 0.9999992 0.625 0.9687492 0.625 0.9999992 0.1874998 0.9687492 0.1874998 0.9687492 0.1562498 0.9999992 0.59375 0.9687492 0.59375 0.9687492 0.5625 0.9999991 0.1562497 0.9687492 0.1562498 0.9687491 0.1249998 0.9999992 0.53125 0.9999992 0.5625 0.9687492 0.5625 0.9999992 0.96875 0.9687489 0.96875 0.9687491 0.9375001 0.9999991 0.1249996 0.9687491 0.1249998 0.9687491 0.09374982 0.9999992 0.53125 0.9687492 0.53125 0.9687492 0.5 0.9999992 0.9375001 0.9687491 0.9375001 0.9687491 0.90625 0.9999992 0.09374982 0.9687491 0.09374982 0.9687491 0.06249982 0.9999992 0.5 0.9687492 0.5 0.9687492 0.46875 0.9999992 0.875 0.9999992 0.90625 0.9687491 0.90625 0.9999992 0.06249982 0.9687491 0.06249982 0.9687489 0.03124964 0.9999992 0.46875 0.9687492 0.46875 0.9687492 0.4375 0.9999992 0.84375 0.9999992 0.875 0.9687491 0.875 0.9999992 0.40625 0.9999992 0.4375 0.9687492 0.4375 0.9999992 0.8125 0.9999992 0.84375 0.9687492 0.84375 0.9999992 0.40625 0.9687492 0.40625 0.9687492 0.375 0.9999992 0.78125 0.9999992 0.8125 0.9687492 0.8125 0.9999992 0.3749998 0.9687492 0.375 0.9687492 0.3437499 0.9999992 0.78125 0.9687492 0.78125 0.9687492 0.7500001 0.9999992 0.3437499 0.9687492 0.3437499 0.9687492 0.3124999 0.9999992 0.7500001 0.9687492 0.7500001 0.9687492 0.71875 0.9999992 0.3124999 0.9687492 0.3124999 0.9687492 0.2812499 0.9999992 0.6875 0.9999992 0.71875 0.9687492 0.71875 0.9999992 0.2812499 0.9687492 0.2812499 0.9687492 0.2499998 0.9999992 0.6562501 0.9999992 0.6875 0.9687492 0.6875 0.9999992 0.2499998 0.9687492 0.2499998 0.9687492 0.2187498 0.9999992 0.625 0.9999992 0.6562501 0.9687492 0.65625 0.9687492 0.8125 0.9374991 0.8125 0.9374991 0.78125 0.9687492 0.3437499 0.9687492 0.375 0.9374992 0.375 0.9687492 0.7500001 0.9687492 0.78125 0.9374991 0.78125 0.9687492 0.3124999 0.9687492 0.3437499 0.9374992 0.3437499 0.9687492 0.71875 0.9687492 0.7500001 0.9374991 0.7500001 0.9687492 0.3124999 0.9374992 0.3124999 0.9374992 0.2812499 0.9687492 0.6875 0.9687492 0.71875 0.9374992 0.71875 0.9687492 0.2812499 0.9374992 0.2812499 0.9374991 0.2499998 0.9687492 0.6875 0.9374992 0.6875 0.9374992 0.65625 0.9687492 0.2187498 0.9687492 0.2499998 0.9374991 0.2499998 0.9687492 0.65625 0.9374992 0.65625 0.9374992 0.625 0.9687492 0.1874998 0.9687492 0.2187498 0.9374991 0.2187498 0.9687492 0.59375 0.9687492 0.625 0.9374992 0.625 0.9687492 0.1562498 0.9687492 0.1874998 0.9374991 0.1874998 0.9687492 0.59375 0.9374992 0.59375 0.9374992 0.5625 0.9687491 0.1249998 0.9687492 0.1562498 0.9374991 0.1562498 0.9687492 0.5625 0.9374992 0.5625 0.9374992 0.53125 0.9687491 0.9375001 0.9687489 0.96875 0.9374987 0.96875 0.9687491 0.1249998 0.9374991 0.1249998 0.9374989 0.09374982 0.9687492 0.53125 0.9374992 0.53125 0.9374992 0.5 0.9687491 0.9375001 0.9374989 0.9375001 0.9374989 0.90625 0.9687491 0.09374982 0.9374989 0.09374982 0.9374989 0.06249982 0.9687492 0.46875 0.9687492 0.5 0.9374992 0.5 0.9687491 0.90625 0.9374989 0.90625 0.9374991 0.875 0.9687491 0.06249982 0.9374989 0.06249982 0.9374987 0.03124964 0.9687492 0.4375 0.9687492 0.46875 0.9374992 0.46875 0.9687491 0.875 0.9374991 0.875 0.9374991 0.84375 0.9687492 0.4375 0.9374992 0.4375 0.9374992 0.40625 0.9687492 0.84375 0.9374991 0.84375 0.9374991 0.8125 0.9687492 0.375 0.9687492 0.40625 0.9374992 0.40625 0.9374992 0.71875 0.9374991 0.7500001 0.9062491 0.7500001 0.9374992 0.3124999 0.9062491 0.3124999 0.9062491 0.2812499 0.9374992 0.6875 0.9374992 0.71875 0.9062491 0.71875 0.9374992 0.2812499 0.9062491 0.2812499 0.9062491 0.2499998 0.9374992 0.65625 0.9374992 0.6875 0.9062491 0.6875 0.9374991 0.2499998 0.9062491 0.2499998 0.9062491 0.2187498 0.9374992 0.65625 0.9062491 0.65625 0.9062491 0.625 0.9374991 0.1874998 0.9374991 0.2187498 0.9062491 0.2187498 0.9374992 0.59375 0.9374992 0.625 0.9062491 0.625 0.9374991 0.1562498 0.9374991 0.1874998 0.9062491 0.1874998 0.9374992 0.59375 0.9062491 0.59375 0.9062492 0.5625 0.9374991 0.1249998 0.9374991 0.1562498 0.9062491 0.1562498 0.9374992 0.53125 0.9374992 0.5625 0.9062492 0.5625 0.9374987 0.96875 0.9062485 0.96875 0.9062488 0.9375001 0.9374989 0.09374982 0.9374991 0.1249998 0.9062489 0.1249998 0.9374992 0.53125 0.9062492 0.53125 0.9062491 0.5 0.9374989 0.90625 0.9374989 0.9375001 0.9062488 0.9375001 0.9374989 0.09374982 0.9062489 0.09374982 0.9062488 0.06249982 0.9374992 0.46875 0.9374992 0.5 0.9062491 0.5 0.9374989 0.90625 0.9062489 0.90625 0.9062489 0.875 0.9374989 0.06249982 0.9062488 0.06249982 0.9062483 0.03124964 0.9374992 0.4375 0.9374992 0.46875 0.9062492 0.46875 0.9374991 0.875 0.9062489 0.875 0.9062491 0.84375 0.9374992 0.4375 0.9062492 0.4375 0.9062492 0.40625 0.9374991 0.8125 0.9374991 0.84375 0.9062491 0.84375 0.9374992 0.375 0.9374992 0.40625 0.9062492 0.40625 0.9374991 0.8125 0.9062491 0.8125 0.9062491 0.78125 0.9374992 0.3437499 0.9374992 0.375 0.9062492 0.375 0.9374991 0.7500001 0.9374991 0.78125 0.9062491 0.78125 0.9374992 0.3437499 0.9062491 0.3437499 0.9062491 0.3124999 0.9062491 0.65625 0.9062491 0.6875 0.8749991 0.6875 0.9062491 0.2187498 0.9062491 0.2499998 0.8749991 0.2499998 0.9062491 0.625 0.9062491 0.65625 0.8749991 0.65625 0.9062491 0.2187498 0.8749991 0.2187498 0.8749989 0.1874998 0.9062491 0.625 0.8749991 0.625 0.8749991 0.59375 0.9062491 0.1874998 0.8749989 0.1874998 0.8749989 0.1562498 0.9062491 0.59375 0.8749991 0.59375 0.8749991 0.5625 0.9062491 0.1562498 0.8749989 0.1562498 0.8749989 0.1249998 0.9062492 0.5625 0.8749991 0.5625 0.8749991 0.53125 0.9062485 0.96875 0.8749982 0.96875 0.8749987 0.9375001 0.9062489 0.09374982 0.9062489 0.1249998 0.8749989 0.1249998 0.9062492 0.53125 0.8749991 0.53125 0.8749991 0.5 0.9062489 0.90625 0.9062488 0.9375001 0.8749987 0.9375001 0.9062488 0.06249982 0.9062489 0.09374982 0.8749988 0.09374982 0.9062492 0.46875 0.9062491 0.5 0.8749991 0.5 0.9062489 0.875 0.9062489 0.90625 0.8749988 0.90625 0.9062483 0.03124964 0.9062488 0.06249982 0.8749987 0.06249982 0.9062492 0.4375 0.9062492 0.46875 0.8749991 0.46875 0.9062491 0.84375 0.9062489 0.875 0.8749989 0.875 0.9062492 0.4375 0.8749991 0.4375 0.8749991 0.40625 0.9062491 0.8125 0.9062491 0.84375 0.8749989 0.84375 0.9062492 0.40625 0.8749991 0.40625 0.8749991 0.375 0.9062491 0.78125 0.9062491 0.8125 0.8749989 0.8125 0.9062491 0.3437499 0.9062492 0.375 0.8749991 0.375 0.9062491 0.7500001 0.9062491 0.78125 0.8749991 0.78125 0.9062491 0.3437499 0.8749991 0.3437499 0.8749991 0.3124999 0.9062491 0.7500001 0.8749991 0.75 0.8749991 0.71875 0.9062491 0.2812499 0.9062491 0.3124999 0.8749991 0.3124999 0.9062491 0.71875 0.8749991 0.71875 0.8749991 0.6875 0.9062491 0.2499998 0.9062491 0.2812499 0.8749991 0.2812499 0.8749991 0.59375 0.8749991 0.625 0.8437489 0.625 0.8749989 0.1562498 0.8749989 0.1874998 0.8437489 0.1874998 0.8749991 0.59375 0.8437491 0.59375 0.8437491 0.5625 0.8749989 0.1249998 0.8749989 0.1562498 0.8437489 0.1562498 0.8749991 0.5625 0.8437491 0.5625 0.8437491 0.53125 0.8749987 0.9375001 0.8749982 0.96875 0.843748 0.96875 0.8749989 0.1249998 0.8437488 0.1249998 0.8437487 0.09374982 0.8749991 0.5 0.8749991 0.53125 0.8437491 0.53125 0.8749988 0.90625 0.8749987 0.9375001 0.8437486 0.9375 0.8749988 0.09374982 0.8437487 0.09374982 0.8437486 0.06249982 0.8749991 0.5 0.8437491 0.5 0.8437491 0.46875 0.8749988 0.90625 0.8437487 0.90625 0.8437488 0.875 0.8749981 0.03124964 0.8749987 0.06249982 0.8437486 0.06249982 0.8749991 0.4375 0.8749991 0.46875 0.8437491 0.46875 0.8749989 0.84375 0.8749989 0.875 0.8437488 0.875 0.8749991 0.4375 0.8437491 0.4375 0.8437491 0.40625 0.8749989 0.8125 0.8749989 0.84375 0.8437489 0.84375 0.8749991 0.40625 0.8437491 0.40625 0.8437491 0.375 0.8749991 0.78125 0.8749989 0.8125 0.8437489 0.8125 0.8749991 0.3437499 0.8749991 0.375 0.8437491 0.375 0.8749991 0.78125 0.8437489 0.78125 0.8437489 0.75 0.8749991 0.3437499 0.8437491 0.3437499 0.8437489 0.3124999 0.8749991 0.71875 0.8749991 0.75 0.8437489 0.75 0.8749991 0.2812499 0.8749991 0.3124999 0.8437489 0.3124999 0.8749991 0.6875 0.8749991 0.71875 0.8437489 0.71875 0.8749991 0.2812499 0.8437489 0.2812499 0.8437489 0.2499998 0.8749991 0.6875 0.8437489 0.6875 0.8437489 0.65625 0.8749991 0.2499998 0.8437489 0.2499998 0.8437489 0.2187498 0.8749991 0.625 0.8749991 0.65625 0.8437489 0.65625 0.8749991 0.2187498 0.8437489 0.2187498 0.8437489 0.1874998 0.8437491 0.53125 0.8437491 0.5625 0.8124991 0.5625 0.843748 0.96875 0.8124977 0.96875 0.8124985 0.9375 0.8437487 0.09374982 0.8437488 0.1249998 0.8124988 0.1249998 0.8437491 0.53125 0.8124991 0.53125 0.8124991 0.5 0.8437486 0.9375 0.8124985 0.9375 0.8124987 0.90625 0.8437487 0.09374982 0.8124987 0.09374982 0.8124985 0.06249982 0.8437491 0.46875 0.8437491 0.5 0.8124991 0.5 0.8437487 0.90625 0.8124987 0.90625 0.8124988 0.875 0.8437486 0.06249982 0.8124985 0.06249982 0.8124977 0.03124988 0.8437491 0.4375 0.8437491 0.46875 0.8124991 0.46875 0.8437488 0.875 0.8124988 0.875 0.8124988 0.84375 0.8437491 0.40625 0.8437491 0.4375 0.8124991 0.4375 0.8437489 0.84375 0.8124988 0.84375 0.8124989 0.8125 0.8437491 0.40625 0.8124991 0.40625 0.8124991 0.375 0.8437489 0.78125 0.8437489 0.8125 0.8124989 0.8125 0.8437491 0.3437499 0.8437491 0.375 0.8124991 0.375 0.8437489 0.75 0.8437489 0.78125 0.8124989 0.78125 0.8437489 0.3124999 0.8437491 0.3437499 0.8124989 0.3437499 0.8437489 0.71875 0.8437489 0.75 0.8124989 0.75 0.8437489 0.2812499 0.8437489 0.3124999 0.8124989 0.3124999 0.8437489 0.6875 0.8437489 0.71875 0.8124989 0.71875 0.8437489 0.2812499 0.8124989 0.2812499 0.8124989 0.2499998 0.8437489 0.65625 0.8437489 0.6875 0.8124989 0.6875 0.8437489 0.2499998 0.8124989 0.2499998 0.8124989 0.2187499 0.8437489 0.65625 0.8124989 0.65625 0.8124989 0.625 0.8437489 0.2187498 0.8124989 0.2187499 0.8124989 0.1874999 0.8437491 0.59375 0.8437489 0.625 0.8124989 0.625 0.8437489 0.1874998 0.8124989 0.1874999 0.8124988 0.1562498 0.8437491 0.59375 0.8124989 0.59375 0.8124991 0.5625 0.8437488 0.1249998 0.8437489 0.1562498 0.8124988 0.1562498 0.8124991 0.5 0.7812491 0.5 0.7812489 0.46875 0.8124988 0.875 0.8124987 0.90625 0.7812486 0.90625 0.8124985 0.06249982 0.7812483 0.06249982 0.7812475 0.03124988 0.8124991 0.4375 0.8124991 0.46875 0.7812489 0.46875 0.8124988 0.84375 0.8124988 0.875 0.7812487 0.875 0.8124991 0.4375 0.7812491 0.4375 0.7812489 0.40625 0.8124989 0.8125 0.8124988 0.84375 0.7812488 0.84375 0.8124991 0.40625 0.7812489 0.40625 0.7812491 0.375 0.8124989 0.78125 0.8124989 0.8125 0.7812489 0.8125 0.8124989 0.3437499 0.8124991 0.375 0.7812491 0.375 0.8124989 0.75 0.8124989 0.78125 0.7812489 0.78125 0.8124989 0.3124999 0.8124989 0.3437499 0.7812489 0.3437499 0.8124989 0.75 0.7812489 0.75 0.7812489 0.71875 0.8124989 0.2812499 0.8124989 0.3124999 0.7812489 0.3124999 0.8124989 0.71875 0.7812489 0.71875 0.7812489 0.6875 0.8124989 0.2499998 0.8124989 0.2812499 0.7812489 0.2812499 0.8124989 0.65625 0.8124989 0.6875 0.7812489 0.6875 0.8124989 0.2499998 0.7812489 0.2499998 0.7812489 0.2187499 0.8124989 0.65625 0.7812489 0.65625 0.7812489 0.625 0.8124989 0.1874999 0.8124989 0.2187499 0.7812489 0.2187499 0.8124989 0.59375 0.8124989 0.625 0.7812489 0.625 0.8124988 0.1562498 0.8124989 0.1874999 0.7812489 0.1874999 0.8124989 0.59375 0.7812489 0.59375 0.7812491 0.5625 0.8124988 0.1562498 0.7812488 0.1562498 0.7812487 0.1249998 0.8124991 0.53125 0.8124991 0.5625 0.7812491 0.5625 0.8124985 0.9375 0.8124977 0.96875 0.7812475 0.96875 0.8124988 0.1249998 0.7812487 0.1249998 0.7812486 0.09374982 0.8124991 0.5 0.8124991 0.53125 0.7812489 0.53125 0.8124987 0.90625 0.8124985 0.9375 0.7812483 0.9375 0.8124987 0.09374982 0.7812486 0.09374982 0.7812483 0.06249982 0.7812489 0.40625 0.7812491 0.4375 0.7499991 0.4375 0.7812488 0.84375 0.7499988 0.84375 0.7499988 0.8125 0.7812489 0.40625 0.7499989 0.40625 0.7499991 0.375 0.7812489 0.8125 0.7499988 0.8125 0.7499989 0.78125 0.7812489 0.3437499 0.7812491 0.375 0.7499991 0.375 0.7812489 0.78125 0.7499989 0.78125 0.7499989 0.75 0.7812489 0.3124999 0.7812489 0.3437499 0.7499989 0.34375 0.7812489 0.75 0.7499989 0.75 0.7499989 0.71875 0.7812489 0.2812499 0.7812489 0.3124999 0.7499989 0.3124999 0.7812489 0.6875 0.7812489 0.71875 0.7499989 0.71875 0.7812489 0.2499998 0.7812489 0.2812499 0.7499989 0.2812499 0.7812489 0.65625 0.7812489 0.6875 0.7499989 0.6875 0.7812489 0.2499998 0.7499989 0.2499998 0.7499989 0.2187499 0.7812489 0.65625 0.7499989 0.65625 0.7499989 0.625 0.7812489 0.1874999 0.7812489 0.2187499 0.7499989 0.2187499 0.7812489 0.59375 0.7812489 0.625 0.7499989 0.625 0.7812489 0.1874999 0.7499988 0.1874999 0.7499988 0.1562498 0.7812489 0.59375 0.7499989 0.59375 0.7499991 0.5625 0.7812488 0.1562498 0.7499988 0.1562498 0.7499987 0.1249998 0.7812489 0.53125 0.7812491 0.5625 0.7499991 0.5625 0.7812475 0.96875 0.7499973 0.96875 0.7499982 0.9375 0.7812486 0.09374982 0.7812487 0.1249998 0.7499987 0.1249998 0.7812489 0.53125 0.7499991 0.53125 0.7499991 0.5 0.7812483 0.9375 0.7499982 0.9375 0.7499986 0.9062499 0.7812486 0.09374982 0.7499986 0.09374982 0.7499982 0.06249982 0.7812489 0.46875 0.7812491 0.5 0.7499991 0.5 0.7812487 0.875 0.7812486 0.90625 0.7499986 0.9062499 0.7812475 0.03124988 0.7812483 0.06249982 0.7499982 0.06249982 0.7812489 0.46875 0.7499991 0.46875 0.7499991 0.4375 0.7812487 0.875 0.7499987 0.875 0.7499988 0.84375 0.7499989 0.34375 0.7499991 0.375 0.7187489 0.375 0.7499989 0.75 0.7499989 0.78125 0.7187488 0.78125 0.7499989 0.3124999 0.7499989 0.34375 0.7187489 0.34375 0.7499989 0.75 0.7187489 0.75 0.7187489 0.71875 0.7499989 0.3124999 0.7187489 0.3124999 0.7187489 0.28125 0.7499989 0.71875 0.7187489 0.71875 0.7187489 0.6875 0.7499989 0.2499998 0.7499989 0.2812499 0.7187489 0.28125 0.7499989 0.65625 0.7499989 0.6875 0.7187489 0.6875 0.7499989 0.2499998 0.7187489 0.2499999 0.7187488 0.2187499 0.7499989 0.65625 0.7187489 0.65625 0.7187489 0.625 0.7499988 0.1874999 0.7499989 0.2187499 0.7187488 0.2187499 0.7499989 0.59375 0.7499989 0.625 0.7187489 0.625 0.7499988 0.1874999 0.7187488 0.1874999 0.7187487 0.1562498 0.7499989 0.59375 0.7187489 0.59375 0.7187491 0.5625 0.7499988 0.1562498 0.7187487 0.1562498 0.7187487 0.1249998 0.7499991 0.53125 0.7499991 0.5625 0.7187491 0.5625 0.7499973 0.96875 0.718747 0.96875 0.7187482 0.9375 0.7499986 0.09374982 0.7499987 0.1249998 0.7187487 0.1249998 0.7499991 0.53125 0.7187489 0.53125 0.7187491 0.5 0.7499986 0.9062499 0.7499982 0.9375 0.7187482 0.9375 0.7499986 0.09374982 0.7187485 0.09374982 0.7187482 0.06249982 0.7499991 0.46875 0.7499991 0.5 0.7187491 0.5 0.7499986 0.9062499 0.7187485 0.9062499 0.7187487 0.8749999 0.7499973 0.03124988 0.7499982 0.06249982 0.7187482 0.06249982 0.7499991 0.46875 0.7187489 0.46875 0.7187489 0.4375 0.7499987 0.875 0.7187487 0.8749999 0.7187487 0.8437499 0.7499989 0.40625 0.7499991 0.4375 0.7187489 0.4375 0.7499988 0.8125 0.7499988 0.84375 0.7187487 0.8437499 0.7499989 0.40625 0.7187489 0.40625 0.7187489 0.375 0.7499989 0.78125 0.7499988 0.8125 0.7187488 0.8125 0.7187489 0.3124999 0.6874989 0.3124999 0.6874989 0.28125 0.7187489 0.71875 0.6874989 0.71875 0.6874989 0.6875 0.7187489 0.2499999 0.7187489 0.28125 0.6874989 0.28125 0.7187489 0.65625 0.7187489 0.6875 0.6874989 0.6875 0.7187489 0.2499999 0.6874988 0.2499999 0.6874988 0.2187499 0.7187489 0.65625 0.6874989 0.65625 0.6874989 0.625 0.7187488 0.1874999 0.7187488 0.2187499 0.6874988 0.2187499 0.7187489 0.625 0.6874989 0.625 0.6874989 0.59375 0.7187487 0.1562498 0.7187488 0.1874999 0.6874988 0.1874999 0.7187489 0.59375 0.6874989 0.59375 0.6874989 0.5625 0.7187487 0.1249998 0.7187487 0.1562498 0.6874987 0.1562498 0.7187489 0.53125 0.7187491 0.5625 0.6874989 0.5625 0.718747 0.96875 0.6874969 0.96875 0.6874981 0.9375 0.7187485 0.09374982 0.7187487 0.1249998 0.6874987 0.1249998 0.7187489 0.53125 0.6874989 0.53125 0.6874989 0.5 0.7187485 0.9062499 0.7187482 0.9375 0.6874981 0.9375 0.7187482 0.06249982 0.7187485 0.09374982 0.6874985 0.09374994 0.7187489 0.46875 0.7187491 0.5 0.6874989 0.5 0.7187487 0.8749999 0.7187485 0.9062499 0.6874985 0.9062499 0.7187471 0.03124988 0.7187482 0.06249982 0.6874981 0.06249982 0.7187489 0.46875 0.6874989 0.46875 0.6874989 0.4375 0.7187487 0.8437499 0.7187487 0.8749999 0.6874986 0.8749999 0.7187489 0.40625 0.7187489 0.4375 0.6874989 0.4375 0.7187488 0.8125 0.7187487 0.8437499 0.6874987 0.8437499 0.7187489 0.40625 0.6874989 0.40625 0.6874989 0.375 0.7187488 0.8125 0.6874987 0.8124999 0.6874988 0.78125 0.7187489 0.34375 0.7187489 0.375 0.6874989 0.375 0.7187489 0.75 0.7187488 0.78125 0.6874988 0.78125 0.7187489 0.3124999 0.7187489 0.34375 0.6874989 0.34375 0.7187489 0.75 0.6874988 0.75 0.6874989 0.71875 0.6874988 0.2499999 0.6562488 0.2499999 0.6562488 0.2187499 0.6874989 0.65625 0.6562489 0.65625 0.6562489 0.625 0.6874988 0.1874999 0.6874988 0.2187499 0.6562488 0.2187499 0.6874989 0.59375 0.6874989 0.625 0.6562489 0.625 0.6874987 0.1562498 0.6874988 0.1874999 0.6562487 0.1874999 0.6874989 0.59375 0.6562489 0.59375 0.6562489 0.5625 0.6874987 0.1562498 0.6562487 0.1562498 0.6562486 0.1249998 0.6874989 0.53125 0.6874989 0.5625 0.6562489 0.5625 0.6874969 0.96875 0.6562468 0.96875 0.656248 0.9375 0.6874987 0.1249998 0.6562486 0.1249998 0.6562483 0.09374994 0.6874989 0.53125 0.6562489 0.53125 0.6562489 0.5 0.6874981 0.9375 0.656248 0.9375 0.6562485 0.9062499 0.6874985 0.09374994 0.6562483 0.09374994 0.656248 0.06249994 0.6874989 0.46875 0.6874989 0.5 0.6562489 0.5 0.6874986 0.8749999 0.6874985 0.9062499 0.6562485 0.9062499 0.687497 0.03124988 0.6874981 0.06249982 0.656248 0.06249994 0.6874989 0.46875 0.6562489 0.46875 0.6562489 0.4375 0.6874986 0.8749999 0.6562486 0.8749999 0.6562487 0.8437499 0.6874989 0.40625 0.6874989 0.4375 0.6562489 0.4375 0.6874987 0.8124999 0.6874987 0.8437499 0.6562487 0.8437499 0.6874989 0.40625 0.6562489 0.40625 0.6562489 0.375 0.6874988 0.78125 0.6874987 0.8124999 0.6562487 0.8124999 0.6874989 0.34375 0.6874989 0.375 0.6562489 0.375 0.6874988 0.78125 0.6562488 0.78125 0.6562488 0.75 0.6874989 0.3124999 0.6874989 0.34375 0.6562489 0.34375 0.6874988 0.75 0.6562488 0.75 0.6562489 0.71875 0.6874989 0.28125 0.6874989 0.3124999 0.6562489 0.3125 0.6874989 0.6875 0.6874989 0.71875 0.6562489 0.71875 0.6874988 0.2499999 0.6874989 0.28125 0.6562489 0.28125 0.6874989 0.65625 0.6874989 0.6875 0.6562489 0.6875 0.6562487 0.1562498 0.6562487 0.1874999 0.6249987 0.1874999 0.6562489 0.59375 0.6249989 0.59375 0.6249989 0.5625 0.6562486 0.1249998 0.6562487 0.1562498 0.6249987 0.15625 0.6562489 0.53125 0.6562489 0.5625 0.6249989 0.5625 0.656248 0.9375 0.6562468 0.96875 0.6249967 0.96875 0.6562483 0.09374994 0.6562486 0.1249998 0.6249986 0.1249998 0.6562489 0.53125 0.6249989 0.53125 0.6249989 0.5 0.6562485 0.9062499 0.656248 0.9375 0.624998 0.9375 0.656248 0.06249994 0.6562483 0.09374994 0.6249983 0.09374994 0.6562489 0.46875 0.6562489 0.5 0.6249989 0.5 0.6562486 0.8749999 0.6562485 0.9062499 0.6249983 0.9062499 0.6562468 0.03124988 0.656248 0.06249994 0.624998 0.06249994 0.6562489 0.46875 0.6249989 0.46875 0.6249989 0.4375 0.6562486 0.8749999 0.6249986 0.8749999 0.6249987 0.8437498 0.6562489 0.40625 0.6562489 0.4375 0.6249989 0.4375 0.6562487 0.8437499 0.6249987 0.8437498 0.6249987 0.8124999 0.6562489 0.40625 0.6249989 0.40625 0.6249989 0.375 0.6562487 0.8124999 0.6249987 0.8124999 0.6249988 0.7812499 0.6562489 0.34375 0.6562489 0.375 0.6249989 0.375 0.6562488 0.78125 0.6249988 0.7812499 0.6249988 0.75 0.6562489 0.3125 0.6562489 0.34375 0.6249989 0.34375 0.6562488 0.75 0.6249988 0.75 0.6249988 0.71875 0.6562489 0.3125 0.6249989 0.3125 0.6249988 0.28125 0.6562489 0.71875 0.6249988 0.71875 0.6249989 0.6875 0.6562489 0.28125 0.6249988 0.28125 0.6249988 0.2499999 0.6562489 0.65625 0.6562489 0.6875 0.6249989 0.6875 0.6562488 0.2187499 0.6562488 0.2499999 0.6249988 0.2499999 0.6562489 0.625 0.6562489 0.65625 0.6249989 0.65625 0.6562487 0.1874999 0.6562488 0.2187499 0.6249988 0.2187499 0.6562489 0.59375 0.6562489 0.625 0.6249989 0.625 0.6249983 0.09374994 0.6249986 0.1249998 0.5937486 0.125 0.6249989 0.53125 0.5937489 0.53125 0.5937489 0.5 0.6249983 0.9062499 0.624998 0.9375 0.5937479 0.9375 0.624998 0.06249994 0.6249983 0.09374994 0.5937483 0.09374994 0.6249989 0.46875 0.6249989 0.5 0.5937489 0.5 0.6249986 0.8749999 0.6249983 0.9062499 0.5937483 0.9062499 0.624998 0.06249994 0.593748 0.06249994 0.5937467 0.03124988 0.6249989 0.46875 0.5937489 0.46875 0.5937489 0.4375 0.6249986 0.8749999 0.5937485 0.8749998 0.5937487 0.8437498 0.6249989 0.40625 0.6249989 0.4375 0.5937489 0.4375 0.6249987 0.8124999 0.6249987 0.8437498 0.5937487 0.8437498 0.6249989 0.40625 0.5937489 0.40625 0.5937489 0.375 0.6249987 0.8124999 0.5937487 0.8124998 0.5937488 0.7812499 0.6249989 0.34375 0.6249989 0.375 0.5937489 0.375 0.6249988 0.7812499 0.5937488 0.7812499 0.5937488 0.75 0.6249989 0.3125 0.6249989 0.34375 0.5937489 0.34375 0.6249988 0.71875 0.6249988 0.75 0.5937488 0.75 0.6249988 0.28125 0.6249989 0.3125 0.5937489 0.3125 0.6249988 0.71875 0.5937489 0.71875 0.5937489 0.6875 0.6249988 0.28125 0.5937488 0.28125 0.5937488 0.2499999 0.6249989 0.65625 0.6249989 0.6875 0.5937489 0.6875 0.6249988 0.2499999 0.5937488 0.2499999 0.5937488 0.21875 0.6249989 0.65625 0.5937489 0.65625 0.5937489 0.625 0.6249988 0.2187499 0.5937488 0.21875 0.5937487 0.1875 0.6249989 0.625 0.5937489 0.625 0.5937489 0.59375 0.6249987 0.1874999 0.5937487 0.1875 0.5937486 0.15625 0.6249989 0.59375 0.5937489 0.59375 0.5937489 0.5625 0.6249987 0.15625 0.5937486 0.15625 0.5937486 0.125 0.6249989 0.53125 0.6249989 0.5625 0.5937489 0.5625 0.624998 0.9375 0.6249967 0.96875 0.5937466 0.96875 0.593748 0.06249994 0.5624979 0.06249994 0.5624966 0.03124988 0.5937489 0.46875 0.5624989 0.46875 0.5624989 0.4375 0.5937487 0.8437498 0.5937485 0.8749998 0.5624985 0.8749998 0.5937489 0.40625 0.5937489 0.4375 0.5624989 0.4375 0.5937487 0.8124998 0.5937487 0.8437498 0.5624987 0.8437498 0.5937489 0.40625 0.5624989 0.40625 0.5624989 0.375 0.5937488 0.7812499 0.5937487 0.8124998 0.5624987 0.8124998 0.5937489 0.34375 0.5937489 0.375 0.5624989 0.375 0.5937488 0.7812499 0.5624988 0.7812499 0.5624988 0.7499999 0.5937489 0.3125 0.5937489 0.34375 0.5624989 0.34375 0.5937488 0.75 0.5624988 0.7499999 0.5624989 0.71875 0.5937488 0.28125 0.5937489 0.3125 0.5624989 0.3125 0.5937489 0.71875 0.5624989 0.71875 0.5624989 0.6875 0.5937488 0.2499999 0.5937488 0.28125 0.5624988 0.28125 0.5937489 0.65625 0.5937489 0.6875 0.5624989 0.6875 0.5937488 0.21875 0.5937488 0.2499999 0.5624988 0.2499999 0.5937489 0.65625 0.5624989 0.65625 0.5624989 0.625 0.5937487 0.1875 0.5937488 0.21875 0.5624988 0.21875 0.5937489 0.625 0.5624989 0.625 0.5624989 0.59375 0.5937486 0.15625 0.5937487 0.1875 0.5624987 0.1875 0.5937489 0.59375 0.5624989 0.59375 0.5624989 0.5625 0.5937486 0.15625 0.5624986 0.15625 0.5624986 0.125 0.5937489 0.53125 0.5937489 0.5625 0.5624989 0.5625 0.5937466 0.96875 0.5624964 0.96875 0.5624979 0.9374998 0.5937486 0.125 0.5624986 0.125 0.5624983 0.09374994 0.5937489 0.53125 0.5624989 0.53125 0.5624989 0.5 0.5937483 0.9062499 0.5937479 0.9375 0.5624979 0.9374998 0.5937483 0.09374994 0.5624983 0.09374994 0.5624979 0.06249994 0.5937489 0.5 0.5624989 0.5 0.5624989 0.46875 0.5937485 0.8749998 0.5937483 0.9062499 0.5624983 0.9062498 0.5624989 0.40625 0.5312489 0.40625 0.5312489 0.375 0.5624987 0.8124998 0.5312487 0.8124998 0.5312488 0.7812499 0.5624989 0.34375 0.5624989 0.375 0.5312489 0.375 0.5624988 0.7812499 0.5312488 0.7812499 0.5312488 0.7499999 0.5624989 0.3125 0.5624989 0.34375 0.5312489 0.34375 0.5624988 0.7499999 0.5312488 0.7499999 0.5312488 0.7187499 0.5624989 0.3125 0.5312489 0.3125 0.5312488 0.28125 0.5624989 0.71875 0.5312488 0.7187499 0.5312489 0.6875 0.5624988 0.28125 0.5312488 0.28125 0.5312488 0.2499999 0.5624989 0.6875 0.5312489 0.6875 0.5312489 0.65625 0.5624988 0.21875 0.5624988 0.2499999 0.5312488 0.2499999 0.5624989 0.65625 0.5312489 0.65625 0.5312489 0.625 0.5624987 0.1875 0.5624988 0.21875 0.5312488 0.21875 0.5624989 0.625 0.5312489 0.625 0.5312489 0.59375 0.5624986 0.15625 0.5624987 0.1875 0.5312487 0.1875 0.5624989 0.59375 0.5312489 0.59375 0.5312489 0.5625 0.5624986 0.15625 0.5312486 0.15625 0.5312486 0.125 0.5624989 0.53125 0.5624989 0.5625 0.5312489 0.5625 0.5624964 0.96875 0.5312464 0.96875 0.5312479 0.9374998 0.5624983 0.09374994 0.5624986 0.125 0.5312486 0.125 0.5624989 0.53125 0.5312489 0.53125 0.5312489 0.5 0.5624983 0.9062498 0.5624979 0.9374998 0.5312479 0.9374998 0.5624983 0.09374994 0.5312482 0.09375005 0.5312479 0.06249994 0.5624989 0.46875 0.5624989 0.5 0.5312489 0.5 0.5624985 0.8749998 0.5624983 0.9062498 0.5312482 0.9062498 0.5624966 0.03124988 0.5624979 0.06249994 0.5312479 0.06249994 0.5624989 0.46875 0.5312489 0.46875 0.5312489 0.4375 0.5624985 0.8749998 0.5312485 0.8749998 0.5312486 0.8437498 0.5624989 0.40625 0.5624989 0.4375 0.5312489 0.4375 0.5624987 0.8437498 0.5312486 0.8437498 0.5312487 0.8124998 0.5312489 0.3125 0.5312489 0.34375 0.4999989 0.34375 0.5312488 0.7499999 0.4999988 0.7499999 0.4999989 0.7187499 0.5312488 0.28125 0.5312489 0.3125 0.4999989 0.3125 0.5312488 0.7187499 0.4999989 0.7187499 0.4999989 0.6875 0.5312488 0.28125 0.4999989 0.28125 0.4999988 0.25 0.5312489 0.65625 0.5312489 0.6875 0.4999989 0.6875 0.5312488 0.2499999 0.4999988 0.25 0.4999988 0.21875 0.5312489 0.65625 0.4999989 0.65625 0.4999989 0.625 0.5312487 0.1875 0.5312488 0.21875 0.4999988 0.21875 0.5312489 0.625 0.4999989 0.625 0.4999989 0.5937499 0.5312486 0.15625 0.5312487 0.1875 0.4999987 0.1875 0.5312489 0.59375 0.4999989 0.5937499 0.499999 0.5625 0.5312486 0.15625 0.4999986 0.15625 0.4999985 0.125 0.5312489 0.53125 0.5312489 0.5625 0.499999 0.5625 0.5312464 0.96875 0.4999964 0.96875 0.4999979 0.9374998 0.5312482 0.09375005 0.5312486 0.125 0.4999985 0.125 0.5312489 0.53125 0.4999989 0.53125 0.4999989 0.5 0.5312482 0.9062498 0.5312479 0.9374998 0.4999979 0.9374998 0.5312482 0.09375005 0.4999983 0.09375005 0.4999979 0.06249994 0.5312489 0.46875 0.5312489 0.5 0.4999989 0.5 0.5312485 0.8749998 0.5312482 0.9062498 0.4999983 0.9062498 0.5312479 0.06249994 0.4999979 0.06249994 0.4999966 0.03124988 0.5312489 0.46875 0.4999989 0.46875 0.4999989 0.4375 0.5312486 0.8437498 0.5312485 0.8749998 0.4999985 0.8749998 0.5312489 0.40625 0.5312489 0.4375 0.4999989 0.4375 0.5312486 0.8437498 0.4999986 0.8437498 0.4999987 0.8124998 0.5312489 0.40625 0.4999989 0.40625 0.499999 0.375 0.5312487 0.8124998 0.4999987 0.8124998 0.4999988 0.7812499 0.5312489 0.34375 0.5312489 0.375 0.499999 0.375 0.5312488 0.7812499 0.4999988 0.7812499 0.4999988 0.7499999 0.4999989 0.28125 0.4687489 0.28125 0.4687488 0.25 0.4999989 0.65625 0.4999989 0.6875 0.4687489 0.6874999 0.4999988 0.21875 0.4999988 0.25 0.4687488 0.25 0.4999989 0.65625 0.4687489 0.65625 0.4687489 0.625 0.4999987 0.1875 0.4999988 0.21875 0.4687488 0.21875 0.4999989 0.625 0.4687489 0.625 0.4687489 0.5937499 0.4999986 0.15625 0.4999987 0.1875 0.4687487 0.1875 0.4999989 0.5937499 0.4687489 0.5937499 0.468749 0.5625 0.4999985 0.125 0.4999986 0.15625 0.4687486 0.15625 0.4999989 0.53125 0.499999 0.5625 0.468749 0.5625 0.4999964 0.96875 0.4687464 0.96875 0.4687479 0.9374998 0.4999983 0.09375005 0.4999985 0.125 0.4687485 0.1250001 0.4999989 0.53125 0.4687489 0.53125 0.4687489 0.5 0.4999983 0.9062498 0.4999979 0.9374998 0.4687479 0.9374998 0.4999983 0.09375005 0.4687483 0.09375005 0.4687479 0.06249994 0.4999989 0.46875 0.4999989 0.5 0.4687489 0.5 0.4999983 0.9062498 0.4687483 0.9062498 0.4687485 0.8749997 0.4999966 0.03124988 0.4999979 0.06249994 0.4687479 0.06249994 0.4999989 0.46875 0.4687489 0.46875 0.4687489 0.4375 0.4999985 0.8749998 0.4687485 0.8749997 0.4687486 0.8437498 0.4999989 0.40625 0.4999989 0.4375 0.4687489 0.4375 0.4999987 0.8124998 0.4999986 0.8437498 0.4687486 0.8437498 0.4999989 0.40625 0.4687489 0.40625 0.468749 0.375 0.4999987 0.8124998 0.4687487 0.8124998 0.4687488 0.7812498 0.4999989 0.34375 0.499999 0.375 0.468749 0.375 0.4999988 0.7812499 0.4687488 0.7812498 0.4687488 0.7499999 0.4999989 0.3125 0.4999989 0.34375 0.4687489 0.34375 0.4999989 0.7187499 0.4999988 0.7499999 0.4687488 0.7499999 0.4999989 0.28125 0.4999989 0.3125 0.4687489 0.3125 0.4999989 0.7187499 0.4687489 0.7187499 0.4687489 0.6874999 0.4687487 0.1875 0.4687488 0.21875 0.4374988 0.21875 0.4687489 0.625 0.4374989 0.625 0.4374989 0.5937499 0.4687486 0.15625 0.4687487 0.1875 0.4374987 0.1875 0.4687489 0.5937499 0.4374989 0.5937499 0.437499 0.5625 0.4687486 0.15625 0.4374986 0.15625 0.4374986 0.1250001 0.4687489 0.53125 0.468749 0.5625 0.437499 0.5625 0.4687464 0.96875 0.4374965 0.96875 0.4374979 0.9374998 0.4687483 0.09375005 0.4687485 0.1250001 0.4374986 0.1250001 0.4687489 0.53125 0.4374989 0.53125 0.4374989 0.5 0.4687479 0.9374998 0.4374979 0.9374998 0.4374983 0.9062497 0.4687479 0.06249994 0.4687483 0.09375005 0.4374983 0.09375005 0.4687489 0.46875 0.4687489 0.5 0.4374989 0.5 0.4687485 0.8749997 0.4687483 0.9062498 0.4374983 0.9062497 0.4687466 0.03124988 0.4687479 0.06249994 0.4374979 0.06249994 0.4687489 0.46875 0.4374989 0.46875 0.4374989 0.4375 0.4687485 0.8749997 0.4374985 0.8749997 0.4374986 0.8437498 0.4687489 0.40625 0.4687489 0.4375 0.4374989 0.4375 0.4687486 0.8437498 0.4374986 0.8437498 0.4374987 0.8124998 0.4687489 0.40625 0.4374989 0.40625 0.437499 0.375 0.4687487 0.8124998 0.4374987 0.8124998 0.4374988 0.7812498 0.4687489 0.34375 0.468749 0.375 0.437499 0.375 0.4687488 0.7812498 0.4374988 0.7812498 0.4374988 0.7499999 0.4687489 0.3125 0.4687489 0.34375 0.4374989 0.34375 0.4687488 0.7499999 0.4374988 0.7499999 0.4374989 0.7187499 0.4687489 0.28125 0.4687489 0.3125 0.4374989 0.3125 0.4687489 0.7187499 0.4374989 0.7187499 0.4374989 0.6874999 0.4687488 0.25 0.4687489 0.28125 0.4374989 0.28125 0.4687489 0.65625 0.4687489 0.6874999 0.4374989 0.6874999 0.4687488 0.25 0.4374988 0.2500001 0.4374988 0.21875 0.4687489 0.65625 0.4374989 0.65625 0.4374989 0.625 0.4374986 0.15625 0.4062486 0.1562501 0.4062486 0.1250001 0.4374989 0.53125 0.437499 0.5625 0.406249 0.5625 0.4374965 0.96875 0.4062466 0.9687496 0.4062479 0.9374998 0.4374983 0.09375005 0.4374986 0.1250001 0.4062486 0.1250001 0.4374989 0.53125 0.4062489 0.53125 0.4062489 0.5 0.4374983 0.9062497 0.4374979 0.9374998 0.4062479 0.9374998 0.4374983 0.09375005 0.4062483 0.09375005 0.4062479 0.06249994 0.4374989 0.46875 0.4374989 0.5 0.4062489 0.5 0.4374985 0.8749997 0.4374983 0.9062497 0.4062483 0.9062497 0.4374966 0.03124988 0.4374979 0.06249994 0.4062479 0.06249994 0.4374989 0.46875 0.4062489 0.46875 0.4062489 0.4375 0.4374985 0.8749997 0.4062485 0.8749997 0.4062486 0.8437497 0.4374989 0.40625 0.4374989 0.4375 0.4062489 0.4375 0.4374987 0.8124998 0.4374986 0.8437498 0.4062486 0.8437497 0.4374989 0.40625 0.4062489 0.40625 0.406249 0.375 0.4374987 0.8124998 0.4062487 0.8124998 0.4062488 0.7812498 0.4374989 0.34375 0.437499 0.375 0.406249 0.375 0.4374988 0.7812498 0.4062488 0.7812498 0.4062489 0.7499999 0.4374989 0.3125 0.4374989 0.34375 0.4062489 0.34375 0.4374989 0.7187499 0.4374988 0.7499999 0.4062489 0.7499999 0.4374989 0.28125 0.4374989 0.3125 0.4062489 0.3125 0.4374989 0.7187499 0.4062489 0.7187499 0.4062489 0.6874999 0.4374989 0.28125 0.4062489 0.2812501 0.4062488 0.2500001 0.4374989 0.65625 0.4374989 0.6874999 0.4062489 0.6874999 0.4374988 0.21875 0.4374988 0.2500001 0.4062488 0.2500001 0.4374989 0.65625 0.4062489 0.65625 0.4062489 0.625 0.4374987 0.1875 0.4374988 0.21875 0.4062488 0.21875 0.4374989 0.625 0.4062489 0.625 0.4062489 0.5937499 0.4374986 0.15625 0.4374987 0.1875 0.4062487 0.1875 0.4374989 0.5937499 0.4062489 0.5937499 0.406249 0.5625 0.4062479 0.9374998 0.374998 0.9374998 0.3749983 0.9062497 0.4062479 0.06249994 0.4062483 0.09375005 0.3749983 0.09375017 0.4062489 0.46875 0.4062489 0.5 0.374999 0.5 0.4062485 0.8749997 0.4062483 0.9062497 0.3749983 0.9062497 0.4062479 0.06249994 0.374998 0.06250017 0.3749968 0.03124988 0.4062489 0.46875 0.3749989 0.46875 0.3749989 0.4375 0.4062486 0.8437497 0.4062485 0.8749997 0.3749986 0.8749997 0.4062489 0.40625 0.4062489 0.4375 0.3749989 0.4375 0.4062487 0.8124998 0.4062486 0.8437497 0.3749987 0.8437497 0.4062489 0.40625 0.3749989 0.40625 0.374999 0.375 0.4062487 0.8124998 0.3749987 0.8124998 0.3749988 0.7812498 0.4062489 0.34375 0.406249 0.375 0.374999 0.375 0.4062488 0.7812498 0.3749988 0.7812498 0.3749989 0.7499998 0.4062489 0.3125 0.4062489 0.34375 0.3749989 0.34375 0.4062489 0.7187499 0.4062489 0.7499999 0.3749989 0.7499998 0.4062489 0.2812501 0.4062489 0.3125 0.3749989 0.3125 0.4062489 0.7187499 0.3749989 0.7187499 0.3749989 0.6874999 0.4062489 0.2812501 0.3749989 0.2812501 0.3749989 0.2500001 0.4062489 0.65625 0.4062489 0.6874999 0.3749989 0.6874999 0.4062488 0.21875 0.4062488 0.2500001 0.3749989 0.2500001 0.4062489 0.65625 0.3749989 0.6562499 0.3749989 0.625 0.4062487 0.1875 0.4062488 0.21875 0.3749988 0.21875 0.4062489 0.625 0.3749989 0.625 0.3749989 0.5937499 0.4062486 0.1562501 0.4062487 0.1875 0.3749988 0.1875 0.4062489 0.5937499 0.3749989 0.5937499 0.374999 0.5624999 0.4062486 0.1562501 0.3749987 0.1562501 0.3749986 0.1250001 0.4062489 0.53125 0.406249 0.5625 0.374999 0.5624999 0.4062466 0.9687496 0.3749967 0.9687496 0.374998 0.9374998 0.4062483 0.09375005 0.4062486 0.1250001 0.3749986 0.1250001 0.4062489 0.53125 0.3749989 0.53125 0.374999 0.5 0.3749986 0.8749997 0.3437486 0.8749997 0.3437487 0.8437497 0.3749989 0.40625 0.3749989 0.4375 0.343749 0.4375 0.3749987 0.8124998 0.3749987 0.8437497 0.3437487 0.8437497 0.3749989 0.40625 0.3437489 0.40625 0.343749 0.375 0.3749987 0.8124998 0.3437488 0.8124997 0.3437488 0.7812498 0.3749989 0.34375 0.374999 0.375 0.343749 0.375 0.3749988 0.7812498 0.3437488 0.7812498 0.3437489 0.7499998 0.3749989 0.3125 0.3749989 0.34375 0.3437489 0.3437501 0.3749989 0.7187499 0.3749989 0.7499998 0.3437489 0.7499998 0.3749989 0.3125 0.3437489 0.3125 0.3437489 0.2812501 0.3749989 0.7187499 0.3437489 0.7187499 0.3437489 0.6874999 0.3749989 0.2500001 0.3749989 0.2812501 0.3437489 0.2812501 0.3749989 0.6562499 0.3749989 0.6874999 0.3437489 0.6874999 0.3749988 0.21875 0.3749989 0.2500001 0.3437489 0.2500001 0.3749989 0.6562499 0.3437489 0.6562499 0.3437489 0.625 0.3749988 0.21875 0.3437488 0.21875 0.3437488 0.1875 0.3749989 0.625 0.3437489 0.625 0.3437489 0.5937499 0.3749988 0.1875 0.3437488 0.1875 0.3437487 0.1562501 0.3749989 0.5937499 0.3437489 0.5937499 0.343749 0.5624999 0.3749987 0.1562501 0.3437487 0.1562501 0.3437486 0.1250001 0.3749989 0.53125 0.374999 0.5624999 0.343749 0.5624999 0.374998 0.9374998 0.3749967 0.9687496 0.3437468 0.9687496 0.3749983 0.09375017 0.3749986 0.1250001 0.3437486 0.1250001 0.3749989 0.53125 0.3437489 0.53125 0.343749 0.5 0.3749983 0.9062497 0.374998 0.9374998 0.343748 0.9374998 0.374998 0.06250017 0.3749983 0.09375017 0.3437484 0.09375017 0.3749989 0.46875 0.374999 0.5 0.343749 0.5 0.3749983 0.9062497 0.3437484 0.9062497 0.3437486 0.8749997 0.374998 0.06250017 0.343748 0.06250017 0.3437469 0.03125023 0.3749989 0.46875 0.3437489 0.46875 0.343749 0.4375 0.3437488 0.7812498 0.3437488 0.8124997 0.3124988 0.8124997 0.3437489 0.3437501 0.343749 0.375 0.3124991 0.375 0.3437488 0.7812498 0.3124988 0.7812498 0.3124989 0.7499998 0.3437489 0.3125 0.3437489 0.3437501 0.3124989 0.3437501 0.3437489 0.7499998 0.3124989 0.7499998 0.3124989 0.7187499 0.3437489 0.3125 0.3124989 0.3125001 0.3124989 0.2812501 0.3437489 0.7187499 0.3124989 0.7187499 0.3124989 0.6874999 0.3437489 0.2500001 0.3437489 0.2812501 0.3124989 0.2812501 0.3437489 0.6562499 0.3437489 0.6874999 0.3124989 0.6874999 0.3437488 0.21875 0.3437489 0.2500001 0.3124989 0.2500001 0.3437489 0.6562499 0.3124989 0.6562499 0.3124989 0.625 0.3437488 0.1875 0.3437488 0.21875 0.3124988 0.21875 0.3437489 0.5937499 0.3437489 0.625 0.3124989 0.625 0.3437487 0.1562501 0.3437488 0.1875 0.3124988 0.1875 0.3437489 0.5937499 0.3124989 0.5937499 0.312499 0.5624999 0.3437487 0.1562501 0.3124987 0.1562502 0.3124987 0.1250001 0.3437489 0.53125 0.343749 0.5624999 0.312499 0.5624999 0.3437468 0.9687496 0.3124969 0.9687496 0.3124981 0.9374998 0.3437484 0.09375017 0.3437486 0.1250001 0.3124987 0.1250001 0.3437489 0.53125 0.3124989 0.53125 0.312499 0.5 0.3437484 0.9062497 0.343748 0.9374998 0.3124981 0.9374998 0.3437484 0.09375017 0.3124985 0.09375017 0.3124981 0.06250017 0.3437489 0.46875 0.343749 0.5 0.312499 0.5 0.3437484 0.9062497 0.3124985 0.9062497 0.3124986 0.8749997 0.3437469 0.03125023 0.343748 0.06250017 0.3124981 0.06250017 0.3437489 0.46875 0.3124989 0.46875 0.312499 0.4375 0.3437486 0.8749997 0.3124986 0.8749997 0.3124988 0.8437497 0.3437489 0.40625 0.343749 0.4375 0.312499 0.4375 0.3437488 0.8124997 0.3437487 0.8437497 0.3124988 0.8437497 0.3437489 0.40625 0.3124989 0.40625 0.3124991 0.375 0.3124989 0.7499998 0.2812489 0.7499998 0.2812489 0.7187499 0.3124989 0.2812501 0.3124989 0.3125001 0.2812489 0.3125001 0.3124989 0.6874999 0.3124989 0.7187499 0.2812489 0.7187499 0.3124989 0.2500001 0.3124989 0.2812501 0.2812489 0.2812501 0.3124989 0.6874999 0.2812489 0.6874999 0.2812489 0.6562499 0.3124989 0.2500001 0.2812489 0.2500001 0.2812489 0.21875 0.3124989 0.6562499 0.2812489 0.6562499 0.2812489 0.625 0.3124988 0.1875 0.3124988 0.21875 0.2812489 0.21875 0.3124989 0.5937499 0.3124989 0.625 0.2812489 0.625 0.3124988 0.1875 0.2812488 0.1875001 0.2812488 0.1562502 0.3124989 0.5937499 0.2812489 0.5937499 0.2812491 0.5624999 0.3124987 0.1562502 0.2812488 0.1562502 0.2812487 0.1250001 0.3124989 0.53125 0.312499 0.5624999 0.2812491 0.5624999 0.3124969 0.9687496 0.2812471 0.9687496 0.2812481 0.9374996 0.3124985 0.09375017 0.3124987 0.1250001 0.2812487 0.1250001 0.3124989 0.53125 0.281249 0.53125 0.281249 0.5 0.3124981 0.9374998 0.2812481 0.9374996 0.2812485 0.9062495 0.3124985 0.09375017 0.2812485 0.09375017 0.2812482 0.06250017 0.3124989 0.46875 0.312499 0.5 0.281249 0.5 0.3124986 0.8749997 0.3124985 0.9062497 0.2812485 0.9062495 0.3124981 0.06250017 0.2812482 0.06250017 0.2812472 0.03125023 0.3124989 0.46875 0.281249 0.46875 0.281249 0.4375 0.3124988 0.8437497 0.3124986 0.8749997 0.2812487 0.8749997 0.3124989 0.40625 0.312499 0.4375 0.281249 0.4375 0.3124988 0.8437497 0.2812488 0.8437497 0.2812488 0.8124997 0.3124989 0.40625 0.2812489 0.40625 0.2812491 0.375 0.3124988 0.7812498 0.3124988 0.8124997 0.2812488 0.8124997 0.3124989 0.3437501 0.3124991 0.375 0.2812491 0.375 0.3124988 0.7812498 0.2812489 0.7812498 0.2812489 0.7499998 0.3124989 0.3125001 0.3124989 0.3437501 0.281249 0.3437501 0.2812489 0.6562499 0.2812489 0.6874999 0.2499989 0.6874999 0.2812489 0.2500001 0.2499989 0.2500002 0.2499989 0.21875 0.2812489 0.6562499 0.2499989 0.6562499 0.2499989 0.625 0.2812489 0.21875 0.2499989 0.21875 0.2499988 0.1875001 0.2812489 0.625 0.2499989 0.625 0.2499989 0.5937499 0.2812488 0.1562502 0.2812488 0.1875001 0.2499988 0.1875001 0.2812489 0.5937499 0.2499989 0.5937499 0.249999 0.5624999 0.2812487 0.1250001 0.2812488 0.1562502 0.2499988 0.1562502 0.281249 0.53125 0.2812491 0.5624999 0.249999 0.5624999 0.2812471 0.9687496 0.2499972 0.9687496 0.2499982 0.9374996 0.2812485 0.09375017 0.2812487 0.1250001 0.2499988 0.1250001 0.281249 0.53125 0.249999 0.53125 0.249999 0.5 0.2812481 0.9374996 0.2499982 0.9374996 0.2499985 0.9062495 0.2812482 0.06250017 0.2812485 0.09375017 0.2499985 0.09375017 0.281249 0.46875 0.281249 0.5 0.249999 0.5 0.2812487 0.8749997 0.2812485 0.9062495 0.2499985 0.9062495 0.2812472 0.03125023 0.2812482 0.06250017 0.2499982 0.06250017 0.281249 0.46875 0.249999 0.46875 0.249999 0.4375 0.2812487 0.8749997 0.2499986 0.8749997 0.2499988 0.8437497 0.2812489 0.40625 0.281249 0.4375 0.249999 0.4375 0.2812488 0.8437497 0.2499988 0.8437497 0.2499988 0.8124997 0.2812489 0.40625 0.2499989 0.40625 0.249999 0.375 0.2812488 0.8124997 0.2499988 0.8124997 0.2499988 0.7812498 0.281249 0.3437501 0.2812491 0.375 0.249999 0.375 0.2812489 0.7812498 0.2499988 0.7812498 0.2499989 0.7499998 0.2812489 0.3125001 0.281249 0.3437501 0.2499989 0.3437501 0.2812489 0.7499998 0.2499989 0.7499998 0.2499989 0.7187498 0.2812489 0.2812501 0.2812489 0.3125001 0.2499989 0.3125001 0.2812489 0.7187499 0.2499989 0.7187498 0.2499989 0.6874999 0.2812489 0.2812501 0.2499989 0.2812501 0.2499989 0.2500002 0.2499989 0.5937499 0.2499989 0.625 0.218749 0.625 0.2499988 0.1562502 0.2499988 0.1875001 0.2187489 0.1875001 0.2499989 0.5937499 0.2187489 0.5937499 0.218749 0.5624999 0.2499988 0.1562502 0.2187488 0.1562502 0.2187488 0.1250001 0.249999 0.53125 0.249999 0.5624999 0.218749 0.5624999 0.2499972 0.9687496 0.2187474 0.9687496 0.2187483 0.9374996 0.2499985 0.09375017 0.2499988 0.1250001 0.2187488 0.1250001 0.249999 0.53125 0.218749 0.53125 0.218749 0.5 0.2499982 0.9374996 0.2187483 0.9374996 0.2187486 0.9062495 0.2499982 0.06250017 0.2499985 0.09375017 0.2187486 0.09375017 0.249999 0.46875 0.249999 0.5 0.218749 0.5 0.2499985 0.9062495 0.2187486 0.9062495 0.2187487 0.8749995 0.2499982 0.06250017 0.2187483 0.06250017 0.2187474 0.03125023 0.249999 0.46875 0.218749 0.46875 0.218749 0.4375 0.2499988 0.8437497 0.2499986 0.8749997 0.2187487 0.8749995 0.2499989 0.40625 0.249999 0.4375 0.218749 0.4375 0.2499988 0.8124997 0.2499988 0.8437497 0.2187488 0.8437497 0.2499989 0.40625 0.2187489 0.40625 0.218749 0.375 0.2499988 0.7812498 0.2499988 0.8124997 0.2187489 0.8124997 0.2499989 0.3437501 0.249999 0.375 0.218749 0.375 0.2499988 0.7812498 0.2187489 0.7812498 0.2187489 0.7499998 0.2499989 0.3125001 0.2499989 0.3437501 0.2187489 0.3437501 0.2499989 0.7499998 0.2187489 0.7499998 0.2187489 0.7187498 0.2499989 0.3125001 0.2187489 0.3125001 0.2187489 0.2812501 0.2499989 0.6874999 0.2499989 0.7187498 0.2187489 0.7187498 0.2499989 0.2812501 0.2187489 0.2812501 0.2187489 0.2500002 0.2499989 0.6874999 0.2187489 0.6874999 0.2187489 0.6562499 0.2499989 0.21875 0.2499989 0.2500002 0.2187489 0.2500002 0.2499989 0.6562499 0.2187489 0.6562499 0.218749 0.625 0.2499988 0.1875001 0.2499989 0.21875 0.2187489 0.2187501 0.218749 0.53125 0.218749 0.5624999 0.187499 0.5624999 0.2187474 0.9687496 0.1874976 0.9687496 0.1874984 0.9374996 0.2187486 0.09375017 0.2187488 0.1250001 0.1874988 0.1250001 0.218749 0.53125 0.187499 0.53125 0.187499 0.5 0.2187483 0.9374996 0.1874984 0.9374996 0.1874987 0.9062495 0.2187486 0.09375017 0.1874986 0.09375017 0.1874984 0.06250017 0.218749 0.46875 0.218749 0.5 0.187499 0.5 0.2187486 0.9062495 0.1874987 0.9062495 0.1874988 0.8749995 0.2187483 0.06250017 0.1874984 0.06250017 0.1874977 0.03125023 0.218749 0.46875 0.187499 0.46875 0.187499 0.4375 0.2187487 0.8749995 0.1874988 0.8749995 0.1874989 0.8437497 0.2187489 0.40625 0.218749 0.4375 0.187499 0.4375 0.2187488 0.8437497 0.1874989 0.8437497 0.1874989 0.8124997 0.2187489 0.40625 0.1874989 0.40625 0.187499 0.375 0.2187489 0.7812498 0.2187489 0.8124997 0.1874989 0.8124997 0.2187489 0.3437501 0.218749 0.375 0.187499 0.375 0.2187489 0.7499998 0.2187489 0.7812498 0.1874989 0.7812498 0.2187489 0.3125001 0.2187489 0.3437501 0.187499 0.3437501 0.2187489 0.7499998 0.1874989 0.7499998 0.187499 0.7187498 0.2187489 0.3125001 0.1874989 0.3125001 0.1874989 0.2812501 0.2187489 0.6874999 0.2187489 0.7187498 0.187499 0.7187498 0.2187489 0.2812501 0.1874989 0.2812501 0.1874989 0.2500002 0.2187489 0.6562499 0.2187489 0.6874999 0.187499 0.6874999 0.2187489 0.2500002 0.1874989 0.2500002 0.1874989 0.2187501 0.2187489 0.6562499 0.1874989 0.6562499 0.187499 0.625 0.2187489 0.2187501 0.1874989 0.2187501 0.1874989 0.1875001 0.2187489 0.5937499 0.218749 0.625 0.187499 0.625 0.2187488 0.1562502 0.2187489 0.1875001 0.1874989 0.1875001 0.2187489 0.5937499 0.1874989 0.5937499 0.187499 0.5624999 0.2187488 0.1562502 0.1874988 0.1562502 0.1874988 0.1250001 0.1874989 0.8437497 0.1874988 0.8749995 0.1562489 0.8749995 0.1874989 0.40625 0.187499 0.4375 0.1562491 0.4375 0.1874989 0.8124997 0.1874989 0.8437497 0.1562489 0.8437495 0.1874989 0.40625 0.1562489 0.40625 0.1562491 0.375 0.1874989 0.7812498 0.1874989 0.8124997 0.1562489 0.8124996 0.187499 0.3437501 0.187499 0.375 0.1562491 0.375 0.1874989 0.7812498 0.1562489 0.7812498 0.1562489 0.7499998 0.1874989 0.3125001 0.187499 0.3437501 0.156249 0.3437501 0.1874989 0.7499998 0.1562489 0.7499998 0.156249 0.7187498 0.1874989 0.3125001 0.1562489 0.3125001 0.1562489 0.2812501 0.187499 0.7187498 0.156249 0.7187498 0.156249 0.6874999 0.1874989 0.2500002 0.1874989 0.2812501 0.1562489 0.2812501 0.1874989 0.6562499 0.187499 0.6874999 0.156249 0.6874999 0.1874989 0.2500002 0.156249 0.2500002 0.156249 0.2187501 0.1874989 0.6562499 0.156249 0.6562499 0.156249 0.6249999 0.1874989 0.2187501 0.156249 0.2187501 0.1562489 0.1875002 0.1874989 0.5937499 0.187499 0.625 0.156249 0.6249999 0.1874988 0.1562502 0.1874989 0.1875001 0.1562489 0.1875002 0.1874989 0.5937499 0.156249 0.5937499 0.1562491 0.5624999 0.1874988 0.1562502 0.1562489 0.1562502 0.1562489 0.1250002 0.187499 0.53125 0.187499 0.5624999 0.1562491 0.5624999 0.1874976 0.9687496 0.1562478 0.9687496 0.1562485 0.9374996 0.1874986 0.09375017 0.1874988 0.1250001 0.1562489 0.1250002 0.187499 0.5 0.187499 0.53125 0.156249 0.53125 0.1874984 0.9374996 0.1562485 0.9374996 0.1562488 0.9062495 0.1874984 0.06250017 0.1874986 0.09375017 0.1562488 0.09375035 0.187499 0.5 0.156249 0.5 0.156249 0.46875 0.1874988 0.8749995 0.1874987 0.9062495 0.1562488 0.9062495 0.1874977 0.03125023 0.1874984 0.06250017 0.1562485 0.06250017 0.187499 0.46875 0.156249 0.46875 0.1562491 0.4375 0.1562489 0.8124996 0.124999 0.8124996 0.124999 0.7812498 0.156249 0.3437501 0.1562491 0.375 0.1249991 0.375 0.1562489 0.7812498 0.124999 0.7812498 0.124999 0.7499998 0.1562489 0.3125001 0.156249 0.3437501 0.1249991 0.3437501 0.1562489 0.7499998 0.124999 0.7499998 0.124999 0.7187498 0.1562489 0.3125001 0.124999 0.3125001 0.124999 0.2812501 0.156249 0.6874999 0.156249 0.7187498 0.124999 0.7187498 0.1562489 0.2812501 0.124999 0.2812501 0.124999 0.2500002 0.156249 0.6562499 0.156249 0.6874999 0.124999 0.6874999 0.156249 0.2187501 0.156249 0.2500002 0.124999 0.2500002 0.156249 0.6562499 0.124999 0.6562499 0.1249991 0.6249999 0.1562489 0.1875002 0.156249 0.2187501 0.124999 0.2187501 0.156249 0.5937499 0.156249 0.6249999 0.1249991 0.6249999 0.1562489 0.1875002 0.124999 0.1875002 0.1249989 0.1562502 0.156249 0.5937499 0.124999 0.5937499 0.1249991 0.5624999 0.1562489 0.1562502 0.1249989 0.1562502 0.1249989 0.1250002 0.156249 0.53125 0.1562491 0.5624999 0.1249991 0.5624999 0.1562478 0.9687496 0.124998 0.9687496 0.1249986 0.9374996 0.1562488 0.09375035 0.1562489 0.1250002 0.1249989 0.1250002 0.156249 0.5 0.156249 0.53125 0.1249991 0.53125 0.1562485 0.9374996 0.1249986 0.9374996 0.1249989 0.9062495 0.1562485 0.06250017 0.1562488 0.09375035 0.1249988 0.09375035 0.156249 0.5 0.1249991 0.5 0.1249991 0.46875 0.1562489 0.8749995 0.1562488 0.9062495 0.1249989 0.9062495 0.1562479 0.03125023 0.1562485 0.06250017 0.1249986 0.06250017 0.156249 0.46875 0.1249991 0.46875 0.1249991 0.4375 0.1562489 0.8749995 0.1249989 0.8749995 0.1249989 0.8437495 0.1562489 0.40625 0.1562491 0.4375 0.1249991 0.4375 0.1562489 0.8437495 0.1249989 0.8437495 0.124999 0.8124996 0.1562489 0.40625 0.124999 0.40625 0.1249991 0.375 0.124999 0.7499998 0.09374904 0.7499998 0.09374904 0.7187498 0.124999 0.3125001 0.09374904 0.3125001 0.09374904 0.2812501 0.124999 0.7187498 0.09374904 0.7187498 0.09374904 0.6874999 0.124999 0.2812501 0.09374904 0.2812501 0.09374904 0.2500002 0.124999 0.6562499 0.124999 0.6874999 0.09374904 0.6874999 0.124999 0.2187501 0.124999 0.2500002 0.09374904 0.2500002 0.124999 0.6562499 0.09374904 0.6562499 0.09374916 0.6249999 0.124999 0.1875002 0.124999 0.2187501 0.09374904 0.2187501 0.124999 0.5937499 0.1249991 0.6249999 0.09374916 0.6249999 0.124999 0.1875002 0.09374904 0.1875002 0.09374904 0.1562502 0.124999 0.5937499 0.09374904 0.5937499 0.09374916 0.5624999 0.1249989 0.1562502 0.09374904 0.1562502 0.09374904 0.1250002 0.1249991 0.53125 0.1249991 0.5624999 0.09374916 0.5624999 0.124998 0.9687496 0.09374833 0.9687496 0.0937488 0.9374996 0.1249989 0.1250002 0.09374904 0.1250002 0.09374892 0.09375035 0.1249991 0.5 0.1249991 0.53125 0.09374916 0.53125 0.1249986 0.9374996 0.0937488 0.9374996 0.09374904 0.9062495 0.1249988 0.09375035 0.09374892 0.09375035 0.0937488 0.06250017 0.1249991 0.5 0.09374916 0.5 0.09374916 0.46875 0.1249989 0.8749995 0.1249989 0.9062495 0.09374904 0.9062495 0.1249986 0.06250017 0.0937488 0.06250017 0.09374839 0.03125023 0.1249991 0.46875 0.09374916 0.46875 0.09374916 0.4375 0.1249989 0.8749995 0.09374898 0.8749995 0.09374904 0.8437495 0.124999 0.40625 0.1249991 0.4375 0.09374916 0.4375 0.1249989 0.8437495 0.09374904 0.8437495 0.09374904 0.8124996 0.124999 0.40625 0.09374904 0.40625 0.09374916 0.375 0.124999 0.7812498 0.124999 0.8124996 0.09374904 0.8124996 0.1249991 0.3437501 0.1249991 0.375 0.09374916 0.375 0.124999 0.7812498 0.09374904 0.7812497 0.09374904 0.7499998 0.124999 0.3125001 0.1249991 0.3437501 0.09374916 0.3437501 0.09374904 0.6562499 0.09374904 0.6874999 0.0624991 0.6874999 0.09374904 0.2500002 0.0624991 0.2500002 0.06249916 0.2187501 0.09374904 0.6562499 0.0624991 0.6562499 0.06249916 0.6249999 0.09374904 0.1875002 0.09374904 0.2187501 0.06249916 0.2187501 0.09374904 0.5937499 0.09374916 0.6249999 0.06249916 0.6249999 0.09374904 0.1562502 0.09374904 0.1875002 0.0624991 0.1875002 0.09374904 0.5937499 0.0624991 0.5937499 0.06249916 0.5624999 0.09374904 0.1562502 0.06249904 0.1562502 0.0624991 0.1250002 0.09374916 0.53125 0.09374916 0.5624999 0.06249916 0.5624999 0.09374833 0.9687496 0.06249856 0.9687496 0.06249892 0.9374996 0.09374904 0.1250002 0.0624991 0.1250002 0.06249904 0.09375035 0.09374916 0.5 0.09374916 0.53125 0.06249916 0.53125 0.0937488 0.9374996 0.06249892 0.9374996 0.06249904 0.9062495 0.0937488 0.06250017 0.09374892 0.09375035 0.06249904 0.09375035 0.09374916 0.5 0.06249916 0.5 0.06249916 0.46875 0.09374898 0.8749995 0.09374904 0.9062495 0.06249904 0.9062495 0.09374839 0.03125023 0.0937488 0.06250017 0.06249892 0.06250017 0.09374916 0.46875 0.06249916 0.46875 0.06249916 0.4375 0.09374904 0.8437495 0.09374898 0.8749995 0.06249904 0.8749995 0.09374904 0.40625 0.09374916 0.4375 0.06249916 0.4375 0.09374904 0.8124996 0.09374904 0.8437495 0.0624991 0.8437495 0.09374904 0.40625 0.0624991 0.40625 0.06249916 0.375 0.09374904 0.7812497 0.09374904 0.8124996 0.0624991 0.8124996 0.09374916 0.3437501 0.09374916 0.375 0.06249916 0.375 0.09374904 0.7499998 0.09374904 0.7812497 0.0624991 0.7812497 0.09374904 0.3125001 0.09374916 0.3437501 0.06249916 0.3437501 0.09374904 0.7499998 0.0624991 0.7499998 0.0624991 0.7187498 0.09374904 0.3125001 0.0624991 0.3125001 0.0624991 0.2812501 0.09374904 0.6874999 0.09374904 0.7187498 0.0624991 0.7187498 0.09374904 0.2812501 0.0624991 0.2812501 0.0624991 0.2500002 0.0624991 0.5937499 0.06249916 0.6249999 0.03124916 0.6249999 0.06249904 0.1562502 0.0624991 0.1875002 0.03124916 0.1875002 0.0624991 0.5937499 0.03124916 0.5937499 0.03124922 0.5624999 0.0624991 0.1250002 0.06249904 0.1562502 0.03124916 0.1562502 0.06249916 0.53125 0.06249916 0.5624999 0.03124922 0.5624999 0.06249856 0.9687496 0.0312488 0.9687496 0.03124904 0.9374996 0.06249904 0.09375035 0.0624991 0.1250002 0.03124916 0.1250002 0.06249916 0.5 0.06249916 0.53125 0.03124916 0.53125 0.06249892 0.9374996 0.03124904 0.9374996 0.03124916 0.9062495 0.06249904 0.09375035 0.0312491 0.09375035 0.03124904 0.06250017 0.06249916 0.5 0.03124916 0.5 0.03124916 0.46875 0.06249904 0.9062495 0.03124916 0.9062495 0.03124916 0.8749995 0.06249892 0.06250017 0.03124904 0.06250017 0.03124886 0.03125023 0.06249916 0.46875 0.03124916 0.46875 0.03124922 0.4375 0.06249904 0.8749995 0.03124916 0.8749995 0.03124916 0.8437495 0.0624991 0.40625 0.06249916 0.4375 0.03124922 0.4375 0.0624991 0.8124996 0.0624991 0.8437495 0.03124916 0.8437495 0.0624991 0.40625 0.03124916 0.40625 0.03124922 0.375 0.0624991 0.7812497 0.0624991 0.8124996 0.03124916 0.8124996 0.06249916 0.3437501 0.06249916 0.375 0.03124922 0.375 0.0624991 0.7812497 0.03124916 0.7812498 0.03124916 0.7499998 0.0624991 0.3125001 0.06249916 0.3437501 0.03124916 0.3437501 0.0624991 0.7187498 0.0624991 0.7499998 0.03124916 0.7499998 0.0624991 0.3125001 0.03124916 0.3125001 0.03124916 0.2812501 0.0624991 0.7187498 0.03124916 0.7187498 0.03124916 0.6874998 0.0624991 0.2812501 0.03124916 0.2812501 0.03124916 0.2500002 0.0624991 0.6562499 0.0624991 0.6874999 0.03124916 0.6874998 0.0624991 0.2500002 0.03124916 0.2500002 0.03124916 0.2187501 0.0624991 0.6562499 0.03124916 0.6562499 0.03124916 0.6249999 0.0624991 0.1875002 0.06249916 0.2187501 0.03124916 0.2187501 0.03124916 0.53125 0.03124922 0.5624999 -7.15256e-7 0.5624999 0.0312488 0.9687496 -9.53674e-7 0.9687496 -8.34465e-7 0.9374996 0.03124916 0.1250002 -7.15256e-7 0.1250002 -8.34465e-7 0.09375035 0.03124916 0.5 0.03124916 0.53125 -8.34465e-7 0.53125 0.03124904 0.9374996 -8.34465e-7 0.9374996 -7.15256e-7 0.9062495 0.03124904 0.06250017 0.0312491 0.09375035 -8.34465e-7 0.09375035 0.03124916 0.5 -8.34465e-7 0.5 -8.34465e-7 0.46875 0.03124916 0.8749995 0.03124916 0.9062495 -7.15256e-7 0.9062495 0.03124886 0.03125023 0.03124904 0.06250017 -8.34465e-7 0.06250017 0.03124916 0.46875 -8.34465e-7 0.46875 -7.15256e-7 0.4375 0.03124916 0.8749995 -8.34465e-7 0.8749995 -8.34465e-7 0.8437495 0.03124916 0.40625 0.03124922 0.4375 -7.15256e-7 0.4375 0.03124916 0.8437495 -8.34465e-7 0.8437495 -8.34465e-7 0.8124996 0.03124916 0.40625 -8.34465e-7 0.40625 -7.15256e-7 0.375 0.03124916 0.7812498 0.03124916 0.8124996 -8.34465e-7 0.8124996 0.03124916 0.3437501 0.03124922 0.375 -7.15256e-7 0.375 0.03124916 0.7499998 0.03124916 0.7812498 -8.34465e-7 0.7812497 0.03124916 0.3125001 0.03124916 0.3437501 -8.34465e-7 0.3437501 0.03124916 0.7187498 0.03124916 0.7499998 -8.34465e-7 0.7499998 0.03124916 0.2812501 0.03124916 0.3125001 -8.34465e-7 0.3125001 0.03124916 0.7187498 -8.34465e-7 0.7187498 -8.34465e-7 0.6874999 0.03124916 0.2812501 -8.34465e-7 0.2812501 -8.34465e-7 0.2500002 0.03124916 0.6562499 0.03124916 0.6874998 -8.34465e-7 0.6874999 0.03124916 0.2187501 0.03124916 0.2500002 -8.34465e-7 0.2500002 0.03124916 0.6562499 -8.34465e-7 0.6562499 -8.34465e-7 0.6249999 0.03124916 0.1875002 0.03124916 0.2187501 -7.15256e-7 0.2187501 0.03124916 0.5937499 0.03124916 0.6249999 -8.34465e-7 0.6249999 0.03124916 0.1875002 -8.34465e-7 0.1875002 -8.34465e-7 0.1562502 0.03124916 0.5937499 -8.34465e-7 0.5937499 -7.15256e-7 0.5624999 0.03124916 0.1562502 -8.34465e-7 0.1562502 -7.15256e-7 0.1250002 -8.34465e-7 0.5 -0.03125077 0.5 -0.03125077 0.46875 -8.34465e-7 0.8749995 -7.15256e-7 0.9062495 -0.03125065 0.9062495 -8.34465e-7 0.06250017 -0.03125071 0.06250017 -0.03125059 0.03125023 -8.34465e-7 0.46875 -0.03125077 0.46875 -0.03125071 0.4375 -8.34465e-7 0.8749995 -0.03125071 0.8749995 -0.03125071 0.8437495 -8.34465e-7 0.40625 -7.15256e-7 0.4375 -0.03125071 0.4375 -8.34465e-7 0.8437495 -0.03125071 0.8437495 -0.03125071 0.8124996 -8.34465e-7 0.40625 -0.03125083 0.40625 -0.03125071 0.375 -8.34465e-7 0.7812497 -8.34465e-7 0.8124996 -0.03125071 0.8124996 -8.34465e-7 0.3437501 -7.15256e-7 0.375 -0.03125071 0.375 -8.34465e-7 0.7812497 -0.03125077 0.7812498 -0.03125077 0.7499998 -8.34465e-7 0.3125001 -8.34465e-7 0.3437501 -0.03125077 0.3437501 -8.34465e-7 0.7499998 -0.03125077 0.7499998 -0.03125077 0.7187498 -8.34465e-7 0.2812501 -8.34465e-7 0.3125001 -0.03125083 0.3125001 -8.34465e-7 0.7187498 -0.03125077 0.7187498 -0.03125077 0.6874999 -8.34465e-7 0.2812501 -0.03125083 0.2812501 -0.03125077 0.2500002 -8.34465e-7 0.6562499 -8.34465e-7 0.6874999 -0.03125077 0.6874999 -8.34465e-7 0.2500002 -0.03125077 0.2500002 -0.03125071 0.2187501 -8.34465e-7 0.6562499 -0.03125083 0.6562499 -0.03125077 0.6249999 -8.34465e-7 0.1875002 -7.15256e-7 0.2187501 -0.03125071 0.2187501 -8.34465e-7 0.5937499 -8.34465e-7 0.6249999 -0.03125077 0.6249999 -8.34465e-7 0.1562502 -8.34465e-7 0.1875002 -0.03125077 0.1875002 -8.34465e-7 0.5937499 -0.03125083 0.5937499 -0.03125071 0.5624999 -7.15256e-7 0.1250002 -8.34465e-7 0.1562502 -0.03125077 0.1562502 -8.34465e-7 0.53125 -7.15256e-7 0.5624999 -0.03125071 0.5624999 -9.53674e-7 0.9687496 -0.03125071 0.9687496 -0.03125071 0.9374996 -8.34465e-7 0.09375035 -7.15256e-7 0.1250002 -0.03125071 0.1250002 -8.34465e-7 0.5 -8.34465e-7 0.53125 -0.03125077 0.53125 -8.34465e-7 0.9374996 -0.03125071 0.9374996 -0.03125065 0.9062495 -8.34465e-7 0.06250017 -8.34465e-7 0.09375035 -0.03125071 0.09375035 -0.03125083 0.40625 -0.03125071 0.4375 -0.06250071 0.4375 -0.03125071 0.8437495 -0.06250071 0.8437495 -0.06250071 0.8124996 -0.03125083 0.40625 -0.06250077 0.40625 -0.06250071 0.375 -0.03125071 0.8124996 -0.06250071 0.8124996 -0.06250071 0.7812498 -0.03125077 0.3437501 -0.03125071 0.375 -0.06250071 0.375 -0.03125077 0.7499998 -0.03125077 0.7812498 -0.06250071 0.7812498 -0.03125083 0.3125001 -0.03125077 0.3437501 -0.06250071 0.3437501 -0.03125077 0.7499998 -0.06250071 0.7499998 -0.06250071 0.7187498 -0.03125083 0.3125001 -0.06250077 0.3125001 -0.06250077 0.2812501 -0.03125077 0.7187498 -0.06250071 0.7187498 -0.06250071 0.6874999 -0.03125083 0.2812501 -0.06250077 0.2812501 -0.06250071 0.2500002 -0.03125083 0.6562499 -0.03125077 0.6874999 -0.06250071 0.6874999 -0.03125077 0.2500002 -0.06250071 0.2500002 -0.06250071 0.2187501 -0.03125083 0.6562499 -0.06250077 0.6562499 -0.06250071 0.6249999 -0.03125071 0.2187501 -0.06250071 0.2187501 -0.06250071 0.1875002 -0.03125083 0.5937499 -0.03125077 0.6249999 -0.06250071 0.6249999 -0.03125077 0.1875002 -0.06250071 0.1875002 -0.06250071 0.1562502 -0.03125083 0.5937499 -0.06250077 0.5937499 -0.06250071 0.5624999 -0.03125077 0.1562502 -0.06250071 0.1562502 -0.06250065 0.1250002 -0.03125077 0.53125 -0.03125071 0.5624999 -0.06250071 0.5624999 -0.03125071 0.9687496 -0.06250041 0.9687496 -0.06250059 0.9374996 -0.03125071 0.1250002 -0.06250065 0.1250002 -0.06250065 0.09375035 -0.03125077 0.5 -0.03125077 0.53125 -0.06250071 0.53125 -0.03125071 0.9374996 -0.06250059 0.9374996 -0.06250053 0.9062495 -0.03125071 0.06250017 -0.03125071 0.09375035 -0.06250065 0.09375035 -0.03125077 0.5 -0.06250077 0.5 -0.06250071 0.46875 -0.03125071 0.8749995 -0.03125065 0.9062495 -0.06250053 0.9062495 -0.03125059 0.03125023 -0.03125071 0.06250017 -0.06250053 0.06250017 -0.03125077 0.46875 -0.06250071 0.46875 -0.06250071 0.4375 -0.03125071 0.8437495 -0.03125071 0.8749995 -0.06250065 0.8749995 -0.06250071 0.3437501 -0.06250071 0.375 -0.09375065 0.375 -0.06250071 0.7499998 -0.06250071 0.7812498 -0.09375065 0.7812498 -0.06250077 0.3125001 -0.06250071 0.3437501 -0.09375071 0.3437501 -0.06250071 0.7499998 -0.09375071 0.7499998 -0.09375071 0.7187498 -0.06250077 0.2812501 -0.06250077 0.3125001 -0.09375077 0.3125001 -0.06250071 0.7187498 -0.09375071 0.7187498 -0.09375071 0.6874999 -0.06250077 0.2812501 -0.09375077 0.2812501 -0.09375065 0.2500002 -0.06250077 0.6562499 -0.06250071 0.6874999 -0.09375071 0.6874999 -0.06250071 0.2187501 -0.06250071 0.2500002 -0.09375065 0.2500002 -0.06250077 0.6562499 -0.09375077 0.6562499 -0.09375071 0.6249999 -0.06250071 0.1875002 -0.06250071 0.2187501 -0.09375065 0.2187501 -0.06250077 0.5937499 -0.06250071 0.6249999 -0.09375071 0.6249999 -0.06250071 0.1562502 -0.06250071 0.1875002 -0.09375065 0.1875002 -0.06250077 0.5937499 -0.09375077 0.5937499 -0.09375065 0.5624999 -0.06250071 0.1562502 -0.09375065 0.1562502 -0.09375059 0.1250002 -0.06250071 0.53125 -0.06250071 0.5624999 -0.09375065 0.5624999 -0.06250041 0.9687496 -0.09375017 0.9687496 -0.09375047 0.9374996 -0.06250065 0.09375035 -0.06250065 0.1250002 -0.09375059 0.1250002 -0.06250077 0.5 -0.06250071 0.53125 -0.09375071 0.53125 -0.06250059 0.9374996 -0.09375047 0.9374996 -0.09375047 0.9062495 -0.06250065 0.09375035 -0.09375053 0.09375035 -0.09375041 0.06250017 -0.06250077 0.5 -0.09375071 0.5 -0.09375071 0.46875 -0.06250053 0.9062495 -0.09375047 0.9062495 -0.09375059 0.8749995 -0.06250053 0.06250017 -0.09375041 0.06250017 -0.09375011 0.03125023 -0.06250071 0.46875 -0.09375071 0.46875 -0.09375065 0.4375 -0.06250065 0.8749995 -0.09375059 0.8749995 -0.09375065 0.8437495 -0.06250077 0.40625 -0.06250071 0.4375 -0.09375065 0.4375 -0.06250071 0.8437495 -0.09375065 0.8437495 -0.09375065 0.8124997 -0.06250077 0.40625 -0.09375077 0.40625 -0.09375065 0.375 -0.06250071 0.7812498 -0.06250071 0.8124996 -0.09375065 0.8124997 -0.09375077 0.2812501 -0.09375077 0.3125001 -0.1250007 0.3125001 -0.09375071 0.6874999 -0.09375071 0.7187498 -0.1250007 0.7187498 -0.09375077 0.2812501 -0.1250007 0.2812501 -0.1250006 0.2500002 -0.09375077 0.6562499 -0.09375071 0.6874999 -0.1250007 0.6874999 -0.09375065 0.2500002 -0.1250006 0.2500002 -0.1250005 0.2187501 -0.09375077 0.6562499 -0.1250007 0.6562499 -0.1250007 0.6249999 -0.09375065 0.2187501 -0.1250005 0.2187501 -0.1250005 0.1875002 -0.09375077 0.5937499 -0.09375071 0.6249999 -0.1250007 0.6249999 -0.09375065 0.1875002 -0.1250005 0.1875002 -0.1250005 0.1562502 -0.09375077 0.5937499 -0.1250007 0.5937499 -0.1250005 0.5624999 -0.09375059 0.1250002 -0.09375065 0.1562502 -0.1250005 0.1562502 -0.09375071 0.53125 -0.09375065 0.5624999 -0.1250005 0.5624999 -0.09375017 0.9687496 -0.1249999 0.9687496 -0.1250002 0.9374996 -0.09375053 0.09375035 -0.09375059 0.1250002 -0.1250004 0.1250002 -0.09375071 0.5 -0.09375071 0.53125 -0.1250007 0.53125 -0.09375047 0.9374996 -0.1250002 0.9374996 -0.1250004 0.9062495 -0.09375053 0.09375035 -0.1250004 0.09375035 -0.1250002 0.06250017 -0.09375071 0.5 -0.1250007 0.5 -0.1250007 0.46875 -0.09375059 0.8749995 -0.09375047 0.9062495 -0.1250004 0.9062495 -0.09375041 0.06250017 -0.1250002 0.06250017 -0.1249998 0.03125023 -0.09375071 0.46875 -0.1250007 0.46875 -0.1250005 0.4375 -0.09375065 0.8437495 -0.09375059 0.8749995 -0.1250005 0.8749995 -0.09375077 0.40625 -0.09375065 0.4375 -0.1250005 0.4375 -0.09375065 0.8437495 -0.1250005 0.8437497 -0.1250005 0.8124997 -0.09375077 0.40625 -0.1250007 0.40625 -0.1250006 0.375 -0.09375065 0.8124997 -0.1250005 0.8124997 -0.1250006 0.7812498 -0.09375071 0.3437501 -0.09375065 0.375 -0.1250006 0.375 -0.09375071 0.7499998 -0.09375065 0.7812498 -0.1250006 0.7812498 -0.09375077 0.3125001 -0.09375071 0.3437501 -0.1250007 0.3437501 -0.09375071 0.7187498 -0.09375071 0.7499998 -0.1250006 0.7499998 -0.1250005 0.2187501 -0.1250006 0.2500002 -0.1562506 0.2500002 -0.1250007 0.6562499 -0.1562507 0.6562499 -0.1562506 0.625 -0.1250005 0.1875002 -0.1250005 0.2187501 -0.1562505 0.21875 -0.1250007 0.5937499 -0.1250007 0.6249999 -0.1562506 0.625 -0.1250005 0.1562502 -0.1250005 0.1875002 -0.1562505 0.1875002 -0.1250007 0.5937499 -0.1562507 0.5937499 -0.1562506 0.5624999 -0.1250004 0.1250002 -0.1250005 0.1562502 -0.1562505 0.1562502 -0.1250007 0.53125 -0.1250005 0.5624999 -0.1562506 0.5624999 -0.1249999 0.9687496 -0.1562497 0.9687496 -0.1562502 0.9374996 -0.1250004 0.09375035 -0.1250004 0.1250002 -0.1562504 0.1250001 -0.1250007 0.5 -0.1250007 0.53125 -0.1562506 0.53125 -0.1250002 0.9374996 -0.1562502 0.9374996 -0.1562502 0.9062495 -0.1250002 0.06250017 -0.1250004 0.09375035 -0.1562504 0.09375017 -0.1250007 0.5 -0.1562507 0.5 -0.1562506 0.46875 -0.1250004 0.9062495 -0.1562502 0.9062495 -0.1562504 0.8749995 -0.1249998 0.03125023 -0.1250002 0.06250017 -0.1562501 0.06250017 -0.1250007 0.46875 -0.1562506 0.46875 -0.1562506 0.4375 -0.1250005 0.8749995 -0.1562504 0.8749995 -0.1562505 0.8437497 -0.1250007 0.40625 -0.1250005 0.4375 -0.1562506 0.4375 -0.1250005 0.8124997 -0.1250005 0.8437497 -0.1562505 0.8437497 -0.1250007 0.40625 -0.1562507 0.40625 -0.1562506 0.375 -0.1250006 0.7812498 -0.1250005 0.8124997 -0.1562505 0.8124997 -0.1250007 0.3437501 -0.1250006 0.375 -0.1562506 0.375 -0.1250006 0.7812498 -0.1562506 0.7812498 -0.1562506 0.7499998 -0.1250007 0.3125001 -0.1250007 0.3437501 -0.1562506 0.3437501 -0.1250006 0.7499998 -0.1562506 0.7499998 -0.1562506 0.7187498 -0.1250007 0.2812501 -0.1250007 0.3125001 -0.1562507 0.3125001 -0.1250007 0.7187498 -0.1562506 0.7187498 -0.1562507 0.6874999 -0.1250007 0.2812501 -0.1562507 0.2812501 -0.1562506 0.2500002 -0.1250007 0.6874999 -0.1562507 0.6874999 -0.1562507 0.6562499 -0.1562505 0.1562502 -0.1562505 0.1875002 -0.1875005 0.1875001 -0.1562507 0.5937499 -0.1875007 0.5937499 -0.1875005 0.5624999 -0.1562505 0.1562502 -0.1875004 0.1562502 -0.1875004 0.1250001 -0.1562506 0.53125 -0.1562506 0.5624999 -0.1875005 0.5624999 -0.1562497 0.9687496 -0.1874995 0.9687496 -0.1875001 0.9374996 -0.1562504 0.09375017 -0.1562504 0.1250001 -0.1875004 0.1250001 -0.1562506 0.53125 -0.1875006 0.53125 -0.1875006 0.5 -0.1562502 0.9374996 -0.1875001 0.9374996 -0.1875002 0.9062495 -0.1562504 0.09375017 -0.1875003 0.09375017 -0.1875 0.06250017 -0.1562506 0.46875 -0.1562507 0.5 -0.1875006 0.5 -0.1562502 0.9062495 -0.1875002 0.9062495 -0.1875004 0.8749997 -0.1562501 0.06250017 -0.1875 0.06250017 -0.1874994 0.03125023 -0.1562506 0.46875 -0.1875006 0.46875 -0.1875005 0.4375 -0.1562504 0.8749995 -0.1875004 0.8749997 -0.1875004 0.8437497 -0.1562507 0.40625 -0.1562506 0.4375 -0.1875005 0.4375 -0.1562505 0.8437497 -0.1875004 0.8437497 -0.1875005 0.8124997 -0.1562507 0.40625 -0.1875007 0.40625 -0.1875006 0.375 -0.1562505 0.8124997 -0.1875005 0.8124997 -0.1875005 0.7812498 -0.1562506 0.3437501 -0.1562506 0.375 -0.1875006 0.375 -0.1562506 0.7812498 -0.1875005 0.7812498 -0.1875006 0.7499998 -0.1562507 0.3125001 -0.1562506 0.3437501 -0.1875006 0.3437501 -0.1562506 0.7499998 -0.1875006 0.7499998 -0.1875006 0.7187498 -0.1562507 0.2812501 -0.1562507 0.3125001 -0.1875006 0.3125001 -0.1562507 0.6874999 -0.1562506 0.7187498 -0.1875006 0.7187498 -0.1562507 0.2812501 -0.1875006 0.2812501 -0.1875005 0.2500002 -0.1562507 0.6874999 -0.1875006 0.6874999 -0.1875006 0.6562499 -0.1562505 0.21875 -0.1562506 0.2500002 -0.1875005 0.2500002 -0.1562507 0.6562499 -0.1875006 0.6562499 -0.1875006 0.625 -0.1562505 0.1875002 -0.1562505 0.21875 -0.1875005 0.21875 -0.1562507 0.5937499 -0.1562506 0.625 -0.1875006 0.625 -0.1874995 0.9687496 -0.2187492 0.9687496 -0.2187499 0.9374996 -0.1875003 0.09375017 -0.1875004 0.1250001 -0.2187503 0.1250001 -0.1875006 0.5 -0.1875006 0.53125 -0.2187506 0.53125 -0.1875001 0.9374996 -0.2187499 0.9374996 -0.2187501 0.9062495 -0.1875 0.06250017 -0.1875003 0.09375017 -0.2187502 0.09375017 -0.1875006 0.5 -0.2187506 0.5 -0.2187506 0.46875 -0.1875004 0.8749997 -0.1875002 0.9062495 -0.2187501 0.9062495 -0.1874994 0.03125023 -0.1875 0.06250017 -0.2187499 0.06250017 -0.1875006 0.46875 -0.2187506 0.46875 -0.2187505 0.4375 -0.1875004 0.8437497 -0.1875004 0.8749997 -0.2187503 0.8749997 -0.1875007 0.40625 -0.1875005 0.4375 -0.2187505 0.4375 -0.1875005 0.8124997 -0.1875004 0.8437497 -0.2187504 0.8437497 -0.1875007 0.40625 -0.2187507 0.40625 -0.2187505 0.375 -0.1875005 0.7812498 -0.1875005 0.8124997 -0.2187504 0.8124997 -0.1875006 0.3437501 -0.1875006 0.375 -0.2187505 0.375 -0.1875006 0.7499998 -0.1875005 0.7812498 -0.2187505 0.7812498 -0.1875006 0.3125001 -0.1875006 0.3437501 -0.2187505 0.3437501 -0.1875006 0.7499998 -0.2187505 0.7499998 -0.2187505 0.7187499 -0.1875006 0.2812501 -0.1875006 0.3125001 -0.2187506 0.3125001 -0.1875006 0.6874999 -0.1875006 0.7187498 -0.2187505 0.7187499 -0.1875006 0.2812501 -0.2187505 0.2812501 -0.2187505 0.2500001 -0.1875006 0.6874999 -0.2187506 0.6874999 -0.2187506 0.6562499 -0.1875005 0.21875 -0.1875005 0.2500002 -0.2187505 0.2500001 -0.1875006 0.6562499 -0.2187506 0.6562499 -0.2187506 0.625 -0.1875005 0.21875 -0.2187504 0.21875 -0.2187504 0.1875001 -0.1875007 0.5937499 -0.1875006 0.625 -0.2187506 0.625 -0.1875004 0.1562502 -0.1875005 0.1875001 -0.2187504 0.1875001 -0.1875007 0.5937499 -0.2187506 0.5937499 -0.2187505 0.5624999 -0.1875004 0.1562502 -0.2187504 0.1562502 -0.2187503 0.1250001 -0.1875006 0.53125 -0.1875005 0.5624999 -0.2187505 0.5624999 -0.2187503 0.8749997 -0.2187501 0.9062495 -0.2500001 0.9062497 -0.2187492 0.03125023 -0.2187499 0.06250017 -0.2499998 0.06250017 -0.2187506 0.46875 -0.2500007 0.46875 -0.2500006 0.4375 -0.2187503 0.8749997 -0.2500004 0.8749997 -0.2500004 0.8437497 -0.2187507 0.40625 -0.2187505 0.4375 -0.2500006 0.4375 -0.2187504 0.8437497 -0.2500004 0.8437497 -0.2500005 0.8124997 -0.2187507 0.40625 -0.2500007 0.40625 -0.2500006 0.375 -0.2187504 0.8124997 -0.2500005 0.8124997 -0.2500005 0.7812498 -0.2187505 0.3437501 -0.2187505 0.375 -0.2500006 0.375 -0.2187505 0.7812498 -0.2500005 0.7812498 -0.2500005 0.7499998 -0.2187506 0.3125001 -0.2187505 0.3437501 -0.2500006 0.3437501 -0.2187505 0.7499998 -0.2500005 0.7499998 -0.2500006 0.7187499 -0.2187506 0.3125001 -0.2500006 0.3125 -0.2500006 0.2812501 -0.2187506 0.6874999 -0.2187505 0.7187499 -0.2500006 0.7187499 -0.2187505 0.2812501 -0.2500006 0.2812501 -0.2500005 0.2500001 -0.2187506 0.6874999 -0.2500006 0.6874999 -0.2500006 0.6562499 -0.2187505 0.2500001 -0.2500005 0.2500001 -0.2500005 0.21875 -0.2187506 0.6562499 -0.2500006 0.6562499 -0.2500006 0.625 -0.2187504 0.1875001 -0.2187504 0.21875 -0.2500005 0.21875 -0.2187506 0.5937499 -0.2187506 0.625 -0.2500006 0.625 -0.2187504 0.1562502 -0.2187504 0.1875001 -0.2500005 0.1875001 -0.2187506 0.5937499 -0.2500007 0.5937499 -0.2500006 0.5624999 -0.2187503 0.1250001 -0.2187504 0.1562502 -0.2500004 0.1562502 -0.2187506 0.53125 -0.2187505 0.5624999 -0.2500006 0.5624999 -0.2187492 0.9687496 -0.249999 0.9687496 -0.2499998 0.9374996 -0.2187502 0.09375017 -0.2187503 0.1250001 -0.2500004 0.1250001 -0.2187506 0.5 -0.2187506 0.53125 -0.2500007 0.53125 -0.2187499 0.9374996 -0.2499998 0.9374996 -0.2500001 0.9062497 -0.2187502 0.09375017 -0.2500002 0.09375017 -0.2499998 0.06250017 -0.2187506 0.5 -0.2500007 0.5 -0.2500007 0.46875 -0.2500005 0.8124997 -0.2500004 0.8437497 -0.2812504 0.8437497 -0.2500007 0.40625 -0.2812507 0.40625 -0.2812506 0.375 -0.2500005 0.8124997 -0.2812505 0.8124997 -0.2812505 0.7812498 -0.2500006 0.3437501 -0.2500006 0.375 -0.2812506 0.375 -0.2500005 0.7499998 -0.2500005 0.7812498 -0.2812505 0.7812498 -0.2500006 0.3125 -0.2500006 0.3437501 -0.2812506 0.3437501 -0.2500006 0.7187499 -0.2500005 0.7499998 -0.2812505 0.7499998 -0.2500006 0.3125 -0.2812506 0.3125 -0.2812506 0.2812501 -0.2500006 0.6874999 -0.2500006 0.7187499 -0.2812505 0.7187499 -0.2500006 0.2812501 -0.2812506 0.2812501 -0.2812505 0.2500001 -0.2500006 0.6874999 -0.2812506 0.6874999 -0.2812506 0.6562499 -0.2500005 0.21875 -0.2500005 0.2500001 -0.2812505 0.2500001 -0.2500006 0.6562499 -0.2812506 0.6562499 -0.2812506 0.625 -0.2500005 0.21875 -0.2812505 0.21875 -0.2812505 0.1875001 -0.2500007 0.5937499 -0.2500006 0.625 -0.2812506 0.625 -0.2500004 0.1562502 -0.2500005 0.1875001 -0.2812505 0.1875001 -0.2500007 0.5937499 -0.2812507 0.5937499 -0.2812505 0.5624999 -0.2500004 0.1562502 -0.2812504 0.1562501 -0.2812503 0.1250001 -0.2500007 0.53125 -0.2500006 0.5624999 -0.2812505 0.5624999 -0.249999 0.9687496 -0.2812489 0.9687496 -0.2812498 0.9374998 -0.2500002 0.09375017 -0.2500004 0.1250001 -0.2812503 0.1250001 -0.2500007 0.5 -0.2500007 0.53125 -0.2812506 0.53125 -0.2499998 0.9374996 -0.2812498 0.9374998 -0.2812501 0.9062497 -0.2500002 0.09375017 -0.2812501 0.09375017 -0.2812498 0.06250017 -0.2500007 0.5 -0.2812506 0.5 -0.2812506 0.46875 -0.2500001 0.9062497 -0.2812501 0.9062497 -0.2812503 0.8749997 -0.2499998 0.06250017 -0.2812498 0.06250017 -0.2812488 0.03125023 -0.2500007 0.46875 -0.2812506 0.46875 -0.2812505 0.4375 -0.2500004 0.8749997 -0.2812503 0.8749997 -0.2812504 0.8437497 -0.2500007 0.40625 -0.2500006 0.4375 -0.2812505 0.4375 -0.2812505 0.7499998 -0.2812505 0.7812498 -0.3125005 0.7812498 -0.2812506 0.3125 -0.2812506 0.3437501 -0.3125005 0.3437501 -0.2812505 0.7499998 -0.3125005 0.7499998 -0.3125005 0.7187499 -0.2812506 0.3125 -0.3125005 0.3125 -0.3125005 0.28125 -0.2812506 0.6874999 -0.2812505 0.7187499 -0.3125005 0.7187499 -0.2812506 0.2812501 -0.3125005 0.28125 -0.3125005 0.2500001 -0.2812506 0.6874999 -0.3125006 0.6875 -0.3125005 0.6562499 -0.2812505 0.2500001 -0.3125005 0.2500001 -0.3125005 0.21875 -0.2812506 0.625 -0.2812506 0.6562499 -0.3125005 0.6562499 -0.2812505 0.1875001 -0.2812505 0.21875 -0.3125005 0.21875 -0.2812507 0.5937499 -0.2812506 0.625 -0.3125006 0.625 -0.2812504 0.1562501 -0.2812505 0.1875001 -0.3125004 0.1875 -0.2812507 0.5937499 -0.3125006 0.5937499 -0.3125005 0.5624999 -0.2812503 0.1250001 -0.2812504 0.1562501 -0.3125004 0.1562501 -0.2812506 0.53125 -0.2812505 0.5624999 -0.3125005 0.5624999 -0.2812489 0.9687496 -0.3124987 0.9687496 -0.3124998 0.9374998 -0.2812501 0.09375017 -0.2812503 0.1250001 -0.3125002 0.1250001 -0.2812506 0.5 -0.2812506 0.53125 -0.3125006 0.53125 -0.2812498 0.9374998 -0.3124998 0.9374998 -0.3125001 0.9062497 -0.2812501 0.09375017 -0.3125001 0.09375017 -0.3124997 0.06250017 -0.2812506 0.5 -0.3125006 0.5 -0.3125006 0.46875 -0.2812501 0.9062497 -0.3125001 0.9062497 -0.3125002 0.8749997 -0.2812498 0.06250017 -0.3124997 0.06250017 -0.3124986 0.03125023 -0.2812506 0.46875 -0.3125006 0.46875 -0.3125005 0.4375 -0.2812504 0.8437497 -0.2812503 0.8749997 -0.3125002 0.8749997 -0.2812507 0.40625 -0.2812505 0.4375 -0.3125005 0.4375 -0.2812504 0.8437497 -0.3125004 0.8437497 -0.3125004 0.8124997 -0.2812507 0.40625 -0.3125006 0.40625 -0.3125005 0.375 -0.2812505 0.8124997 -0.3125004 0.8124997 -0.3125005 0.7812498 -0.2812506 0.3437501 -0.2812506 0.375 -0.3125005 0.375 -0.3125006 0.6875 -0.3125005 0.7187499 -0.3437505 0.7187499 -0.3125005 0.28125 -0.3437505 0.28125 -0.3437505 0.2500001 -0.3125006 0.6875 -0.3437505 0.6875 -0.3437505 0.6562499 -0.3125005 0.21875 -0.3125005 0.2500001 -0.3437505 0.2500001 -0.3125005 0.6562499 -0.3437505 0.6562499 -0.3437505 0.625 -0.3125005 0.21875 -0.3437504 0.21875 -0.3437504 0.1875 -0.3125006 0.5937499 -0.3125006 0.625 -0.3437505 0.625 -0.3125004 0.1562501 -0.3125004 0.1875 -0.3437504 0.1875 -0.3125006 0.5937499 -0.3437506 0.5937499 -0.3437505 0.5625 -0.3125004 0.1562501 -0.3437503 0.1562501 -0.3437502 0.1250001 -0.3125006 0.53125 -0.3125005 0.5624999 -0.3437505 0.5625 -0.3124987 0.9687496 -0.3437486 0.9687496 -0.3437497 0.9374998 -0.3125001 0.09375017 -0.3125002 0.1250001 -0.3437502 0.1250001 -0.3125006 0.5 -0.3125006 0.53125 -0.3437506 0.53125 -0.3124998 0.9374998 -0.3437497 0.9374998 -0.3437501 0.9062497 -0.3125001 0.09375017 -0.3437501 0.09375017 -0.3437497 0.06249994 -0.3125006 0.5 -0.3437506 0.5 -0.3437506 0.46875 -0.3125001 0.9062497 -0.3437501 0.9062497 -0.3437502 0.8749997 -0.3124997 0.06250017 -0.3437497 0.06249994 -0.3437485 0.03125023 -0.3125006 0.46875 -0.3437506 0.46875 -0.3437505 0.4375 -0.3125002 0.8749997 -0.3437502 0.8749997 -0.3437503 0.8437497 -0.3125006 0.40625 -0.3125005 0.4375 -0.3437505 0.4375 -0.3125004 0.8124997 -0.3125004 0.8437497 -0.3437503 0.8437497 -0.3125006 0.40625 -0.3437506 0.40625 -0.3437505 0.375 -0.3125005 0.7812498 -0.3125004 0.8124997 -0.3437504 0.8124998 -0.3125005 0.3437501 -0.3125005 0.375 -0.3437505 0.375 -0.3125005 0.7499998 -0.3125005 0.7812498 -0.3437505 0.7812498 -0.3125005 0.3437501 -0.3437505 0.34375 -0.3437505 0.3125 -0.3125005 0.7499998 -0.3437505 0.7499998 -0.3437505 0.7187499 -0.3125005 0.28125 -0.3125005 0.3125 -0.3437505 0.3125 -0.3437505 0.6562499 -0.3750005 0.6562499 -0.3750005 0.625 -0.3437504 0.21875 -0.3750004 0.21875 -0.3750004 0.1875 -0.3437506 0.5937499 -0.3437505 0.625 -0.3750005 0.625 -0.3437504 0.1875 -0.3750004 0.1875 -0.3750004 0.1562501 -0.3437506 0.5937499 -0.3750007 0.5937499 -0.3750005 0.5625 -0.3437503 0.1562501 -0.3750004 0.1562501 -0.3750002 0.1250001 -0.3437506 0.53125 -0.3437505 0.5625 -0.3750005 0.5625 -0.3437497 0.9374998 -0.3437486 0.9687496 -0.3749985 0.9687496 -0.3437501 0.09375017 -0.3437502 0.1250001 -0.3750002 0.1250001 -0.3437506 0.53125 -0.3750007 0.53125 -0.3750007 0.5 -0.3437501 0.9062497 -0.3437497 0.9374998 -0.3749997 0.9374998 -0.3437501 0.09375017 -0.375 0.09375017 -0.3749996 0.06249994 -0.3437506 0.46875 -0.3437506 0.5 -0.3750007 0.5 -0.3437501 0.9062497 -0.375 0.9062497 -0.3750002 0.8749997 -0.3437497 0.06249994 -0.3749996 0.06249994 -0.3749983 0.03124988 -0.3437506 0.46875 -0.3750007 0.46875 -0.3750005 0.4375 -0.3437502 0.8749997 -0.3750002 0.8749997 -0.3750002 0.8437498 -0.3437506 0.40625 -0.3437505 0.4375 -0.3750005 0.4375 -0.3437504 0.8124998 -0.3437503 0.8437497 -0.3750002 0.8437498 -0.3437506 0.40625 -0.3750007 0.40625 -0.3750005 0.375 -0.3437505 0.7812498 -0.3437504 0.8124998 -0.3750004 0.8124998 -0.3437505 0.34375 -0.3437505 0.375 -0.3750005 0.375 -0.3437505 0.7499998 -0.3437505 0.7812498 -0.3750005 0.7812499 -0.3437505 0.34375 -0.3750005 0.34375 -0.3750005 0.3125 -0.3437505 0.7187499 -0.3437505 0.7499998 -0.3750005 0.7499999 -0.3437505 0.3125 -0.3750005 0.3125 -0.3750005 0.28125 -0.3437505 0.6875 -0.3437505 0.7187499 -0.3750005 0.7187499 -0.3437505 0.28125 -0.3750005 0.28125 -0.3750005 0.25 -0.3437505 0.6875 -0.3750005 0.6875 -0.3750005 0.6562499 -0.3437504 0.21875 -0.3437505 0.2500001 -0.3750005 0.25 -0.3750007 0.5937499 -0.4062507 0.59375 -0.4062505 0.5625 -0.3750004 0.1562501 -0.4062502 0.15625 -0.4062501 0.1250001 -0.3750007 0.53125 -0.3750005 0.5625 -0.4062505 0.5625 -0.3749985 0.9687496 -0.4062484 0.9687496 -0.4062496 0.9374998 -0.375 0.09375017 -0.3750002 0.1250001 -0.4062501 0.1250001 -0.3750007 0.53125 -0.4062507 0.53125 -0.4062506 0.5 -0.3749997 0.9374998 -0.4062496 0.9374998 -0.40625 0.9062497 -0.3749996 0.06249994 -0.375 0.09375017 -0.40625 0.09375005 -0.3750007 0.46875 -0.3750007 0.5 -0.4062506 0.5 -0.3750002 0.8749997 -0.375 0.9062497 -0.40625 0.9062497 -0.3749983 0.03124988 -0.3749996 0.06249994 -0.4062496 0.06249994 -0.3750007 0.46875 -0.4062507 0.46875 -0.4062505 0.4375 -0.3750002 0.8437498 -0.3750002 0.8749997 -0.4062501 0.8749997 -0.3750007 0.40625 -0.3750005 0.4375 -0.4062505 0.4375 -0.3750002 0.8437498 -0.4062502 0.8437498 -0.4062504 0.8124998 -0.3750007 0.40625 -0.4062506 0.40625 -0.4062505 0.375 -0.3750005 0.7812499 -0.3750004 0.8124998 -0.4062504 0.8124998 -0.3750005 0.34375 -0.3750005 0.375 -0.4062505 0.375 -0.3750005 0.7499999 -0.3750005 0.7812499 -0.4062504 0.7812499 -0.3750005 0.3125 -0.3750005 0.34375 -0.4062506 0.34375 -0.3750005 0.7499999 -0.4062505 0.7499999 -0.4062505 0.7187499 -0.3750005 0.28125 -0.3750005 0.3125 -0.4062506 0.3125 -0.3750005 0.6875 -0.3750005 0.7187499 -0.4062505 0.7187499 -0.3750005 0.28125 -0.4062506 0.28125 -0.4062504 0.25 -0.3750005 0.6875 -0.4062506 0.6875 -0.4062506 0.65625 -0.3750004 0.21875 -0.3750005 0.25 -0.4062504 0.25 -0.3750005 0.625 -0.3750005 0.6562499 -0.4062506 0.65625 -0.3750004 0.21875 -0.4062504 0.21875 -0.4062504 0.1875 -0.3750007 0.5937499 -0.3750005 0.625 -0.4062506 0.625 -0.3750004 0.1562501 -0.3750004 0.1875 -0.4062504 0.1875 -0.4062507 0.53125 -0.4375006 0.53125 -0.4375006 0.5 -0.4062496 0.9374998 -0.4374996 0.9374998 -0.4375 0.9062498 -0.40625 0.09375005 -0.4375 0.09375005 -0.4374995 0.06249994 -0.4062507 0.46875 -0.4062506 0.5 -0.4375006 0.5 -0.40625 0.9062497 -0.4375 0.9062498 -0.4375001 0.8749998 -0.4062496 0.06249994 -0.4374995 0.06249994 -0.4374982 0.03124988 -0.4062507 0.46875 -0.4375006 0.46875 -0.4375005 0.4375 -0.4062502 0.8437498 -0.4062501 0.8749997 -0.4375001 0.8749998 -0.4062506 0.40625 -0.4062505 0.4375 -0.4375005 0.4375 -0.4062504 0.8124998 -0.4062502 0.8437498 -0.4375003 0.8437498 -0.4062506 0.40625 -0.4375006 0.40625 -0.4375005 0.375 -0.4062504 0.7812499 -0.4062504 0.8124998 -0.4375004 0.8124998 -0.4062506 0.34375 -0.4062505 0.375 -0.4375005 0.375 -0.4062505 0.7499999 -0.4062504 0.7812499 -0.4375004 0.78125 -0.4062506 0.3125 -0.4062506 0.34375 -0.4375005 0.34375 -0.4062505 0.7187499 -0.4062505 0.7499999 -0.4375005 0.7499999 -0.4062506 0.28125 -0.4062506 0.3125 -0.4375006 0.3125 -0.4062505 0.7187499 -0.4375005 0.71875 -0.4375005 0.6875 -0.4062506 0.28125 -0.4375005 0.28125 -0.4375004 0.25 -0.4062506 0.6875 -0.4375005 0.6875 -0.4375005 0.65625 -0.4062504 0.25 -0.4375004 0.25 -0.4375004 0.21875 -0.4062506 0.65625 -0.4375005 0.65625 -0.4375005 0.625 -0.4062504 0.21875 -0.4375004 0.21875 -0.4375004 0.1875 -0.4062507 0.59375 -0.4062506 0.625 -0.4375005 0.625 -0.4062502 0.15625 -0.4062504 0.1875 -0.4375004 0.1875 -0.4062507 0.59375 -0.4375006 0.59375 -0.4375005 0.5625 -0.4062502 0.15625 -0.4375003 0.15625 -0.4375001 0.125 -0.4062507 0.53125 -0.4062505 0.5625 -0.4375005 0.5625 -0.4062496 0.9374998 -0.4062484 0.9687496 -0.4374984 0.9687496 -0.40625 0.09375005 -0.4062501 0.1250001 -0.4375001 0.125 -0.4375006 0.46875 -0.4687506 0.46875 -0.4687505 0.4375 -0.4375001 0.8749998 -0.4687501 0.8749998 -0.4687502 0.8437498 -0.4375006 0.40625 -0.4375005 0.4375 -0.4687505 0.4375 -0.4375004 0.8124998 -0.4375003 0.8437498 -0.4687502 0.8437498 -0.4375006 0.40625 -0.4687506 0.40625 -0.4687505 0.375 -0.4375004 0.78125 -0.4375004 0.8124998 -0.4687504 0.8124998 -0.4375005 0.34375 -0.4375005 0.375 -0.4687505 0.375 -0.4375005 0.7499999 -0.4375004 0.78125 -0.4687504 0.78125 -0.4375006 0.3125 -0.4375005 0.34375 -0.4687505 0.34375 -0.4375005 0.7499999 -0.4687505 0.7499999 -0.4687505 0.71875 -0.4375005 0.28125 -0.4375006 0.3125 -0.4687505 0.3125 -0.4375005 0.6875 -0.4375005 0.71875 -0.4687505 0.71875 -0.4375005 0.28125 -0.4687505 0.28125 -0.4687504 0.2499999 -0.4375005 0.6875 -0.4687505 0.6875 -0.4687505 0.65625 -0.4375004 0.21875 -0.4375004 0.25 -0.4687504 0.2499999 -0.4375005 0.65625 -0.4687505 0.65625 -0.4687505 0.625 -0.4375004 0.21875 -0.4687504 0.2187499 -0.4687504 0.1875 -0.4375006 0.59375 -0.4375005 0.625 -0.4687505 0.625 -0.4375003 0.15625 -0.4375004 0.1875 -0.4687504 0.1875 -0.4375006 0.59375 -0.4687506 0.59375 -0.4687505 0.5625 -0.4375001 0.125 -0.4375003 0.15625 -0.4687503 0.15625 -0.4375006 0.53125 -0.4375005 0.5625 -0.4687505 0.5625 -0.4374984 0.9687496 -0.4687483 0.96875 -0.4687495 0.9374998 -0.4375 0.09375005 -0.4375001 0.125 -0.4687501 0.125 -0.4375006 0.53125 -0.4687506 0.53125 -0.4687506 0.5 -0.4374996 0.9374998 -0.4687495 0.9374998 -0.46875 0.9062498 -0.4374995 0.06249994 -0.4375 0.09375005 -0.46875 0.09375005 -0.4375006 0.46875 -0.4375006 0.5 -0.4687506 0.5 -0.4375 0.9062498 -0.46875 0.9062498 -0.4687501 0.8749998 -0.4374995 0.06249994 -0.4687495 0.06249994 -0.4687482 0.03124988 -0.4687506 0.40625 -0.5000006 0.40625 -0.5000006 0.375 -0.4687504 0.78125 -0.4687504 0.8124998 -0.5000004 0.8124998 -0.4687505 0.34375 -0.4687505 0.375 -0.5000006 0.375 -0.4687505 0.7499999 -0.4687504 0.78125 -0.5000005 0.78125 -0.4687505 0.3125 -0.4687505 0.34375 -0.5000006 0.34375 -0.4687505 0.7499999 -0.5000005 0.7499999 -0.5000006 0.71875 -0.4687505 0.3125 -0.5000006 0.3124999 -0.5000006 0.28125 -0.4687505 0.6875 -0.4687505 0.71875 -0.5000006 0.71875 -0.4687505 0.28125 -0.5000006 0.28125 -0.5000005 0.2499999 -0.4687505 0.6875 -0.5000006 0.6875 -0.5000006 0.65625 -0.4687504 0.2187499 -0.4687504 0.2499999 -0.5000005 0.2499999 -0.4687505 0.65625 -0.5000006 0.65625 -0.5000006 0.625 -0.4687504 0.1875 -0.4687504 0.2187499 -0.5000004 0.2187499 -0.4687506 0.59375 -0.4687505 0.625 -0.5000006 0.625 -0.4687503 0.15625 -0.4687504 0.1875 -0.5000004 0.1875 -0.4687506 0.59375 -0.5000006 0.59375 -0.5000006 0.5625 -0.4687501 0.125 -0.4687503 0.15625 -0.5000002 0.15625 -0.4687506 0.53125 -0.4687505 0.5625 -0.5000006 0.5625 -0.4687495 0.9374998 -0.4687483 0.96875 -0.4999983 0.96875 -0.46875 0.09375005 -0.4687501 0.125 -0.5000001 0.125 -0.4687506 0.53125 -0.5000006 0.53125 -0.5000006 0.5 -0.46875 0.9062498 -0.4687495 0.9374998 -0.4999995 0.9374998 -0.46875 0.09375005 -0.4999999 0.09375005 -0.4999994 0.06249994 -0.4687506 0.46875 -0.4687506 0.5 -0.5000006 0.5 -0.4687501 0.8749998 -0.46875 0.9062498 -0.4999999 0.9062498 -0.4687495 0.06249994 -0.4999994 0.06249994 -0.4999982 0.03124988 -0.4687506 0.46875 -0.5000006 0.46875 -0.5000006 0.4375 -0.4687502 0.8437498 -0.4687501 0.8749998 -0.5000001 0.8749998 -0.4687506 0.40625 -0.4687505 0.4375 -0.5000006 0.4375 -0.4687504 0.8124998 -0.4687502 0.8437498 -0.5000002 0.8437498 1.499999 0.3124999 1.499999 0.34375 1.468749 0.34375 1.5 0.7499999 1.468749 0.7499999 1.468749 0.71875 1.499999 0.3124999 1.468749 0.3124999 1.468749 0.2812499 1.499999 0.71875 1.468749 0.71875 1.468749 0.6875 1.499999 0.28125 1.468749 0.2812499 1.46875 0.2499999 1.499999 0.6875 1.468749 0.6875 1.468749 0.65625 1.5 0.2187499 1.5 0.2499999 1.46875 0.2499999 1.499999 0.65625 1.468749 0.65625 1.468749 0.625 1.5 0.2187499 1.46875 0.2187499 1.46875 0.1875 1.499999 0.59375 1.499999 0.625 1.468749 0.625 1.5 0.1875 1.46875 0.1875 1.46875 0.15625 1.499999 0.59375 1.468749 0.59375 1.468749 0.5625 1.5 0.15625 1.46875 0.15625 1.46875 0.1249998 1.499999 0.53125 1.499999 0.5625 1.468749 0.5625 1.500002 0.96875 1.468752 0.96875 1.46875 0.9374998 1.5 0.09375005 1.5 0.125 1.46875 0.1249998 1.499999 0.53125 1.468749 0.53125 1.468749 0.5 1.500001 0.9374998 1.46875 0.9374998 1.46875 0.9062498 1.5 0.09375005 1.46875 0.09374994 1.46875 0.06249994 1.499999 0.46875 1.499999 0.5 1.468749 0.5 1.5 0.9062498 1.46875 0.9062498 1.46875 0.8749998 1.500001 0.06249994 1.46875 0.06249994 1.468752 0.03124988 1.499999 0.46875 1.468749 0.46875 1.468749 0.4375 1.5 0.8749998 1.46875 0.8749998 1.46875 0.8437499 1.499999 0.40625 1.499999 0.4375 1.468749 0.4375 1.5 0.8437498 1.46875 0.8437499 1.46875 0.8124998 1.499999 0.40625 1.468749 0.40625 1.468749 0.375 1.5 0.78125 1.5 0.8124998 1.46875 0.8124998 1.499999 0.34375 1.499999 0.375 1.468749 0.375 1.5 0.7499999 1.5 0.78125 1.46875 0.78125 1.468749 0.2812499 1.437499 0.2812499 1.4375 0.2499999 1.468749 0.6875 1.437499 0.6875 1.437499 0.65625 1.46875 0.2499999 1.4375 0.2499999 1.4375 0.2187499 1.468749 0.65625 1.437499 0.65625 1.437499 0.625 1.46875 0.2187499 1.4375 0.2187499 1.4375 0.1875 1.468749 0.59375 1.468749 0.625 1.437499 0.625 1.46875 0.1875 1.4375 0.1875 1.4375 0.1562498 1.468749 0.59375 1.437499 0.59375 1.437499 0.5625 1.46875 0.15625 1.4375 0.1562498 1.4375 0.1249998 1.468749 0.53125 1.468749 0.5625 1.437499 0.5625 1.468752 0.96875 1.437502 0.96875 1.4375 0.9375 1.46875 0.09374994 1.46875 0.1249998 1.4375 0.1249998 1.468749 0.53125 1.437499 0.53125 1.437499 0.5 1.46875 0.9374998 1.4375 0.9375 1.4375 0.9062498 1.46875 0.09374994 1.4375 0.09374994 1.4375 0.06249994 1.468749 0.46875 1.468749 0.5 1.437499 0.5 1.46875 0.9062498 1.4375 0.9062498 1.4375 0.8749999 1.46875 0.06249994 1.4375 0.06249994 1.437502 0.03124988 1.468749 0.46875 1.437499 0.46875 1.437499 0.4375 1.46875 0.8437499 1.46875 0.8749998 1.4375 0.8749999 1.468749 0.40625 1.468749 0.4375 1.437499 0.4375 1.46875 0.8124998 1.46875 0.8437499 1.4375 0.8437499 1.468749 0.40625 1.437499 0.40625 1.437499 0.375 1.46875 0.78125 1.46875 0.8124998 1.4375 0.8124999 1.468749 0.34375 1.468749 0.375 1.437499 0.375 1.468749 0.7499999 1.46875 0.78125 1.4375 0.78125 1.468749 0.3124999 1.468749 0.34375 1.437499 0.34375 1.468749 0.71875 1.468749 0.7499999 1.437499 0.7499999 1.468749 0.3124999 1.437499 0.3124999 1.437499 0.2812499 1.468749 0.6875 1.468749 0.71875 1.437499 0.71875 1.4375 0.2187499 1.40625 0.2187499 1.40625 0.1875 1.437499 0.59375 1.437499 0.625 1.406249 0.625 1.4375 0.1875 1.40625 0.1875 1.40625 0.1562498 1.437499 0.59375 1.406249 0.59375 1.406249 0.5625 1.4375 0.1562498 1.40625 0.1562498 1.40625 0.1249998 1.437499 0.53125 1.437499 0.5625 1.406249 0.5625 1.437502 0.96875 1.406252 0.96875 1.40625 0.9375 1.4375 0.09374994 1.4375 0.1249998 1.40625 0.1249998 1.437499 0.53125 1.406249 0.53125 1.406249 0.5 1.4375 0.9375 1.40625 0.9375 1.40625 0.9062499 1.4375 0.09374994 1.40625 0.09374994 1.40625 0.06249994 1.437499 0.46875 1.437499 0.5 1.406249 0.5 1.4375 0.9062498 1.40625 0.9062499 1.40625 0.8749999 1.4375 0.06249994 1.40625 0.06249994 1.406252 0.03124988 1.437499 0.46875 1.406249 0.46875 1.406249 0.4375 1.4375 0.8749999 1.40625 0.8749999 1.40625 0.8437499 1.437499 0.40625 1.437499 0.4375 1.406249 0.4375 1.4375 0.8124999 1.4375 0.8437499 1.40625 0.8437499 1.437499 0.40625 1.406249 0.40625 1.406249 0.375 1.4375 0.78125 1.4375 0.8124999 1.40625 0.8124999 1.437499 0.34375 1.437499 0.375 1.406249 0.375 1.437499 0.7499999 1.4375 0.78125 1.40625 0.78125 1.437499 0.3124999 1.437499 0.34375 1.406249 0.3437499 1.437499 0.71875 1.437499 0.7499999 1.406249 0.75 1.437499 0.3124999 1.406249 0.3124999 1.406249 0.2812499 1.437499 0.6875 1.437499 0.71875 1.406249 0.71875 1.437499 0.2812499 1.406249 0.2812499 1.40625 0.2499999 1.437499 0.6875 1.406249 0.6875 1.406249 0.65625 1.4375 0.2187499 1.4375 0.2499999 1.40625 0.2499999 1.437499 0.65625 1.406249 0.65625 1.406249 0.625 1.40625 0.1562498 1.40625 0.1875 1.375 0.1875 1.406249 0.59375 1.374999 0.59375 1.374999 0.5625 1.40625 0.1249998 1.40625 0.1562498 1.375 0.1562498 1.406249 0.53125 1.406249 0.5625 1.374999 0.5625 1.406252 0.96875 1.375001 0.96875 1.375 0.9375 1.40625 0.09374994 1.40625 0.1249998 1.375 0.1249998 1.406249 0.53125 1.374999 0.53125 1.374999 0.5 1.40625 0.9375 1.375 0.9375 1.375 0.9062499 1.40625 0.06249994 1.40625 0.09374994 1.375 0.09374994 1.406249 0.46875 1.406249 0.5 1.374999 0.5 1.40625 0.9062499 1.375 0.9062499 1.375 0.8749999 1.406252 0.03124988 1.40625 0.06249994 1.375 0.06249982 1.406249 0.46875 1.374999 0.46875 1.374999 0.4375 1.40625 0.8749999 1.375 0.8749999 1.375 0.84375 1.406249 0.40625 1.406249 0.4375 1.374999 0.4375 1.40625 0.8437499 1.375 0.84375 1.375 0.8124999 1.406249 0.40625 1.374999 0.40625 1.374999 0.375 1.40625 0.78125 1.40625 0.8124999 1.375 0.8124999 1.406249 0.3437499 1.406249 0.375 1.374999 0.375 1.406249 0.75 1.40625 0.78125 1.375 0.78125 1.406249 0.3124999 1.406249 0.3437499 1.374999 0.3437499 1.406249 0.75 1.374999 0.75 1.374999 0.71875 1.406249 0.3124999 1.374999 0.3124999 1.374999 0.2812499 1.406249 0.6875 1.406249 0.71875 1.374999 0.71875 1.406249 0.2812499 1.374999 0.2812499 1.375 0.2499999 1.406249 0.6875 1.374999 0.6875001 1.374999 0.65625 1.40625 0.2187499 1.40625 0.2499999 1.375 0.2499999 1.406249 0.65625 1.374999 0.65625 1.374999 0.6250001 1.40625 0.2187499 1.375 0.2187498 1.375 0.1875 1.406249 0.59375 1.406249 0.625 1.374999 0.6250001 1.375001 0.96875 1.343751 0.96875 1.34375 0.9375 1.375 0.09374994 1.375 0.1249998 1.34375 0.1249998 1.374999 0.53125 1.343749 0.53125 1.343749 0.5 1.375 0.9062499 1.375 0.9375 1.34375 0.9375 1.375 0.09374994 1.34375 0.09374994 1.34375 0.06249982 1.374999 0.46875 1.374999 0.5 1.343749 0.5 1.375 0.9062499 1.34375 0.9062499 1.34375 0.875 1.375 0.06249982 1.34375 0.06249982 1.343751 0.03124988 1.374999 0.46875 1.343749 0.46875 1.343749 0.4375 1.375 0.8749999 1.34375 0.875 1.34375 0.84375 1.374999 0.40625 1.374999 0.4375 1.343749 0.4375 1.375 0.8124999 1.375 0.84375 1.34375 0.84375 1.374999 0.40625 1.343749 0.40625 1.343749 0.375 1.375 0.78125 1.375 0.8124999 1.34375 0.8124999 1.374999 0.3437499 1.374999 0.375 1.343749 0.375 1.374999 0.75 1.375 0.78125 1.343749 0.78125 1.374999 0.3124999 1.374999 0.3437499 1.343749 0.3437499 1.374999 0.75 1.343749 0.75 1.343749 0.71875 1.374999 0.2812499 1.374999 0.3124999 1.343749 0.3124999 1.374999 0.6875001 1.374999 0.71875 1.343749 0.71875 1.374999 0.2812499 1.343749 0.2812499 1.343749 0.2499998 1.374999 0.6875001 1.343749 0.6875001 1.343749 0.65625 1.375 0.2499999 1.343749 0.2499998 1.343749 0.2187498 1.374999 0.65625 1.343749 0.65625 1.343749 0.6250001 1.375 0.2187498 1.343749 0.2187498 1.34375 0.1874999 1.374999 0.59375 1.374999 0.6250001 1.343749 0.6250001 1.375 0.1562498 1.375 0.1875 1.34375 0.1874999 1.374999 0.59375 1.343749 0.59375 1.343749 0.5625 1.375 0.1562498 1.34375 0.1562498 1.34375 0.1249998 1.374999 0.53125 1.374999 0.5625 1.343749 0.5625 1.34375 0.9062499 1.3125 0.9062499 1.3125 0.875 1.343751 0.03124988 1.34375 0.06249982 1.3125 0.06249982 1.343749 0.46875 1.312499 0.46875 1.312499 0.4375 1.34375 0.84375 1.34375 0.875 1.3125 0.875 1.343749 0.40625 1.343749 0.4375 1.312499 0.4375 1.34375 0.84375 1.3125 0.84375 1.3125 0.8124999 1.343749 0.40625 1.312499 0.4062499 1.312499 0.375 1.343749 0.78125 1.34375 0.8124999 1.3125 0.8124999 1.343749 0.3437499 1.343749 0.375 1.312499 0.375 1.343749 0.78125 1.312499 0.78125 1.312499 0.75 1.343749 0.3124999 1.343749 0.3437499 1.312499 0.3437499 1.343749 0.75 1.312499 0.75 1.312499 0.71875 1.343749 0.3124999 1.312499 0.3124999 1.312499 0.2812499 1.343749 0.6875001 1.343749 0.71875 1.312499 0.71875 1.343749 0.2812499 1.312499 0.2812499 1.312499 0.2499998 1.343749 0.6875001 1.312499 0.6875001 1.312499 0.65625 1.343749 0.2187498 1.343749 0.2499998 1.312499 0.2499998 1.343749 0.65625 1.312499 0.65625 1.312499 0.6250001 1.343749 0.2187498 1.312499 0.2187498 1.3125 0.1874999 1.343749 0.59375 1.343749 0.6250001 1.312499 0.6250001 1.34375 0.1562498 1.34375 0.1874999 1.3125 0.1874999 1.343749 0.59375 1.312499 0.59375 1.312499 0.5625 1.34375 0.1562498 1.3125 0.1562498 1.3125 0.1249998 1.343749 0.53125 1.343749 0.5625 1.312499 0.5625 1.34375 0.9375 1.343751 0.96875 1.312501 0.96875 1.34375 0.09374994 1.34375 0.1249998 1.3125 0.1249998 1.343749 0.53125 1.312499 0.53125 1.312499 0.5 1.34375 0.9062499 1.34375 0.9375 1.3125 0.9375 1.34375 0.09374994 1.3125 0.09374994 1.3125 0.06249982 1.343749 0.46875 1.343749 0.5 1.312499 0.5 1.3125 0.84375 1.28125 0.84375 1.281249 0.8125 1.312499 0.4062499 1.281249 0.4062499 1.281249 0.375 1.312499 0.78125 1.3125 0.8124999 1.281249 0.8125 1.312499 0.3437499 1.312499 0.375 1.281249 0.375 1.312499 0.75 1.312499 0.78125 1.281249 0.7812501 1.312499 0.3124999 1.312499 0.3437499 1.281249 0.3437499 1.312499 0.75 1.281249 0.75 1.281249 0.7187501 1.312499 0.2812499 1.312499 0.3124999 1.281249 0.3124999 1.312499 0.6875001 1.312499 0.71875 1.281249 0.7187501 1.312499 0.2812499 1.281249 0.2812499 1.281249 0.2499998 1.312499 0.6875001 1.281249 0.6875001 1.281249 0.65625 1.312499 0.2187498 1.312499 0.2499998 1.281249 0.2499998 1.312499 0.6250001 1.312499 0.65625 1.281249 0.65625 1.312499 0.2187498 1.281249 0.2187498 1.28125 0.1874999 1.312499 0.59375 1.312499 0.6250001 1.281249 0.6250001 1.3125 0.1562498 1.3125 0.1874999 1.28125 0.1874999 1.312499 0.59375 1.281249 0.59375 1.281249 0.5625 1.3125 0.1562498 1.28125 0.1562498 1.28125 0.1249997 1.312499 0.53125 1.312499 0.5625 1.281249 0.5625 1.312501 0.96875 1.281251 0.96875 1.28125 0.9375 1.3125 0.1249998 1.28125 0.1249997 1.28125 0.09374982 1.312499 0.53125 1.281249 0.53125 1.281249 0.5 1.3125 0.9375 1.28125 0.9375 1.28125 0.9062499 1.3125 0.09374994 1.28125 0.09374982 1.28125 0.06249982 1.312499 0.46875 1.312499 0.5 1.281249 0.5 1.3125 0.9062499 1.28125 0.9062499 1.28125 0.875 1.312501 0.03124988 1.3125 0.06249982 1.28125 0.06249982 1.312499 0.46875 1.281249 0.46875 1.281249 0.4375 1.3125 0.84375 1.3125 0.875 1.28125 0.875 1.312499 0.4062499 1.312499 0.4375 1.281249 0.4375 1.281249 0.75 1.281249 0.7812501 1.249999 0.7812501 1.281249 0.3437499 1.249999 0.3437499 1.249999 0.3124999 1.281249 0.75 1.249999 0.75 1.249999 0.7187501 1.281249 0.2812499 1.281249 0.3124999 1.249999 0.3124999 1.281249 0.7187501 1.249999 0.7187501 1.249999 0.6875001 1.281249 0.2812499 1.249999 0.2812499 1.249999 0.2499998 1.281249 0.6875001 1.249999 0.6875001 1.249999 0.65625 1.281249 0.2499998 1.249999 0.2499998 1.249999 0.2187497 1.281249 0.65625 1.249999 0.65625 1.249999 0.6250001 1.28125 0.1874999 1.281249 0.2187498 1.249999 0.2187497 1.281249 0.59375 1.281249 0.6250001 1.249999 0.6250001 1.28125 0.1562498 1.28125 0.1874999 1.25 0.1874999 1.281249 0.59375 1.249999 0.59375 1.249999 0.5625 1.28125 0.1562498 1.249999 0.1562498 1.25 0.1249997 1.281249 0.53125 1.281249 0.5625 1.249999 0.5625 1.281251 0.96875 1.250001 0.96875 1.25 0.9375 1.28125 0.09374982 1.28125 0.1249997 1.25 0.1249997 1.281249 0.53125 1.249999 0.53125 1.249999 0.5 1.28125 0.9375 1.25 0.9375 1.25 0.9062499 1.28125 0.09374982 1.25 0.09374982 1.25 0.06249982 1.281249 0.46875 1.281249 0.5 1.249999 0.5 1.28125 0.9062499 1.25 0.9062499 1.25 0.875 1.281251 0.03124988 1.28125 0.06249982 1.25 0.06249982 1.281249 0.46875 1.249999 0.46875 1.249999 0.4375 1.28125 0.84375 1.28125 0.875 1.25 0.875 1.281249 0.4062499 1.281249 0.4375 1.249999 0.4375 1.281249 0.8125 1.28125 0.84375 1.25 0.84375 1.281249 0.4062499 1.249999 0.4062499 1.249999 0.3749999 1.281249 0.8125 1.249999 0.8125 1.249999 0.7812501 1.281249 0.3437499 1.281249 0.375 1.249999 0.3749999 1.249999 0.6875001 1.249999 0.7187501 1.218749 0.7187501 1.249999 0.2812499 1.218749 0.2812499 1.218749 0.2499998 1.249999 0.6875001 1.218749 0.6875001 1.218749 0.6562501 1.249999 0.2187497 1.249999 0.2499998 1.218749 0.2499998 1.249999 0.6250001 1.249999 0.65625 1.218749 0.6562501 1.249999 0.2187497 1.218749 0.2187497 1.218749 0.1874999 1.249999 0.59375 1.249999 0.6250001 1.218749 0.6250001 1.249999 0.1562498 1.25 0.1874999 1.218749 0.1874999 1.249999 0.59375 1.218749 0.59375 1.218749 0.5625 1.249999 0.1562498 1.218749 0.1562498 1.21875 0.1249997 1.249999 0.53125 1.249999 0.5625 1.218749 0.5625 1.250001 0.96875 1.218751 0.96875 1.21875 0.9375 1.25 0.1249997 1.21875 0.1249997 1.21875 0.09374982 1.249999 0.53125 1.218749 0.53125 1.218749 0.5 1.25 0.9062499 1.25 0.9375 1.21875 0.9375 1.25 0.09374982 1.21875 0.09374982 1.21875 0.06249982 1.249999 0.46875 1.249999 0.5 1.218749 0.5 1.25 0.875 1.25 0.9062499 1.21875 0.90625 1.25 0.06249982 1.21875 0.06249982 1.218751 0.03124988 1.249999 0.46875 1.218749 0.46875 1.218749 0.4375 1.25 0.875 1.21875 0.875 1.218749 0.8437501 1.249999 0.4062499 1.249999 0.4375 1.218749 0.4375 1.25 0.84375 1.218749 0.8437501 1.218749 0.8125 1.249999 0.4062499 1.218749 0.4062499 1.218749 0.3749999 1.249999 0.7812501 1.249999 0.8125 1.218749 0.8125 1.249999 0.3437499 1.249999 0.3749999 1.218749 0.3749999 1.249999 0.75 1.249999 0.7812501 1.218749 0.7812501 1.249999 0.3124999 1.249999 0.3437499 1.218749 0.3437499 1.249999 0.7187501 1.249999 0.75 1.218749 0.75 1.249999 0.2812499 1.249999 0.3124999 1.218749 0.3124998 1.218749 0.6250001 1.218749 0.6562501 1.187499 0.6562501 1.218749 0.1874999 1.218749 0.2187497 1.187499 0.2187497 1.218749 0.59375 1.218749 0.6250001 1.187499 0.6250001 1.218749 0.1562498 1.218749 0.1874999 1.187499 0.1874999 1.218749 0.59375 1.187499 0.59375 1.187499 0.5625 1.21875 0.1249997 1.218749 0.1562498 1.187499 0.1562497 1.218749 0.53125 1.218749 0.5625 1.187499 0.5625 1.21875 0.9375 1.218751 0.96875 1.1875 0.96875 1.21875 0.1249997 1.1875 0.1249996 1.1875 0.09374982 1.218749 0.53125 1.187499 0.53125 1.187499 0.5 1.21875 0.90625 1.21875 0.9375 1.1875 0.9375001 1.21875 0.09374982 1.1875 0.09374982 1.1875 0.06249982 1.218749 0.46875 1.218749 0.5 1.187499 0.5 1.21875 0.875 1.21875 0.90625 1.1875 0.90625 1.218751 0.03124988 1.21875 0.06249982 1.1875 0.06249982 1.218749 0.46875 1.187499 0.46875 1.187499 0.4375 1.218749 0.8437501 1.21875 0.875 1.1875 0.875 1.218749 0.4062499 1.218749 0.4375 1.187499 0.4375 1.218749 0.8437501 1.187499 0.8437501 1.187499 0.8125 1.218749 0.4062499 1.187499 0.4062499 1.187499 0.3749999 1.218749 0.8125 1.187499 0.8125 1.187499 0.7812501 1.218749 0.3437499 1.218749 0.3749999 1.187499 0.3749999 1.218749 0.7812501 1.187499 0.7812501 1.187499 0.7500001 1.218749 0.3124998 1.218749 0.3437499 1.187499 0.3437499 1.218749 0.75 1.187499 0.7500001 1.187499 0.7187501 1.218749 0.2812499 1.218749 0.3124998 1.187499 0.3124998 1.218749 0.7187501 1.187499 0.7187501 1.187499 0.6875001 1.218749 0.2812499 1.187499 0.2812499 1.187499 0.2499998 1.218749 0.6875001 1.187499 0.6875001 1.187499 0.6562501 1.218749 0.2187497 1.218749 0.2499998 1.187499 0.2499998 1.187499 0.59375 1.156249 0.59375 1.156249 0.5625 1.187499 0.1562497 1.156249 0.1562497 1.156249 0.1249996 1.187499 0.53125 1.187499 0.5625 1.156249 0.5625 1.1875 0.96875 1.15625 0.96875 1.15625 0.9375001 1.1875 0.09374982 1.1875 0.1249996 1.156249 0.1249996 1.187499 0.53125 1.156249 0.53125 1.156249 0.5 1.1875 0.9375001 1.15625 0.9375001 1.15625 0.90625 1.1875 0.09374982 1.15625 0.09374982 1.15625 0.06249982 1.187499 0.46875 1.187499 0.5 1.156249 0.5 1.1875 0.90625 1.15625 0.90625 1.156249 0.875 1.1875 0.06249982 1.15625 0.06249982 1.15625 0.03124988 1.187499 0.46875 1.156249 0.46875 1.156249 0.4375 1.187499 0.8437501 1.1875 0.875 1.156249 0.875 1.187499 0.4062499 1.187499 0.4375 1.156249 0.4375 1.187499 0.8125 1.187499 0.8437501 1.156249 0.8437501 1.187499 0.4062499 1.156249 0.4062499 1.156249 0.3749999 1.187499 0.7812501 1.187499 0.8125 1.156249 0.8125 1.187499 0.3437499 1.187499 0.3749999 1.156249 0.3749999 1.187499 0.7812501 1.156249 0.7812501 1.156249 0.7500001 1.187499 0.3124998 1.187499 0.3437499 1.156249 0.3437499 1.187499 0.7500001 1.156249 0.7500001 1.156249 0.7187501 1.187499 0.2812499 1.187499 0.3124998 1.156249 0.3124998 1.187499 0.7187501 1.156249 0.7187501 1.156249 0.6875001 1.187499 0.2812499 1.156249 0.2812498 1.156249 0.2499998 1.187499 0.6875001 1.156249 0.6875001 1.156249 0.6562501 1.187499 0.2499998 1.156249 0.2499998 1.156249 0.2187497 1.187499 0.6250001 1.187499 0.6562501 1.156249 0.6562501 1.187499 0.2187497 1.156249 0.2187497 1.156249 0.1874998 1.187499 0.59375 1.187499 0.6250001 1.156249 0.6250001 1.187499 0.1562497 1.187499 0.1874999 1.156249 0.1874998 1.156249 0.53125 1.124999 0.53125 1.124999 0.5 1.15625 0.90625 1.15625 0.9375001 1.125 0.9375001 1.15625 0.09374982 1.124999 0.09374982 1.125 0.06249982 1.156249 0.46875 1.156249 0.5 1.124999 0.5 1.156249 0.875 1.15625 0.90625 1.124999 0.90625 1.15625 0.03124988 1.15625 0.06249982 1.125 0.06249982 1.156249 0.46875 1.124999 0.46875 1.124999 0.4375 1.156249 0.875 1.124999 0.875 1.124999 0.8437501 1.156249 0.4062499 1.156249 0.4375 1.124999 0.4375 1.156249 0.8437501 1.124999 0.8437501 1.124999 0.8125 1.156249 0.4062499 1.124999 0.4062499 1.124999 0.3749999 1.156249 0.8125 1.124999 0.8125 1.124999 0.7812501 1.156249 0.3437499 1.156249 0.3749999 1.124999 0.3749999 1.156249 0.7812501 1.124999 0.7812501 1.124999 0.7500001 1.156249 0.3437499 1.124999 0.3437498 1.124999 0.3124998 1.156249 0.7500001 1.124999 0.7500001 1.124999 0.7187501 1.156249 0.2812498 1.156249 0.3124998 1.124999 0.3124998 1.156249 0.7187501 1.124999 0.7187501 1.124999 0.6875001 1.156249 0.2812498 1.124999 0.2812498 1.124999 0.2499998 1.156249 0.6875001 1.124999 0.6875001 1.124999 0.6562501 1.156249 0.2187497 1.156249 0.2499998 1.124999 0.2499998 1.156249 0.6250001 1.156249 0.6562501 1.124999 0.6562501 1.156249 0.2187497 1.124999 0.2187497 1.124999 0.1874998 1.156249 0.59375 1.156249 0.6250001 1.124999 0.6250001 1.156249 0.1562497 1.156249 0.1874998 1.124999 0.1874998 1.156249 0.59375 1.124999 0.59375 1.124999 0.5625 1.156249 0.1562497 1.124999 0.1562497 1.124999 0.1249996 1.156249 0.53125 1.156249 0.5625 1.124999 0.5625 1.15625 0.96875 1.125 0.96875 1.125 0.9375001 1.156249 0.1249996 1.124999 0.1249996 1.124999 0.09374982 1.124999 0.46875 1.093749 0.46875 1.093749 0.4375 1.124999 0.8437501 1.124999 0.875 1.093749 0.8750001 1.124999 0.4062499 1.124999 0.4375 1.093749 0.4375 1.124999 0.8125 1.124999 0.8437501 1.093749 0.8437501 1.124999 0.4062499 1.093749 0.4062499 1.093749 0.3749998 1.124999 0.7812501 1.124999 0.8125 1.093749 0.8125 1.124999 0.3437498 1.124999 0.3749999 1.093749 0.3749998 1.124999 0.7500001 1.124999 0.7812501 1.093749 0.7812501 1.124999 0.3124998 1.124999 0.3437498 1.093749 0.3437498 1.124999 0.7187501 1.124999 0.7500001 1.093749 0.7500001 1.124999 0.2812498 1.124999 0.3124998 1.093749 0.3124998 1.124999 0.7187501 1.093749 0.7187501 1.093749 0.6875001 1.124999 0.2812498 1.093749 0.2812498 1.093749 0.2499997 1.124999 0.6875001 1.093749 0.6875001 1.093749 0.6562501 1.124999 0.2187497 1.124999 0.2499998 1.093749 0.2499997 1.124999 0.6250001 1.124999 0.6562501 1.093749 0.6562501 1.124999 0.2187497 1.093749 0.2187497 1.093749 0.1874998 1.124999 0.59375 1.124999 0.6250001 1.093749 0.6250001 1.124999 0.1562497 1.124999 0.1874998 1.093749 0.1874998 1.124999 0.59375 1.093749 0.59375 1.093749 0.5625 1.124999 0.1562497 1.093749 0.1562497 1.093749 0.1249996 1.124999 0.53125 1.124999 0.5625 1.093749 0.5625 1.125 0.9375001 1.125 0.96875 1.09375 0.96875 1.124999 0.1249996 1.093749 0.1249996 1.093749 0.09374982 1.124999 0.53125 1.093749 0.53125 1.093749 0.5 1.124999 0.90625 1.125 0.9375001 1.093749 0.9375001 1.124999 0.09374982 1.093749 0.09374982 1.09375 0.06249982 1.124999 0.46875 1.124999 0.5 1.093749 0.5 1.124999 0.875 1.124999 0.90625 1.093749 0.90625 1.125 0.06249982 1.09375 0.06249982 1.09375 0.03124964 1.093749 0.4062499 1.062499 0.4062499 1.062499 0.3749998 1.093749 0.7812501 1.093749 0.8125 1.062499 0.8125 1.093749 0.3437498 1.093749 0.3749998 1.062499 0.3749998 1.093749 0.7500001 1.093749 0.7812501 1.062499 0.7812501 1.093749 0.3124998 1.093749 0.3437498 1.062499 0.3437498 1.093749 0.7500001 1.062499 0.7500001 1.062499 0.7187501 1.093749 0.2812498 1.093749 0.3124998 1.062499 0.3124998 1.093749 0.7187501 1.062499 0.7187501 1.062499 0.6875001 1.093749 0.2812498 1.062499 0.2812498 1.062499 0.2499997 1.093749 0.6875001 1.062499 0.6875001 1.062499 0.6562501 1.093749 0.2499997 1.062499 0.2499997 1.062499 0.2187497 1.093749 0.6250001 1.093749 0.6562501 1.062499 0.6562501 1.093749 0.2187497 1.062499 0.2187497 1.062499 0.1874998 1.093749 0.59375 1.093749 0.6250001 1.062499 0.6250001 1.093749 0.1562497 1.093749 0.1874998 1.062499 0.1874998 1.093749 0.59375 1.062499 0.59375 1.062499 0.5625 1.093749 0.1562497 1.062499 0.1562497 1.062499 0.1249996 1.093749 0.53125 1.093749 0.5625 1.062499 0.5625 1.09375 0.96875 1.0625 0.96875 1.062499 0.9375001 1.093749 0.1249996 1.062499 0.1249996 1.062499 0.09374982 1.093749 0.53125 1.062499 0.53125 1.062499 0.5 1.093749 0.9375001 1.062499 0.9375001 1.062499 0.90625 1.093749 0.09374982 1.062499 0.09374982 1.062499 0.06249982 1.093749 0.46875 1.093749 0.5 1.062499 0.5 1.093749 0.90625 1.062499 0.90625 1.062499 0.8750001 1.09375 0.03124964 1.09375 0.06249982 1.062499 0.06249982 1.093749 0.46875 1.062499 0.46875 1.062499 0.4375 1.093749 0.8437501 1.093749 0.8750001 1.062499 0.8750001 1.093749 0.4062499 1.093749 0.4375 1.062499 0.4375 1.093749 0.8125 1.093749 0.8437501 1.062499 0.8437501 1.062499 0.3437498 1.031249 0.3437498 1.031249 0.3124998 1.062499 0.7500001 1.031249 0.7500001 1.031249 0.7187501 1.062499 0.2812498 1.062499 0.3124998 1.031249 0.3124998 1.062499 0.7187501 1.031249 0.7187501 1.031249 0.6875001 1.062499 0.2812498 1.031249 0.2812498 1.031249 0.2499997 1.062499 0.6875001 1.031249 0.6875001 1.031249 0.6562501 1.062499 0.2187497 1.062499 0.2499997 1.031249 0.2499997 1.062499 0.6250001 1.062499 0.6562501 1.031249 0.6562501 1.062499 0.2187497 1.031249 0.2187497 1.031249 0.1874999 1.062499 0.59375 1.062499 0.6250001 1.031249 0.6250001 1.062499 0.1874998 1.031249 0.1874999 1.031249 0.1562497 1.062499 0.59375 1.031249 0.59375 1.031249 0.5625 1.062499 0.1249996 1.062499 0.1562497 1.031249 0.1562497 1.062499 0.53125 1.062499 0.5625 1.031249 0.5625 1.0625 0.96875 1.031249 0.96875 1.031249 0.9375001 1.062499 0.1249996 1.031249 0.1249996 1.031249 0.09374982 1.062499 0.53125 1.031249 0.53125 1.031249 0.5 1.062499 0.9375001 1.031249 0.9375001 1.031249 0.90625 1.062499 0.09374982 1.031249 0.09374982 1.031249 0.06249982 1.062499 0.46875 1.062499 0.5 1.031249 0.5 1.062499 0.8750001 1.062499 0.90625 1.031249 0.90625 1.062499 0.06249982 1.031249 0.06249982 1.031249 0.03124964 1.062499 0.46875 1.031249 0.46875 1.031249 0.4375 1.062499 0.8750001 1.031249 0.8750001 1.031249 0.8437501 1.062499 0.4062499 1.062499 0.4375 1.031249 0.4375 1.062499 0.8437501 1.031249 0.8437501 1.031249 0.8125 1.062499 0.4062499 1.031249 0.4062499 1.031249 0.3749998 1.062499 0.8125 1.031249 0.8125 1.031249 0.7812501 1.062499 0.3437498 1.062499 0.3749998 1.031249 0.3749998 1.062499 0.7812501 1.031249 0.7812501 1.031249 0.7500001 1.031249 0.2812498 0.9999992 0.2812499 0.9999992 0.2499998 1.031249 0.6875001 0.9999992 0.6875 0.9999992 0.6562501 1.031249 0.2499997 0.9999992 0.2499998 0.9999992 0.2187498 1.031249 0.6250001 1.031249 0.6562501 0.9999992 0.6562501 1.031249 0.2187497 0.9999992 0.2187498 0.9999992 0.1874998 1.031249 0.59375 1.031249 0.6250001 0.9999992 0.625 1.031249 0.1562497 1.031249 0.1874999 0.9999992 0.1874998 1.031249 0.59375 0.9999992 0.59375 0.9999992 0.5625 1.031249 0.1249996 1.031249 0.1562497 0.9999991 0.1562497 1.031249 0.53125 1.031249 0.5625 0.9999992 0.5625 1.031249 0.9375001 1.031249 0.96875 0.9999992 0.96875 1.031249 0.1249996 0.9999991 0.1249996 0.9999992 0.09374982 1.031249 0.53125 0.9999992 0.53125 0.9999992 0.5 1.031249 0.9375001 0.9999992 0.9375001 0.9999992 0.90625 1.031249 0.09374982 0.9999992 0.09374982 0.9999992 0.06249982 1.031249 0.46875 1.031249 0.5 0.9999992 0.5 1.031249 0.8750001 1.031249 0.90625 0.9999992 0.90625 1.031249 0.06249982 0.9999992 0.06249982 0.9999992 0.03124964 1.031249 0.46875 0.9999992 0.46875 0.9999992 0.4375 1.031249 0.8437501 1.031249 0.8750001 0.9999992 0.875 1.031249 0.4062499 1.031249 0.4375 0.9999992 0.4375 1.031249 0.8125 1.031249 0.8437501 0.9999992 0.84375 1.031249 0.4062499 0.9999992 0.40625 0.9999992 0.3749998 1.031249 0.7812501 1.031249 0.8125 0.9999992 0.8125 1.031249 0.3437498 1.031249 0.3749998 0.9999992 0.3749998 1.031249 0.7500001 1.031249 0.7812501 0.9999992 0.78125 1.031249 0.3437498 0.9999992 0.3437499 0.9999992 0.3124999 1.031249 0.7187501 1.031249 0.7500001 0.9999992 0.7500001 1.031249 0.3124998 0.9999992 0.3124999 0.9999992 0.2812499 1.031249 0.6875001 1.031249 0.7187501 0.9999992 0.71875</float_array>
          <technique_common>
            <accessor source="#Sphere-mesh-map-0-array" count="11904" stride="2">
              <param name="S" type="float"/>
              <param name="T" type="float"/>
            </accessor>
          </technique_common>
        </source>
        <vertices id="Sphere-mesh-vertices">
          <input semantic="POSITION" source="#Sphere-mesh-positions"/>
        </vertices>
        <triangles material="bark_willow-material" count="3968">
          <input semantic="VERTEX" source="#Sphere-mesh-vertices" offset="0"/>
          <input semantic="NORMAL" source="#Sphere-mesh-normals" offset="1"/>
          <input semantic="TEXCOORD" source="#Sphere-mesh-map-0" offset="2" set="0"/>
          <p>21 0 0 47 1 1 48 2 2 11 3 3 34 4 4 35 5 5 21 0 6 49 6 7 1982 7 8 11 3 9 36 8 10 1979 9 11 0 10 12 1450 11 13 23 12 14 1982 7 15 50 13 16 1983 14 17 12 15 18 36 8 19 37 16 20 0 10 21 24 17 22 1 18 23 1983 14 24 51 19 25 22 20 26 12 15 27 38 21 28 13 22 29 1 18 30 25 23 31 2 24 32 22 20 33 52 25 34 1984 26 35 13 22 36 39 27 37 14 28 38 3 29 39 25 23 40 26 30 41 1984 26 42 53 31 43 1985 32 44 14 28 45 40 33 46 1980 34 47 4 35 48 26 30 49 27 36 50 1356 37 51 1985 32 52 53 31 53 15 38 54 40 33 55 41 39 56 5 40 57 27 36 58 28 41 59 15 38 60 42 42 61 1981 43 62 6 44 63 28 41 64 29 45 65 1981 43 66 43 46 67 16 47 68 6 44 69 30 48 70 7 49 71 16 47 72 44 50 73 17 51 74 7 49 75 31 52 76 8 53 77 17 51 78 45 54 79 18 55 80 9 56 81 31 52 82 32 57 83 18 55 84 46 58 85 19 59 86 1978 60 87 32 57 88 33 61 89 19 59 90 47 1 91 20 62 92 10 63 93 33 61 94 34 4 95 28 41 96 60 64 97 29 45 98 43 46 99 73 65 100 74 66 101 30 48 102 60 64 103 61 67 104 44 50 105 74 66 106 75 68 107 31 52 108 61 67 109 62 69 110 44 50 111 76 70 112 45 54 113 32 57 114 62 69 115 63 71 116 45 54 117 77 72 118 46 58 119 32 57 120 64 73 121 33 61 122 47 1 123 77 72 124 78 74 125 33 61 126 65 75 127 34 4 128 48 2 129 78 74 130 79 76 131 35 5 132 65 75 133 66 77 134 49 6 135 79 76 136 80 78 137 35 5 138 67 79 139 36 8 140 23 12 141 1450 11 142 54 80 143 50 13 144 80 78 145 81 81 146 36 8 147 68 82 148 37 16 149 24 17 150 54 80 151 55 83 152 50 13 153 82 84 154 51 19 155 37 16 156 69 85 157 38 21 158 24 17 159 56 86 160 25 23 161 51 19 162 83 87 163 52 25 164 39 27 165 69 85 166 70 88 167 25 23 168 57 89 169 26 30 170 52 25 171 84 90 172 53 31 173 40 33 174 70 88 175 71 91 176 26 30 177 58 92 178 27 36 179 1356 37 180 53 31 181 84 90 182 40 33 183 72 93 184 41 39 185 27 36 186 59 94 187 28 41 188 42 42 189 72 93 190 73 65 191 62 69 192 92 95 193 93 96 194 75 68 195 107 97 196 76 70 197 63 71 198 93 96 199 94 98 200 76 70 201 108 99 202 77 72 203 64 73 204 94 98 205 95 100 206 77 72 207 109 101 208 78 74 209 64 73 210 96 102 211 65 75 212 79 76 213 109 101 214 110 103 215 66 77 216 96 102 217 97 104 218 80 78 219 110 103 220 111 105 221 66 77 222 98 106 223 67 79 224 54 80 225 1450 11 226 85 107 227 81 81 228 111 105 229 112 108 230 68 82 231 98 106 232 99 109 233 54 80 234 86 110 235 55 83 236 82 84 237 112 108 238 113 111 239 68 82 240 100 112 241 69 85 242 56 86 243 86 110 244 87 113 245 82 84 246 114 114 247 83 87 248 70 88 249 100 112 250 101 115 251 56 86 252 88 116 253 57 89 254 83 87 255 115 117 256 84 90 257 71 91 258 101 115 259 102 118 260 57 89 261 89 119 262 58 92 263 1356 37 264 84 90 265 115 117 266 71 91 267 103 120 268 72 93 269 59 94 270 89 119 271 90 121 272 73 65 273 103 120 274 104 122 275 59 94 276 91 123 277 60 64 278 74 66 279 104 122 280 105 124 281 61 67 282 91 123 283 92 95 284 74 66 285 106 125 286 75 68 287 95 100 288 125 126 289 126 127 290 109 101 291 139 128 292 140 129 293 96 102 294 126 127 295 127 130 296 109 101 297 141 131 298 110 103 299 96 102 300 128 132 301 97 104 302 110 103 303 142 133 304 111 105 305 97 104 306 129 134 307 98 106 308 85 107 309 1450 11 310 116 135 311 111 105 312 143 136 313 112 108 314 98 106 315 130 137 316 99 109 317 85 107 318 117 138 319 86 110 320 113 111 321 143 136 322 144 139 323 99 109 324 131 140 325 100 112 326 87 113 327 117 138 328 118 141 329 114 114 330 144 139 331 145 142 332 101 115 333 131 140 334 132 143 335 88 116 336 118 141 337 119 144 338 115 117 339 145 142 340 146 145 341 102 118 342 132 143 343 133 146 344 89 119 345 119 144 346 120 147 347 1356 37 348 115 117 349 146 145 350 102 118 351 134 148 352 103 120 353 90 121 354 120 147 355 121 149 356 103 120 357 135 150 358 104 122 359 91 123 360 121 149 361 122 151 362 105 124 363 135 150 364 136 152 365 92 95 366 122 151 367 123 153 368 105 124 369 137 154 370 106 125 371 92 95 372 124 155 373 93 96 374 107 97 375 137 154 376 138 156 377 93 96 378 125 126 379 94 98 380 108 99 381 138 156 382 139 128 383 128 132 384 158 157 385 159 158 386 142 133 387 172 159 388 173 160 389 128 132 390 160 161 391 129 134 392 116 135 393 1450 11 394 147 162 395 143 136 396 173 160 397 174 163 398 129 134 399 161 164 400 130 137 401 117 138 402 147 162 403 148 165 404 143 136 405 175 166 406 144 139 407 131 140 408 161 164 409 162 167 410 118 141 411 148 165 412 149 168 413 144 139 414 176 169 415 145 142 416 131 140 417 163 170 418 132 143 419 118 141 420 150 171 421 119 144 422 146 145 423 176 169 424 177 172 425 133 146 426 163 170 427 164 173 428 120 147 429 150 171 430 151 174 431 1356 37 432 146 145 433 177 172 434 133 146 435 165 175 436 134 148 437 121 149 438 151 174 439 152 176 440 134 148 441 166 177 442 135 150 443 122 151 444 152 176 445 153 178 446 136 152 447 166 177 448 167 179 449 122 151 450 154 180 451 123 153 452 136 152 453 168 181 454 137 154 455 124 155 456 154 180 457 155 182 458 138 156 459 168 181 460 169 183 461 125 126 462 155 182 463 156 184 464 138 156 465 170 185 466 139 128 467 125 126 468 157 186 469 126 127 470 139 128 471 171 187 472 140 129 473 127 130 474 157 186 475 158 157 476 140 129 477 172 159 478 141 131 479 161 164 480 191 188 481 192 189 482 147 162 483 179 190 484 148 165 485 175 166 486 205 191 487 206 192 488 161 164 489 193 193 490 162 167 491 148 165 492 180 194 493 149 168 494 175 166 495 207 195 496 176 169 497 163 170 498 193 193 499 194 196 500 149 168 501 181 197 502 150 171 503 176 169 504 208 198 505 177 172 506 164 173 507 194 196 508 195 199 509 150 171 510 182 200 511 151 174 512 1356 37 513 177 172 514 208 198 515 165 175 516 195 199 517 196 201 518 151 174 519 183 202 520 152 176 521 165 175 522 197 203 523 166 177 524 153 178 525 183 202 526 184 204 527 167 179 528 197 203 529 198 205 530 154 180 531 184 204 532 185 206 533 168 181 534 198 205 535 199 207 536 155 182 537 185 206 538 186 208 539 169 183 540 199 207 541 200 209 542 156 184 543 186 208 544 187 210 545 169 183 546 201 211 547 170 185 548 157 186 549 187 210 550 188 212 551 170 185 552 202 213 553 171 187 554 157 186 555 189 214 556 158 157 557 171 187 558 203 215 559 172 159 560 159 158 561 189 214 562 190 216 563 172 159 564 204 217 565 173 160 566 159 158 567 191 188 568 160 161 569 147 162 570 1450 11 571 178 218 572 174 163 573 204 217 574 205 191 575 193 193 576 225 219 577 194 196 578 181 197 579 211 220 580 212 221 581 207 195 582 239 222 583 208 198 584 195 199 585 225 219 586 226 223 587 182 200 588 212 221 589 213 224 590 1356 37 591 208 198 592 239 222 593 195 199 594 227 225 595 196 201 596 183 202 597 213 224 598 214 226 599 196 201 600 228 227 601 197 203 602 184 204 603 214 226 604 215 228 605 198 205 606 228 227 607 229 229 608 185 206 609 215 228 610 216 230 611 199 207 612 229 229 613 230 231 614 185 206 615 217 232 616 186 208 617 200 209 618 230 231 619 231 233 620 186 208 621 218 234 622 187 210 623 201 211 624 231 233 625 232 235 626 188 212 627 218 234 628 219 236 629 201 211 630 233 237 631 202 213 632 188 212 633 220 238 634 189 214 635 203 215 636 233 237 637 234 239 638 190 216 639 220 238 640 221 240 641 204 217 642 234 239 643 235 241 644 190 216 645 222 242 646 191 188 647 178 218 648 1450 11 649 209 243 650 204 217 651 236 244 652 205 191 653 192 189 654 222 242 655 223 245 656 179 190 657 209 243 658 210 246 659 205 191 660 237 247 661 206 192 662 193 193 663 223 245 664 224 248 665 180 194 666 210 246 667 211 220 668 206 192 669 238 249 670 207 195 671 227 225 672 257 250 673 258 251 674 213 224 675 245 252 676 214 226 677 227 225 678 259 253 679 228 227 680 214 226 681 246 254 682 215 228 683 229 229 684 259 253 685 260 255 686 215 228 687 247 256 688 216 230 689 230 231 690 260 255 691 261 257 692 216 230 693 248 258 694 217 232 695 231 233 696 261 257 697 262 259 698 218 234 699 248 258 700 249 260 701 232 235 702 262 259 703 263 261 704 219 236 705 249 260 706 250 262 707 232 235 708 264 263 709 233 237 710 219 236 711 251 264 712 220 238 713 234 239 714 264 263 715 265 265 716 221 240 717 251 264 718 252 266 719 234 239 720 266 267 721 235 241 722 221 240 723 253 268 724 222 242 725 209 243 726 1450 11 727 240 269 728 235 241 729 267 270 730 236 244 731 223 245 732 253 268 733 254 271 734 209 243 735 241 272 736 210 246 737 237 247 738 267 270 739 268 273 740 223 245 741 255 274 742 224 248 743 210 246 744 242 275 745 211 220 746 237 247 747 269 276 748 238 249 749 225 219 750 255 274 751 256 277 752 212 221 753 242 275 754 243 278 755 239 222 756 269 276 757 270 279 758 225 219 759 257 250 760 226 223 761 212 221 762 244 280 763 213 224 764 1356 37 765 239 222 766 270 279 767 260 255 768 290 281 769 291 282 770 247 256 771 277 283 772 278 284 773 261 257 774 291 282 775 292 285 776 247 256 777 279 286 778 248 258 779 261 257 780 293 287 781 262 259 782 248 258 783 280 288 784 249 260 785 263 261 786 293 287 787 294 289 788 250 262 789 280 288 790 281 290 791 263 261 792 295 291 793 264 263 794 250 262 795 282 292 796 251 264 797 265 265 798 295 291 799 296 293 800 252 266 801 282 292 802 283 294 803 265 265 804 297 295 805 266 267 806 252 266 807 284 296 808 253 268 809 240 269 810 1450 11 811 271 297 812 266 267 813 298 298 814 267 270 815 254 271 816 284 296 817 285 299 818 240 269 819 272 300 820 241 272 821 268 273 822 298 298 823 299 301 824 254 271 825 286 302 826 255 274 827 242 275 828 272 300 829 273 303 830 268 273 831 300 304 832 269 276 833 256 277 834 286 302 835 287 305 836 242 275 837 274 306 838 243 278 839 270 279 840 300 304 841 301 307 842 256 277 843 288 308 844 257 250 845 243 278 846 275 309 847 244 280 848 1356 37 849 270 279 850 301 307 851 258 251 852 288 308 853 289 310 854 245 252 855 275 309 856 276 311 857 258 251 858 290 281 859 259 253 860 246 254 861 276 311 862 277 283 863 292 285 864 324 312 865 293 287 866 279 286 867 311 313 868 280 288 869 294 289 870 324 312 871 325 314 872 281 290 873 311 313 874 312 315 875 294 289 876 326 316 877 295 291 878 281 290 879 313 317 880 282 292 881 296 293 882 326 316 883 327 318 884 282 292 885 314 319 886 283 294 887 297 295 888 327 318 889 328 320 890 283 294 891 315 321 892 284 296 893 271 297 894 1450 11 895 302 322 896 298 298 897 328 320 898 329 323 899 285 299 900 315 321 901 316 324 902 271 297 903 303 325 904 272 300 905 299 301 906 329 323 907 330 326 908 285 299 909 317 327 910 286 302 911 273 303 912 303 325 913 304 328 914 300 304 915 330 326 916 331 329 917 287 305 918 317 327 919 318 330 920 274 306 921 304 328 922 305 331 923 301 307 924 331 329 925 332 332 926 287 305 927 319 333 928 288 308 929 275 309 930 305 331 931 306 334 932 1356 37 933 301 307 934 332 332 935 289 310 936 319 333 937 320 335 938 276 311 939 306 334 940 307 336 941 289 310 942 321 337 943 290 281 944 276 311 945 308 338 946 277 283 947 291 282 948 321 337 949 322 339 950 278 284 951 308 338 952 309 340 953 292 285 954 322 339 955 323 341 956 278 284 957 310 342 958 279 286 959 325 314 960 357 343 961 326 316 962 312 315 963 344 344 964 313 317 965 327 318 966 357 343 967 358 345 968 314 319 969 344 344 970 345 346 971 328 320 972 358 345 973 359 347 974 314 319 975 346 348 976 315 321 977 302 322 978 1450 11 979 333 349 980 328 320 981 360 350 982 329 323 983 316 324 984 346 348 985 347 351 986 302 322 987 334 352 988 303 325 989 329 323 990 361 353 991 330 326 992 316 324 993 348 354 994 317 327 995 303 325 996 335 355 997 304 328 998 330 326 999 362 356 1000 331 329 1001 318 330 1002 348 354 1003 349 357 1004 305 331 1005 335 355 1006 336 358 1007 332 332 1008 362 356 1009 363 359 1010 318 330 1011 350 360 1012 319 333 1013 305 331 1014 337 361 1015 306 334 1016 1356 37 1017 332 332 1018 363 359 1019 320 335 1020 350 360 1021 351 362 1022 307 336 1023 337 361 1024 338 363 1025 320 335 1026 352 364 1027 321 337 1028 308 338 1029 338 363 1030 339 365 1031 322 339 1032 352 364 1033 353 366 1034 308 338 1035 340 367 1036 309 340 1037 323 341 1038 353 366 1039 354 368 1040 309 340 1041 341 369 1042 310 342 1043 324 312 1044 354 368 1045 355 370 1046 311 313 1047 341 369 1048 342 371 1049 325 314 1050 355 370 1051 356 372 1052 312 315 1053 342 371 1054 343 373 1055 359 347 1056 389 374 1057 390 375 1058 345 346 1059 377 376 1060 346 348 1061 333 349 1062 1450 11 1063 364 377 1064 360 350 1065 390 375 1066 391 378 1067 347 351 1068 377 376 1069 378 379 1070 334 352 1071 364 377 1072 365 380 1073 361 353 1074 391 378 1075 392 381 1076 347 351 1077 379 382 1078 348 354 1079 335 355 1080 365 380 1081 366 383 1082 362 356 1083 392 381 1084 393 384 1085 349 357 1086 379 382 1087 380 385 1088 336 358 1089 366 383 1090 367 386 1091 363 359 1092 393 384 1093 394 387 1094 349 357 1095 381 388 1096 350 360 1097 336 358 1098 368 389 1099 337 361 1100 1356 37 1101 363 359 1102 394 387 1103 351 362 1104 381 388 1105 382 390 1106 337 361 1107 369 391 1108 338 363 1109 351 362 1110 383 392 1111 352 364 1112 338 363 1113 370 393 1114 339 365 1115 353 366 1116 383 392 1117 384 394 1118 339 365 1119 371 395 1120 340 367 1121 354 368 1122 384 394 1123 385 396 1124 340 367 1125 372 397 1126 341 369 1127 354 368 1128 386 398 1129 355 370 1130 341 369 1131 373 399 1132 342 371 1133 355 370 1134 387 400 1135 356 372 1136 343 373 1137 373 399 1138 374 401 1139 357 343 1140 387 400 1141 388 402 1142 344 344 1143 374 401 1144 375 403 1145 358 345 1146 388 402 1147 389 374 1148 345 346 1149 375 403 1150 376 404 1151 392 381 1152 422 405 1153 423 406 1154 378 379 1155 410 407 1156 379 382 1157 366 383 1158 396 408 1159 397 409 1160 393 384 1161 423 406 1162 424 410 1163 380 385 1164 410 407 1165 411 411 1166 367 386 1167 397 409 1168 398 412 1169 393 384 1170 425 413 1171 394 387 1172 380 385 1173 412 414 1174 381 388 1175 367 386 1176 399 415 1177 368 389 1178 1356 37 1179 394 387 1180 425 413 1181 382 390 1182 412 414 1183 413 416 1184 369 391 1185 399 415 1186 400 417 1187 382 390 1188 414 418 1189 383 392 1190 369 391 1191 401 419 1192 370 393 1193 384 394 1194 414 418 1195 415 420 1196 370 393 1197 402 421 1198 371 395 1199 385 396 1200 415 420 1201 416 422 1202 372 397 1203 402 421 1204 403 423 1205 386 398 1206 416 422 1207 417 424 1208 372 397 1209 404 425 1210 373 399 1211 386 398 1212 418 426 1213 387 400 1214 374 401 1215 404 425 1216 405 427 1217 387 400 1218 419 428 1219 388 402 1220 374 401 1221 406 429 1222 375 403 1223 388 402 1224 420 430 1225 389 374 1226 375 403 1227 407 431 1228 376 404 1229 389 374 1230 421 432 1231 390 375 1232 376 404 1233 408 433 1234 377 376 1235 364 377 1236 1450 11 1237 395 434 1238 390 375 1239 422 405 1240 391 378 1241 378 379 1242 408 433 1243 409 435 1244 365 380 1245 395 434 1246 396 408 1247 424 410 1248 456 436 1249 425 413 1250 411 411 1251 443 437 1252 412 414 1253 399 415 1254 429 438 1255 430 439 1256 1356 37 1257 425 413 1258 456 436 1259 413 416 1260 443 437 1261 444 440 1262 400 417 1263 430 439 1264 431 441 1265 413 416 1266 445 442 1267 414 418 1268 401 419 1269 431 441 1270 432 443 1271 415 420 1272 445 442 1273 446 444 1274 401 419 1275 433 445 1276 402 421 1277 416 422 1278 446 444 1279 447 446 1280 402 421 1281 434 447 1282 403 423 1283 417 424 1284 447 446 1285 448 448 1286 403 423 1287 435 449 1288 404 425 1289 418 426 1290 448 448 1291 449 450 1292 405 427 1293 435 449 1294 436 451 1295 419 428 1296 449 450 1297 450 452 1298 405 427 1299 437 453 1300 406 429 1301 420 430 1302 450 452 1303 451 454 1304 406 429 1305 438 455 1306 407 431 1307 421 432 1308 451 454 1309 452 456 1310 407 431 1311 439 457 1312 408 433 1313 395 434 1314 1450 11 1315 426 458 1316 421 432 1317 453 459 1318 422 405 1319 409 435 1320 439 457 1321 440 460 1322 395 434 1323 427 461 1324 396 408 1325 422 405 1326 454 462 1327 423 406 1328 409 435 1329 441 463 1330 410 407 1331 397 409 1332 427 461 1333 428 464 1334 423 406 1335 455 465 1336 424 410 1337 410 407 1338 442 466 1339 411 411 1340 398 412 1341 428 464 1342 429 438 1343 444 440 1344 476 467 1345 445 442 1346 431 441 1347 463 468 1348 432 443 1349 446 444 1350 476 467 1351 477 469 1352 432 443 1353 464 470 1354 433 445 1355 447 446 1356 477 469 1357 478 471 1358 433 445 1359 465 472 1360 434 447 1361 447 446 1362 479 473 1363 448 448 1364 434 447 1365 466 474 1366 435 449 1367 448 448 1368 480 475 1369 449 450 1370 435 449 1371 467 476 1372 436 451 1373 450 452 1374 480 475 1375 481 477 1376 436 451 1377 468 478 1378 437 453 1379 451 454 1380 481 477 1381 482 479 1382 437 453 1383 469 480 1384 438 455 1385 452 456 1386 482 479 1387 483 481 1388 438 455 1389 470 482 1390 439 457 1391 426 458 1392 1450 11 1393 457 483 1394 452 456 1395 484 484 1396 453 459 1397 440 460 1398 470 482 1399 471 485 1400 426 458 1401 458 486 1402 427 461 1403 454 462 1404 484 484 1405 485 487 1406 440 460 1407 472 488 1408 441 463 1409 428 464 1410 458 486 1411 459 489 1412 454 462 1413 486 490 1414 455 465 1415 442 466 1416 472 488 1417 473 491 1418 429 438 1419 459 489 1420 460 492 1421 456 436 1422 486 490 1423 487 493 1424 442 466 1425 474 494 1426 443 437 1427 429 438 1428 461 495 1429 430 439 1430 1356 37 1431 456 436 1432 487 493 1433 444 440 1434 474 494 1435 475 496 1436 430 439 1437 462 497 1438 431 441 1439 478 471 1440 508 498 1441 509 499 1442 464 470 1443 496 500 1444 465 472 1445 479 473 1446 509 499 1447 510 501 1448 465 472 1449 497 502 1450 466 474 1451 479 473 1452 511 503 1453 480 475 1454 467 476 1455 497 502 1456 498 504 1457 480 475 1458 512 505 1459 481 477 1460 467 476 1461 499 506 1462 468 478 1463 482 479 1464 512 505 1465 513 507 1466 468 478 1467 500 508 1468 469 480 1469 483 481 1470 513 507 1471 514 509 1472 469 480 1473 501 510 1474 470 482 1475 457 483 1476 1450 11 1477 488 511 1478 483 481 1479 515 512 1480 484 484 1481 471 485 1482 501 510 1483 502 513 1484 457 483 1485 489 514 1486 458 486 1487 485 487 1488 515 512 1489 516 515 1490 471 485 1491 503 516 1492 472 488 1493 459 489 1494 489 514 1495 490 517 1496 485 487 1497 517 518 1498 486 490 1499 473 491 1500 503 516 1501 504 519 1502 460 492 1503 490 517 1504 491 520 1505 486 490 1506 518 521 1507 487 493 1508 473 491 1509 505 522 1510 474 494 1511 461 495 1512 491 520 1513 492 523 1514 1356 37 1515 487 493 1516 518 521 1517 475 496 1518 505 522 1519 506 524 1520 461 495 1521 493 525 1522 462 497 1523 475 496 1524 507 526 1525 476 467 1526 462 497 1527 494 527 1528 463 468 1529 477 469 1530 507 526 1531 508 498 1532 463 468 1533 495 528 1534 464 470 1535 510 501 1536 542 529 1537 511 503 1538 498 504 1539 528 530 1540 529 531 1541 512 505 1542 542 529 1543 543 532 1544 498 504 1545 530 533 1546 499 506 1547 513 507 1548 543 532 1549 544 534 1550 499 506 1551 531 535 1552 500 508 1553 514 509 1554 544 534 1555 545 536 1556 500 508 1557 532 537 1558 501 510 1559 488 511 1560 1450 11 1561 519 538 1562 515 512 1563 545 536 1564 546 539 1565 502 513 1566 532 537 1567 533 540 1568 488 511 1569 520 541 1570 489 514 1571 516 515 1572 546 539 1573 547 542 1574 502 513 1575 534 543 1576 503 516 1577 490 517 1578 520 541 1579 521 544 1580 516 515 1581 548 545 1582 517 518 1583 504 519 1584 534 543 1585 535 546 1586 490 517 1587 522 547 1588 491 520 1589 518 521 1590 548 545 1591 549 548 1592 504 519 1593 536 549 1594 505 522 1595 491 520 1596 523 550 1597 492 523 1598 1356 37 1599 518 521 1600 549 548 1601 506 524 1602 536 549 1603 537 551 1604 493 525 1605 523 550 1606 524 552 1607 506 524 1608 538 553 1609 507 526 1610 493 525 1611 525 554 1612 494 527 1613 508 498 1614 538 553 1615 539 555 1616 494 527 1617 526 556 1618 495 528 1619 509 499 1620 539 555 1621 540 557 1622 496 500 1623 526 556 1624 527 558 1625 510 501 1626 540 557 1627 541 559 1628 496 500 1629 528 530 1630 497 502 1631 544 534 1632 574 560 1633 575 561 1634 530 533 1635 562 562 1636 531 535 1637 545 536 1638 575 561 1639 576 563 1640 531 535 1641 563 564 1642 532 537 1643 519 538 1644 1450 11 1645 550 565 1646 545 536 1647 577 566 1648 546 539 1649 533 540 1650 563 564 1651 564 567 1652 519 538 1653 551 568 1654 520 541 1655 547 542 1656 577 566 1657 578 569 1658 533 540 1659 565 570 1660 534 543 1661 520 541 1662 552 571 1663 521 544 1664 548 545 1665 578 569 1666 579 572 1667 535 546 1668 565 570 1669 566 573 1670 522 547 1671 552 571 1672 553 574 1673 549 548 1674 579 572 1675 580 575 1676 535 546 1677 567 576 1678 536 549 1679 522 547 1680 554 577 1681 523 550 1682 1356 37 1683 549 548 1684 580 575 1685 537 551 1686 567 576 1687 568 578 1688 523 550 1689 555 579 1690 524 552 1691 537 551 1692 569 580 1693 538 553 1694 524 552 1695 556 581 1696 525 554 1697 539 555 1698 569 580 1699 570 582 1700 525 554 1701 557 583 1702 526 556 1703 540 557 1704 570 582 1705 571 584 1706 526 556 1707 558 585 1708 527 558 1709 541 559 1710 571 584 1711 572 586 1712 527 558 1713 559 587 1714 528 530 1715 542 529 1716 572 586 1717 573 588 1718 529 531 1719 559 587 1720 560 589 1721 542 529 1722 574 560 1723 543 532 1724 529 531 1725 561 590 1726 530 533 1727 550 565 1728 1450 11 1729 581 591 1730 576 563 1731 608 592 1732 577 566 1733 564 567 1734 594 593 1735 595 594 1736 550 565 1737 582 595 1738 551 568 1739 578 569 1740 608 592 1741 609 596 1742 564 567 1743 596 597 1744 565 570 1745 552 571 1746 582 595 1747 583 598 1748 578 569 1749 610 599 1750 579 572 1751 566 573 1752 596 597 1753 597 600 1754 553 574 1755 583 598 1756 584 601 1757 580 575 1758 610 599 1759 611 602 1760 566 573 1761 598 603 1762 567 576 1763 553 574 1764 585 604 1765 554 577 1766 1356 37 1767 580 575 1768 611 602 1769 568 578 1770 598 603 1771 599 605 1772 555 579 1773 585 604 1774 586 606 1775 568 578 1776 600 607 1777 569 580 1778 555 579 1779 587 608 1780 556 581 1781 570 582 1782 600 607 1783 601 609 1784 556 581 1785 588 610 1786 557 583 1787 571 584 1788 601 609 1789 602 611 1790 558 585 1791 588 610 1792 589 612 1793 572 586 1794 602 611 1795 603 613 1796 558 585 1797 590 614 1798 559 587 1799 572 586 1800 604 615 1801 573 588 1802 560 589 1803 590 614 1804 591 616 1805 574 560 1806 604 615 1807 605 617 1808 560 589 1809 592 618 1810 561 590 1811 575 561 1812 605 617 1813 606 619 1814 561 590 1815 593 620 1816 562 562 1817 576 563 1818 606 619 1819 607 621 1820 562 562 1821 594 593 1822 563 564 1823 582 595 1824 614 622 1825 583 598 1826 610 599 1827 640 623 1828 641 624 1829 597 600 1830 627 625 1831 628 626 1832 584 601 1833 614 622 1834 615 627 1835 610 599 1836 642 628 1837 611 602 1838 597 600 1839 629 629 1840 598 603 1841 585 604 1842 615 627 1843 616 630 1844 1356 37 1845 611 602 1846 642 628 1847 599 605 1848 629 629 1849 630 631 1850 586 606 1851 616 630 1852 617 632 1853 599 605 1854 631 633 1855 600 607 1856 586 606 1857 618 634 1858 587 608 1859 601 609 1860 631 633 1861 632 635 1862 587 608 1863 619 636 1864 588 610 1865 602 611 1866 632 635 1867 633 637 1868 589 612 1869 619 636 1870 620 638 1871 603 613 1872 633 637 1873 634 639 1874 589 612 1875 621 640 1876 590 614 1877 603 613 1878 635 641 1879 604 615 1880 591 616 1881 621 640 1882 622 642 1883 605 617 1884 635 641 1885 636 643 1886 591 616 1887 623 644 1888 592 618 1889 606 619 1890 636 643 1891 637 645 1892 592 618 1893 624 646 1894 593 620 1895 607 621 1896 637 645 1897 638 647 1898 593 620 1899 625 648 1900 594 593 1901 581 591 1902 1450 11 1903 612 649 1904 607 621 1905 639 650 1906 608 592 1907 595 594 1908 625 648 1909 626 651 1910 581 591 1911 613 652 1912 582 595 1913 609 596 1914 639 650 1915 640 623 1916 595 594 1917 627 625 1918 596 597 1919 615 627 1920 647 653 1921 616 630 1922 1356 37 1923 642 628 1924 673 654 1925 630 631 1926 660 655 1927 661 656 1928 617 632 1929 647 653 1930 648 657 1931 630 631 1932 662 658 1933 631 633 1934 617 632 1935 649 659 1936 618 634 1937 632 635 1938 662 658 1939 663 660 1940 618 634 1941 650 661 1942 619 636 1943 633 637 1944 663 660 1945 664 662 1946 620 638 1947 650 661 1948 651 663 1949 633 637 1950 665 664 1951 634 639 1952 620 638 1953 652 665 1954 621 640 1955 635 641 1956 665 664 1957 666 666 1958 622 642 1959 652 665 1960 653 667 1961 636 643 1962 666 666 1963 667 668 1964 622 642 1965 654 669 1966 623 644 1967 636 643 1968 668 670 1969 637 645 1970 623 644 1971 655 671 1972 624 646 1973 637 645 1974 669 672 1975 638 647 1976 624 646 1977 656 673 1978 625 648 1979 612 649 1980 1450 11 1981 643 674 1982 638 647 1983 670 675 1984 639 650 1985 626 651 1986 656 673 1987 657 676 1988 613 652 1989 643 674 1990 644 677 1991 640 623 1992 670 675 1993 671 678 1994 626 651 1995 658 679 1996 627 625 1997 614 622 1998 644 677 1999 645 680 2000 641 624 2001 671 678 2002 672 681 2003 628 626 2004 658 679 2005 659 682 2006 614 622 2007 646 683 2008 615 627 2009 641 624 2010 673 654 2011 642 628 2012 628 626 2013 660 655 2014 629 629 2015 649 659 2016 679 684 2017 680 685 2018 663 660 2019 693 686 2020 694 687 2021 649 659 2022 681 688 2023 650 661 2024 664 662 2025 694 687 2026 695 689 2027 650 661 2028 682 690 2029 651 663 2030 664 662 2031 696 691 2032 665 664 2033 651 663 2034 683 692 2035 652 665 2036 666 666 2037 696 691 2038 697 693 2039 653 667 2040 683 692 2041 684 694 2042 667 668 2043 697 693 2044 698 695 2045 653 667 2046 685 696 2047 654 669 2048 668 670 2049 698 695 2050 699 697 2051 655 671 2052 685 696 2053 686 698 2054 669 672 2055 699 697 2056 700 699 2057 655 671 2058 687 700 2059 656 673 2060 643 674 2061 1450 11 2062 674 701 2063 669 672 2064 701 702 2065 670 675 2066 657 676 2067 687 700 2068 688 703 2069 643 674 2070 675 704 2071 644 677 2072 671 678 2073 701 702 2074 702 705 2075 657 676 2076 689 706 2077 658 679 2078 645 680 2079 675 704 2080 676 707 2081 671 678 2082 703 708 2083 672 681 2084 659 682 2085 689 706 2086 690 709 2087 645 680 2088 677 710 2089 646 683 2090 673 654 2091 703 708 2092 704 711 2093 659 682 2094 691 712 2095 660 655 2096 646 683 2097 678 713 2098 647 653 2099 1356 37 2100 673 654 2101 704 711 2102 661 656 2103 691 712 2104 692 714 2105 648 657 2106 678 713 2107 679 684 2108 661 656 2109 693 686 2110 662 658 2111 681 688 2112 713 715 2113 682 690 2114 696 691 2115 726 716 2116 727 717 2117 683 692 2118 713 715 2119 714 718 2120 697 693 2121 727 717 2122 728 719 2123 683 692 2124 715 720 2125 684 694 2126 697 693 2127 729 721 2128 698 695 2129 684 694 2130 716 722 2131 685 696 2132 699 697 2133 729 721 2134 730 723 2135 686 698 2136 716 722 2137 717 724 2138 699 697 2139 731 725 2140 700 699 2141 686 698 2142 718 726 2143 687 700 2144 674 701 2145 1450 11 2146 705 727 2147 700 699 2148 732 728 2149 701 702 2150 688 703 2151 718 726 2152 719 729 2153 674 701 2154 706 730 2155 675 704 2156 702 705 2157 732 728 2158 733 731 2159 688 703 2160 720 732 2161 689 706 2162 675 704 2163 707 733 2164 676 707 2165 702 705 2166 734 734 2167 703 708 2168 690 709 2169 720 732 2170 721 735 2171 677 710 2172 707 733 2173 708 736 2174 703 708 2175 735 737 2176 704 711 2177 690 709 2178 722 738 2179 691 712 2180 678 713 2181 708 736 2182 709 739 2183 1356 37 2184 704 711 2185 735 737 2186 692 714 2187 722 738 2188 723 740 2189 678 713 2190 710 741 2191 679 684 2192 692 714 2193 724 742 2194 693 686 2195 680 685 2196 710 741 2197 711 743 2198 694 687 2199 724 742 2200 725 744 2201 680 685 2202 712 745 2203 681 688 2204 695 689 2205 725 744 2206 726 716 2207 715 720 2208 745 746 2209 746 747 2210 728 719 2211 760 748 2212 729 721 2213 715 720 2214 747 749 2215 716 722 2216 729 721 2217 761 750 2218 730 723 2219 716 722 2220 748 751 2221 717 724 2222 731 725 2223 761 750 2224 762 752 2225 717 724 2226 749 753 2227 718 726 2228 705 727 2229 1450 11 2230 736 754 2231 732 728 2232 762 752 2233 763 755 2234 719 729 2235 749 753 2236 750 756 2237 705 727 2238 737 757 2239 706 730 2240 733 731 2241 763 755 2242 764 758 2243 719 729 2244 751 759 2245 720 732 2246 706 730 2247 738 760 2248 707 733 2249 734 734 2250 764 758 2251 765 761 2252 721 735 2253 751 759 2254 752 762 2255 708 736 2256 738 760 2257 739 763 2258 735 737 2259 765 761 2260 766 764 2261 721 735 2262 753 765 2263 722 738 2264 708 736 2265 740 766 2266 709 739 2267 1356 37 2268 735 737 2269 766 764 2270 723 740 2271 753 765 2272 754 767 2273 709 739 2274 741 768 2275 710 741 2276 723 740 2277 755 769 2278 724 742 2279 710 741 2280 742 770 2281 711 743 2282 725 744 2283 755 769 2284 756 771 2285 711 743 2286 743 772 2287 712 745 2288 726 716 2289 756 771 2290 757 773 2291 712 745 2292 744 774 2293 713 715 2294 727 717 2295 757 773 2296 758 775 2297 713 715 2298 745 746 2299 714 718 2300 727 717 2301 759 776 2302 728 719 2303 748 751 2304 778 777 2305 779 778 2306 762 752 2307 792 779 2308 793 780 2309 748 751 2310 780 781 2311 749 753 2312 736 754 2313 1450 11 2314 767 782 2315 762 752 2316 794 783 2317 763 755 2318 750 756 2319 780 781 2320 781 784 2321 736 754 2322 768 785 2323 737 757 2324 764 758 2325 794 783 2326 795 786 2327 750 756 2328 782 787 2329 751 759 2330 737 757 2331 769 788 2332 738 760 2333 765 761 2334 795 786 2335 796 789 2336 752 762 2337 782 787 2338 783 790 2339 738 760 2340 770 791 2341 739 763 2342 765 761 2343 797 792 2344 766 764 2345 752 762 2346 784 793 2347 753 765 2348 740 766 2349 770 791 2350 771 794 2351 1356 37 2352 766 764 2353 797 792 2354 754 767 2355 784 793 2356 785 795 2357 741 768 2358 771 794 2359 772 796 2360 754 767 2361 786 797 2362 755 769 2363 742 770 2364 772 796 2365 773 798 2366 756 771 2367 786 797 2368 787 799 2369 742 770 2370 774 800 2371 743 772 2372 757 773 2373 787 799 2374 788 801 2375 743 772 2376 775 802 2377 744 774 2378 757 773 2379 789 803 2380 758 775 2381 745 746 2382 775 802 2383 776 804 2384 758 775 2385 790 805 2386 759 776 2387 745 746 2388 777 806 2389 746 747 2390 760 748 2391 790 805 2392 791 807 2393 746 747 2394 778 777 2395 747 749 2396 761 750 2397 791 807 2398 792 779 2399 781 784 2400 811 808 2401 812 809 2402 767 782 2403 799 810 2404 768 785 2405 795 786 2406 825 811 2407 826 812 2408 781 784 2409 813 813 2410 782 787 2411 768 785 2412 800 814 2413 769 788 2414 795 786 2415 827 815 2416 796 789 2417 783 790 2418 813 813 2419 814 816 2420 769 788 2421 801 817 2422 770 791 2423 796 789 2424 828 818 2425 797 792 2426 783 790 2427 815 819 2428 784 793 2429 770 791 2430 802 820 2431 771 794 2432 1356 37 2433 797 792 2434 828 818 2435 785 795 2436 815 819 2437 816 821 2438 771 794 2439 803 822 2440 772 796 2441 785 795 2442 817 823 2443 786 797 2444 773 798 2445 803 822 2446 804 824 2447 787 799 2448 817 823 2449 818 825 2450 774 800 2451 804 824 2452 805 826 2453 788 801 2454 818 825 2455 819 827 2456 774 800 2457 806 828 2458 775 802 2459 788 801 2460 820 829 2461 789 803 2462 776 804 2463 806 828 2464 807 830 2465 789 803 2466 821 831 2467 790 805 2468 777 806 2469 807 830 2470 808 832 2471 790 805 2472 822 833 2473 791 807 2474 777 806 2475 809 834 2476 778 777 2477 791 807 2478 823 835 2479 792 779 2480 779 778 2481 809 834 2482 810 836 2483 793 780 2484 823 835 2485 824 837 2486 779 778 2487 811 808 2488 780 781 2489 767 782 2490 1450 11 2491 798 838 2492 793 780 2493 825 811 2494 794 783 2495 802 820 2496 832 839 2497 833 840 2498 1356 37 2499 828 818 2500 859 841 2501 816 821 2502 846 842 2503 847 843 2504 803 822 2505 833 840 2506 834 844 2507 816 821 2508 848 845 2509 817 823 2510 804 824 2511 834 844 2512 835 846 2513 818 825 2514 848 845 2515 849 847 2516 804 824 2517 836 848 2518 805 826 2519 819 827 2520 849 847 2521 850 849 2522 805 826 2523 837 850 2524 806 828 2525 819 827 2526 851 851 2527 820 829 2528 806 828 2529 838 852 2530 807 830 2531 821 831 2532 851 851 2533 852 853 2534 808 832 2535 838 852 2536 839 854 2537 821 831 2538 853 855 2539 822 833 2540 808 832 2541 840 856 2542 809 834 2543 822 833 2544 854 857 2545 823 835 2546 810 836 2547 840 856 2548 841 858 2549 824 837 2550 854 857 2551 855 859 2552 810 836 2553 842 860 2554 811 808 2555 798 838 2556 1450 11 2557 829 861 2558 824 837 2559 856 862 2560 825 811 2561 812 809 2562 842 860 2563 843 863 2564 798 838 2565 830 864 2566 799 810 2567 826 812 2568 856 862 2569 857 865 2570 813 813 2571 843 863 2572 844 866 2573 799 810 2574 831 867 2575 800 814 2576 827 815 2577 857 865 2578 858 868 2579 813 813 2580 845 869 2581 814 816 2582 801 817 2583 831 867 2584 832 839 2585 828 818 2586 858 868 2587 859 841 2588 814 816 2589 846 842 2590 815 819 2591 834 844 2592 866 870 2593 835 846 2594 849 847 2595 879 871 2596 880 872 2597 835 846 2598 867 873 2599 836 848 2600 850 849 2601 880 872 2602 881 874 2603 836 848 2604 868 875 2605 837 850 2606 850 849 2607 882 876 2608 851 851 2609 838 852 2610 868 875 2611 869 877 2612 851 851 2613 883 878 2614 852 853 2615 839 854 2616 869 877 2617 870 879 2618 853 855 2619 883 878 2620 884 880 2621 839 854 2622 871 881 2623 840 856 2624 854 857 2625 884 880 2626 885 882 2627 841 858 2628 871 881 2629 872 883 2630 854 857 2631 886 884 2632 855 859 2633 841 858 2634 873 885 2635 842 860 2636 829 861 2637 1450 11 2638 860 886 2639 855 859 2640 887 887 2641 856 862 2642 843 863 2643 873 885 2644 874 888 2645 829 861 2646 861 889 2647 830 864 2648 857 865 2649 887 887 2650 888 890 2651 844 866 2652 874 888 2653 875 891 2654 830 864 2655 862 892 2656 831 867 2657 858 868 2658 888 890 2659 889 893 2660 844 866 2661 876 894 2662 845 869 2663 832 839 2664 862 892 2665 863 895 2666 859 841 2667 889 893 2668 890 896 2669 845 869 2670 877 897 2671 846 842 2672 832 839 2673 864 898 2674 833 840 2675 1356 37 2676 859 841 2677 890 896 2678 847 843 2679 877 897 2680 878 899 2681 833 840 2682 865 900 2683 834 844 2684 847 843 2685 879 871 2686 848 845 2687 867 873 2688 899 901 2689 868 875 2690 881 874 2691 913 902 2692 882 876 2693 868 875 2694 900 903 2695 869 877 2696 882 876 2697 914 904 2698 883 878 2699 870 879 2700 900 903 2701 901 905 2702 884 880 2703 914 904 2704 915 906 2705 870 879 2706 902 907 2707 871 881 2708 885 882 2709 915 906 2710 916 908 2711 872 883 2712 902 907 2713 903 909 2714 885 882 2715 917 910 2716 886 884 2717 872 883 2718 904 911 2719 873 885 2720 860 886 2721 1450 11 2722 891 912 2723 886 884 2724 918 913 2725 887 887 2726 874 888 2727 904 911 2728 905 914 2729 860 886 2730 892 915 2731 861 889 2732 887 887 2733 919 916 2734 888 890 2735 875 891 2736 905 914 2737 906 917 2738 861 889 2739 893 918 2740 862 892 2741 888 890 2742 920 919 2743 889 893 2744 875 891 2745 907 920 2746 876 894 2747 863 895 2748 893 918 2749 894 921 2750 889 893 2751 921 922 2752 890 896 2753 876 894 2754 908 923 2755 877 897 2756 863 895 2757 895 924 2758 864 898 2759 1356 37 2760 890 896 2761 921 922 2762 878 899 2763 908 923 2764 909 925 2765 864 898 2766 896 926 2767 865 900 2768 878 899 2769 910 927 2770 879 871 2771 866 870 2772 896 926 2773 897 928 2774 880 872 2775 910 927 2776 911 929 2777 866 870 2778 898 930 2779 867 873 2780 881 874 2781 911 929 2782 912 931 2783 901 905 2784 931 932 2785 932 933 2786 914 904 2787 946 934 2788 915 906 2789 901 905 2790 933 935 2791 902 907 2792 916 908 2793 946 934 2794 947 936 2795 903 909 2796 933 935 2797 934 937 2798 917 910 2799 947 936 2800 948 938 2801 903 909 2802 935 939 2803 904 911 2804 891 912 2805 1450 11 2806 922 940 2807 917 910 2808 949 941 2809 918 913 2810 905 914 2811 935 939 2812 936 942 2813 891 912 2814 923 943 2815 892 915 2816 918 913 2817 950 944 2818 919 916 2819 906 917 2820 936 942 2821 937 945 2822 892 915 2823 924 946 2824 893 918 2825 920 919 2826 950 944 2827 951 947 2828 906 917 2829 938 948 2830 907 920 2831 894 921 2832 924 946 2833 925 949 2834 921 922 2835 951 947 2836 952 950 2837 907 920 2838 939 951 2839 908 923 2840 895 924 2841 925 949 2842 926 952 2843 1356 37 2844 921 922 2845 952 950 2846 909 925 2847 939 951 2848 940 953 2849 896 926 2850 926 952 2851 927 954 2852 909 925 2853 941 955 2854 910 927 2855 897 928 2856 927 954 2857 928 956 2858 911 929 2859 941 955 2860 942 957 2861 898 930 2862 928 956 2863 929 958 2864 912 931 2865 942 957 2866 943 959 2867 898 930 2868 930 960 2869 899 901 2870 912 931 2871 944 961 2872 913 902 2873 900 903 2874 930 960 2875 931 932 2876 913 902 2877 945 962 2878 914 904 2879 934 937 2880 964 963 2881 965 964 2882 948 938 2883 978 965 2884 979 966 2885 934 937 2886 966 967 2887 935 939 2888 922 940 2889 1450 11 2890 953 968 2891 949 941 2892 979 966 2893 980 969 2894 936 942 2895 966 967 2896 967 970 2897 922 940 2898 954 971 2899 923 943 2900 950 944 2901 980 969 2902 981 972 2903 937 945 2904 967 970 2905 968 973 2906 923 943 2907 955 974 2908 924 946 2909 950 944 2910 982 975 2911 951 947 2912 937 945 2913 969 976 2914 938 948 2915 924 946 2916 956 977 2917 925 949 2918 951 947 2919 983 978 2920 952 950 2921 938 948 2922 970 979 2923 939 951 2924 925 949 2925 957 980 2926 926 952 2927 1356 37 2928 952 950 2929 983 978 2930 940 953 2931 970 979 2932 971 981 2933 927 954 2934 957 980 2935 958 982 2936 940 953 2937 972 983 2938 941 955 2939 928 956 2940 958 982 2941 959 984 2942 942 957 2943 972 983 2944 973 985 2945 928 956 2946 960 986 2947 929 958 2948 943 959 2949 973 985 2950 974 987 2951 930 960 2952 960 986 2953 961 988 2954 943 959 2955 975 989 2956 944 961 2957 930 960 2958 962 990 2959 931 932 2960 944 961 2961 976 991 2962 945 962 2963 932 933 2964 962 990 2965 963 992 2966 945 962 2967 977 993 2968 946 934 2969 932 933 2970 964 963 2971 933 935 2972 947 936 2973 977 993 2974 978 965 2975 967 970 2976 997 994 2977 998 995 2978 953 968 2979 985 996 2980 954 971 2981 980 969 2982 1012 997 2983 981 972 2984 968 973 2985 998 995 2986 999 998 2987 954 971 2988 986 999 2989 955 974 2990 982 975 2991 1012 997 2992 1013 1000 2993 968 973 2994 1000 1001 2995 969 976 2996 956 977 2997 986 999 2998 987 1002 2999 983 978 3000 1013 1000 3001 1014 1003 3002 969 976 3003 1001 1004 3004 970 979 3005 956 977 3006 988 1005 3007 957 980 3008 1356 37 3009 983 978 3010 1014 1003 3011 971 981 3012 1001 1004 3013 1002 1006 3014 957 980 3015 989 1007 3016 958 982 3017 971 981 3018 1003 1008 3019 972 983 3020 959 984 3021 989 1007 3022 990 1009 3023 973 985 3024 1003 1008 3025 1004 1010 3026 960 986 3027 990 1009 3028 991 1011 3029 974 987 3030 1004 1010 3031 1005 1012 3032 961 988 3033 991 1011 3034 992 1013 3035 975 989 3036 1005 1012 3037 1006 1014 3038 961 988 3039 993 1015 3040 962 990 3041 975 989 3042 1007 1016 3043 976 991 3044 963 992 3045 993 1015 3046 994 1017 3047 977 993 3048 1007 1016 3049 1008 1018 3050 963 992 3051 995 1019 3052 964 963 3053 978 965 3054 1008 1018 3055 1009 1020 3056 965 964 3057 995 1019 3058 996 1021 3059 978 965 3060 1010 1022 3061 979 966 3062 965 964 3063 997 994 3064 966 967 3065 953 968 3066 1450 11 3067 984 1023 3068 979 966 3069 1011 1024 3070 980 969 3071 999 998 3072 1031 1025 3073 1000 1001 3074 987 1002 3075 1017 1026 3076 1018 1027 3077 1013 1000 3078 1045 1028 3079 1014 1003 3080 1000 1001 3081 1032 1029 3082 1001 1004 3083 987 1002 3084 1019 1030 3085 988 1005 3086 1356 37 3087 1014 1003 3088 1045 1028 3089 1002 1006 3090 1032 1029 3091 1033 1031 3092 988 1005 3093 1020 1032 3094 989 1007 3095 1002 1006 3096 1034 1033 3097 1003 1008 3098 990 1009 3099 1020 1032 3100 1021 1034 3101 1004 1010 3102 1034 1033 3103 1035 1035 3104 990 1009 3105 1022 1036 3106 991 1011 3107 1005 1012 3108 1035 1035 3109 1036 1037 3110 991 1011 3111 1023 1038 3112 992 1013 3113 1006 1014 3114 1036 1037 3115 1037 1039 3116 992 1013 3117 1024 1040 3118 993 1015 3119 1006 1014 3120 1038 1041 3121 1007 1016 3122 994 1017 3123 1024 1040 3124 1025 1042 3125 1007 1016 3126 1039 1043 3127 1008 1018 3128 994 1017 3129 1026 1044 3130 995 1019 3131 1009 1020 3132 1039 1043 3133 1040 1045 3134 996 1021 3135 1026 1044 3136 1027 1046 3137 1010 1022 3138 1040 1045 3139 1041 1047 3140 996 1021 3141 1028 1048 3142 997 994 3143 984 1023 3144 1450 11 3145 1015 1049 3146 1011 1024 3147 1041 1047 3148 1042 1050 3149 998 995 3150 1028 1048 3151 1029 1051 3152 984 1023 3153 1016 1052 3154 985 996 3155 1012 997 3156 1042 1050 3157 1043 1053 3158 999 998 3159 1029 1051 3160 1030 1054 3161 985 996 3162 1017 1026 3163 986 999 3164 1013 1000 3165 1043 1053 3166 1044 1055 3167 1033 1031 3168 1063 1056 3169 1064 1057 3170 1019 1030 3171 1051 1058 3172 1020 1032 3173 1033 1031 3174 1065 1059 3175 1034 1033 3176 1020 1032 3177 1052 1060 3178 1021 1034 3179 1035 1035 3180 1065 1059 3181 1066 1061 3182 1022 1036 3183 1052 1060 3184 1053 1062 3185 1036 1037 3186 1066 1061 3187 1067 1063 3188 1022 1036 3189 1054 1064 3190 1023 1038 3191 1036 1037 3192 1068 1065 3193 1037 1039 3194 1023 1038 3195 1055 1066 3196 1024 1040 3197 1037 1039 3198 1069 1067 3199 1038 1041 3200 1025 1042 3201 1055 1066 3202 1056 1068 3203 1038 1041 3204 1070 1069 3205 1039 1043 3206 1025 1042 3207 1057 1070 3208 1026 1044 3209 1039 1043 3210 1071 1071 3211 1040 1045 3212 1027 1046 3213 1057 1070 3214 1058 1072 3215 1040 1045 3216 1072 1073 3217 1041 1047 3218 1027 1046 3219 1059 1074 3220 1028 1048 3221 1015 1049 3222 1450 11 3223 1046 1075 3224 1041 1047 3225 1073 1076 3226 1042 1050 3227 1029 1051 3228 1059 1074 3229 1060 1077 3230 1015 1049 3231 1047 1078 3232 1016 1052 3233 1042 1050 3234 1074 1079 3235 1043 1053 3236 1030 1054 3237 1060 1077 3238 1061 1080 3239 1016 1052 3240 1048 1081 3241 1017 1026 3242 1044 1055 3243 1074 1079 3244 1075 1082 3245 1030 1054 3246 1062 1083 3247 1031 1025 3248 1018 1027 3249 1048 1081 3250 1049 1084 3251 1045 1028 3252 1075 1082 3253 1076 1085 3254 1031 1025 3255 1063 1056 3256 1032 1029 3257 1019 1030 3258 1049 1084 3259 1050 1086 3260 1356 37 3261 1045 1028 3262 1076 1085 3263 1066 1061 3264 1096 1087 3265 1097 1088 3266 1053 1062 3267 1083 1089 3268 1084 1090 3269 1067 1063 3270 1097 1088 3271 1098 1091 3272 1053 1062 3273 1085 1092 3274 1054 1064 3275 1068 1065 3276 1098 1091 3277 1099 1093 3278 1054 1064 3279 1086 1094 3280 1055 1066 3281 1068 1065 3282 1100 1095 3283 1069 1067 3284 1056 1068 3285 1086 1094 3286 1087 1096 3287 1070 1069 3288 1100 1095 3289 1101 1097 3290 1056 1068 3291 1088 1098 3292 1057 1070 3293 1071 1071 3294 1101 1097 3295 1102 1099 3296 1058 1072 3297 1088 1098 3298 1089 1100 3299 1072 1073 3300 1102 1099 3301 1103 1101 3302 1058 1072 3303 1090 1102 3304 1059 1074 3305 1046 1075 3306 1450 11 3307 1077 1103 3308 1072 1073 3309 1104 1104 3310 1073 1076 3311 1060 1077 3312 1090 1102 3313 1091 1105 3314 1046 1075 3315 1078 1106 3316 1047 1078 3317 1074 1079 3318 1104 1104 3319 1105 1107 3320 1061 1080 3321 1091 1105 3322 1092 1108 3323 1047 1078 3324 1079 1109 3325 1048 1081 3326 1074 1079 3327 1106 1110 3328 1075 1082 3329 1061 1080 3330 1093 1111 3331 1062 1083 3332 1048 1081 3333 1080 1112 3334 1049 1084 3335 1075 1082 3336 1107 1113 3337 1076 1085 3338 1062 1083 3339 1094 1114 3340 1063 1056 3341 1049 1084 3342 1081 1115 3343 1050 1086 3344 1356 37 3345 1076 1085 3346 1107 1113 3347 1064 1057 3348 1094 1114 3349 1095 1116 3350 1050 1086 3351 1082 1117 3352 1051 1058 3353 1064 1057 3354 1096 1087 3355 1065 1059 3356 1052 1060 3357 1082 1117 3358 1083 1089 3359 1099 1093 3360 1129 1118 3361 1130 1119 3362 1086 1094 3363 1116 1120 3364 1117 1121 3365 1099 1093 3366 1131 1122 3367 1100 1095 3368 1087 1096 3369 1117 1121 3370 1118 1123 3371 1100 1095 3372 1132 1124 3373 1101 1097 3374 1087 1096 3375 1119 1125 3376 1088 1098 3377 1101 1097 3378 1133 1126 3379 1102 1099 3380 1089 1100 3381 1119 1125 3382 1120 1127 3383 1102 1099 3384 1134 1128 3385 1103 1101 3386 1089 1100 3387 1121 1129 3388 1090 1102 3389 1077 1103 3390 1450 11 3391 1108 1130 3392 1104 1104 3393 1134 1128 3394 1135 1131 3395 1091 1105 3396 1121 1129 3397 1122 1132 3398 1077 1103 3399 1109 1133 3400 1078 1106 3401 1105 1107 3402 1135 1131 3403 1136 1134 3404 1092 1108 3405 1122 1132 3406 1123 1135 3407 1078 1106 3408 1110 1136 3409 1079 1109 3410 1105 1107 3411 1137 1137 3412 1106 1110 3413 1092 1108 3414 1124 1138 3415 1093 1111 3416 1080 1112 3417 1110 1136 3418 1111 1139 3419 1106 1110 3420 1138 1140 3421 1107 1113 3422 1093 1111 3423 1125 1141 3424 1094 1114 3425 1081 1115 3426 1111 1139 3427 1112 1142 3428 1356 37 3429 1107 1113 3430 1138 1140 3431 1095 1116 3432 1125 1141 3433 1126 1143 3434 1081 1115 3435 1113 1144 3436 1082 1117 3437 1095 1116 3438 1127 1145 3439 1096 1087 3440 1082 1117 3441 1114 1146 3442 1083 1089 3443 1097 1088 3444 1127 1145 3445 1128 1147 3446 1084 1090 3447 1114 1146 3448 1115 1148 3449 1098 1091 3450 1128 1147 3451 1129 1118 3452 1085 1092 3453 1115 1148 3454 1116 1120 3455 1132 1124 3456 1162 1149 3457 1163 1150 3458 1118 1123 3459 1150 1151 3460 1119 1125 3461 1133 1126 3462 1163 1150 3463 1164 1152 3464 1120 1127 3465 1150 1151 3466 1151 1153 3467 1134 1128 3468 1164 1152 3469 1165 1154 3470 1120 1127 3471 1152 1155 3472 1121 1129 3473 1108 1130 3474 1450 11 3475 1139 1156 3476 1135 1131 3477 1165 1154 3478 1166 1157 3479 1122 1132 3480 1152 1155 3481 1153 1158 3482 1108 1130 3483 1140 1159 3484 1109 1133 3485 1136 1134 3486 1166 1157 3487 1167 1160 3488 1123 1135 3489 1153 1158 3490 1154 1161 3491 1109 1133 3492 1141 1162 3493 1110 1136 3494 1137 1137 3495 1167 1160 3496 1168 1163 3497 1123 1135 3498 1155 1164 3499 1124 1138 3500 1110 1136 3501 1142 1165 3502 1111 1139 3503 1138 1140 3504 1168 1163 3505 1169 1166 3506 1124 1138 3507 1156 1167 3508 1125 1141 3509 1111 1139 3510 1143 1168 3511 1112 1142 3512 1356 37 3513 1138 1140 3514 1169 1166 3515 1126 1143 3516 1156 1167 3517 1157 1169 3518 1113 1144 3519 1143 1168 3520 1144 1170 3521 1126 1143 3522 1158 1171 3523 1127 1145 3524 1114 1146 3525 1144 1170 3526 1145 1172 3527 1128 1147 3528 1158 1171 3529 1159 1173 3530 1114 1146 3531 1146 1174 3532 1115 1148 3533 1129 1118 3534 1159 1173 3535 1160 1175 3536 1115 1148 3537 1147 1176 3538 1116 1120 3539 1130 1119 3540 1160 1175 3541 1161 1177 3542 1116 1120 3543 1148 1178 3544 1117 1121 3545 1130 1119 3546 1162 1149 3547 1131 1122 3548 1117 1121 3549 1149 1179 3550 1118 1123 3551 1165 1154 3552 1195 1180 3553 1196 1181 3554 1151 1153 3555 1183 1182 3556 1152 1155 3557 1139 1156 3558 1450 11 3559 1170 1183 3560 1165 1154 3561 1197 1184 3562 1166 1157 3563 1153 1158 3564 1183 1182 3565 1184 1185 3566 1139 1156 3567 1171 1186 3568 1140 1159 3569 1167 1160 3570 1197 1184 3571 1198 1187 3572 1153 1158 3573 1185 1188 3574 1154 1161 3575 1140 1159 3576 1172 1189 3577 1141 1162 3578 1167 1160 3579 1199 1190 3580 1168 1163 3581 1155 1164 3582 1185 1188 3583 1186 1191 3584 1141 1162 3585 1173 1192 3586 1142 1165 3587 1168 1163 3588 1200 1193 3589 1169 1166 3590 1155 1164 3591 1187 1194 3592 1156 1167 3593 1142 1165 3594 1174 1195 3595 1143 1168 3596 1356 37 3597 1169 1166 3598 1200 1193 3599 1157 1169 3600 1187 1194 3601 1188 1196 3602 1143 1168 3603 1175 1197 3604 1144 1170 3605 1157 1169 3606 1189 1198 3607 1158 1171 3608 1144 1170 3609 1176 1199 3610 1145 1172 3611 1159 1173 3612 1189 1198 3613 1190 1200 3614 1145 1172 3615 1177 1201 3616 1146 1174 3617 1160 1175 3618 1190 1200 3619 1191 1202 3620 1146 1174 3621 1178 1203 3622 1147 1176 3623 1161 1177 3624 1191 1202 3625 1192 1204 3626 1148 1178 3627 1178 1203 3628 1179 1205 3629 1161 1177 3630 1193 1206 3631 1162 1149 3632 1148 1178 3633 1180 1207 3634 1149 1179 3635 1163 1150 3636 1193 1206 3637 1194 1208 3638 1149 1179 3639 1181 1209 3640 1150 1151 3641 1164 1152 3642 1194 1208 3643 1195 1180 3644 1151 1153 3645 1181 1209 3646 1182 1210 3647 1170 1183 3648 1202 1211 3649 1171 1186 3650 1198 1187 3651 1228 1212 3652 1229 1213 3653 1185 1188 3654 1215 1214 3655 1216 1215 3656 1171 1186 3657 1203 1216 3658 1172 1189 3659 1199 1190 3660 1229 1213 3661 1230 1217 3662 1185 1188 3663 1217 1218 3664 1186 1191 3665 1173 1192 3666 1203 1216 3667 1204 1219 3668 1200 1193 3669 1230 1217 3670 1231 1220 3671 1186 1191 3672 1218 1221 3673 1187 1194 3674 1174 1195 3675 1204 1219 3676 1205 1222 3677 1356 37 3678 1200 1193 3679 1231 1220 3680 1188 1196 3681 1218 1221 3682 1219 1223 3683 1175 1197 3684 1205 1222 3685 1206 1224 3686 1188 1196 3687 1220 1225 3688 1189 1198 3689 1176 1199 3690 1206 1224 3691 1207 1226 3692 1190 1200 3693 1220 1225 3694 1221 1227 3695 1177 1201 3696 1207 1226 3697 1208 1228 3698 1191 1202 3699 1221 1227 3700 1222 1229 3701 1177 1201 3702 1209 1230 3703 1178 1203 3704 1192 1204 3705 1222 1229 3706 1223 1231 3707 1179 1205 3708 1209 1230 3709 1210 1232 3710 1192 1204 3711 1224 1233 3712 1193 1206 3713 1179 1205 3714 1211 1234 3715 1180 1207 3716 1194 1208 3717 1224 1233 3718 1225 1235 3719 1180 1207 3720 1212 1236 3721 1181 1209 3722 1194 1208 3723 1226 1237 3724 1195 1180 3725 1182 1210 3726 1212 1236 3727 1213 1238 3728 1196 1181 3729 1226 1237 3730 1227 1239 3731 1182 1210 3732 1214 1240 3733 1183 1182 3734 1170 1183 3735 1450 11 3736 1201 1241 3737 1196 1181 3738 1228 1212 3739 1197 1184 3740 1184 1185 3741 1214 1240 3742 1215 1214 3743 1204 1219 3744 1234 1242 3745 1235 1243 3746 1231 1220 3747 1261 1244 3748 1262 1245 3749 1217 1218 3750 1249 1246 3751 1218 1221 3752 1204 1219 3753 1236 1247 3754 1205 1222 3755 1356 37 3756 1231 1220 3757 1262 1245 3758 1219 1223 3759 1249 1246 3760 1250 1248 3761 1205 1222 3762 1237 1249 3763 1206 1224 3764 1219 1223 3765 1251 1250 3766 1220 1225 3767 1206 1224 3768 1238 1251 3769 1207 1226 3770 1221 1227 3771 1251 1250 3772 1252 1252 3773 1207 1226 3774 1239 1253 3775 1208 1228 3776 1222 1229 3777 1252 1252 3778 1253 1254 3779 1208 1228 3780 1240 1255 3781 1209 1230 3782 1222 1229 3783 1254 1256 3784 1223 1231 3785 1210 1232 3786 1240 1255 3787 1241 1257 3788 1223 1231 3789 1255 1258 3790 1224 1233 3791 1210 1232 3792 1242 1259 3793 1211 1234 3794 1224 1233 3795 1256 1260 3796 1225 1235 3797 1211 1234 3798 1243 1261 3799 1212 1236 3800 1226 1237 3801 1256 1260 3802 1257 1262 3803 1213 1238 3804 1243 1261 3805 1244 1263 3806 1227 1239 3807 1257 1262 3808 1258 1264 3809 1213 1238 3810 1245 1265 3811 1214 1240 3812 1201 1241 3813 1450 11 3814 1232 1266 3815 1228 1212 3816 1258 1264 3817 1259 1267 3818 1215 1214 3819 1245 1265 3820 1246 1268 3821 1201 1241 3822 1233 1269 3823 1202 1211 3824 1229 1213 3825 1259 1267 3826 1260 1270 3827 1216 1215 3828 1246 1268 3829 1247 1271 3830 1202 1211 3831 1234 1242 3832 1203 1216 3833 1229 1213 3834 1261 1244 3835 1230 1217 3836 1216 1215 3837 1248 1272 3838 1217 1218 3839 1237 1249 3840 1267 1273 3841 1268 1274 3842 1250 1248 3843 1282 1275 3844 1251 1250 3845 1237 1249 3846 1269 1276 3847 1238 1251 3848 1252 1252 3849 1282 1275 3850 1283 1277 3851 1239 1253 3852 1269 1276 3853 1270 1278 3854 1253 1254 3855 1283 1277 3856 1284 1279 3857 1240 1255 3858 1270 1278 3859 1271 1280 3860 1253 1254 3861 1285 1281 3862 1254 1256 3863 1241 1257 3864 1271 1280 3865 1272 1282 3866 1254 1256 3867 1286 1283 3868 1255 1258 3869 1241 1257 3870 1273 1284 3871 1242 1259 3872 1256 1260 3873 1286 1283 3874 1287 1285 3875 1242 1259 3876 1274 1286 3877 1243 1261 3878 1256 1260 3879 1288 1287 3880 1257 1262 3881 1244 1263 3882 1274 1286 3883 1275 1288 3884 1258 1264 3885 1288 1287 3886 1289 1289 3887 1244 1263 3888 1276 1290 3889 1245 1265 3890 1232 1266 3891 1450 11 3892 1263 1291 3893 1258 1264 3894 1290 1292 3895 1259 1267 3896 1246 1268 3897 1276 1290 3898 1277 1293 3899 1232 1266 3900 1264 1294 3901 1233 1269 3902 1260 1270 3903 1290 1292 3904 1291 1295 3905 1247 1271 3906 1277 1293 3907 1278 1296 3908 1233 1269 3909 1265 1297 3910 1234 1242 3911 1260 1270 3912 1292 1298 3913 1261 1244 3914 1247 1271 3915 1279 1299 3916 1248 1272 3917 1234 1242 3918 1266 1300 3919 1235 1243 3920 1261 1244 3921 1293 1301 3922 1262 1245 3923 1248 1272 3924 1280 1302 3925 1249 1246 3926 1235 1243 3927 1267 1273 3928 1236 1247 3929 1356 37 3930 1262 1245 3931 1293 1301 3932 1250 1248 3933 1280 1302 3934 1281 1303 3935 1270 1278 3936 1300 1304 3937 1301 1305 3938 1284 1279 3939 1314 1306 3940 1315 1307 3941 1270 1278 3942 1302 1308 3943 1271 1280 3944 1284 1279 3945 1316 1309 3946 1285 1281 3947 1272 1282 3948 1302 1308 3949 1303 1310 3950 1285 1281 3951 1317 1311 3952 1286 1283 3953 1272 1282 3954 1304 1312 3955 1273 1284 3956 1286 1283 3957 1318 1313 3958 1287 1285 3959 1274 1286 3960 1304 1312 3961 1305 1314 3962 1288 1287 3963 1318 1313 3964 1319 1315 3965 1275 1288 3966 1305 1314 3967 1306 1316 3968 1289 1289 3969 1319 1315 3970 1320 1317 3971 1275 1288 3972 1307 1318 3973 1276 1290 3974 1263 1291 3975 1450 11 3976 1294 1319 3977 1290 1292 3978 1320 1317 3979 1321 1320 3980 1277 1293 3981 1307 1318 3982 1308 1321 3983 1263 1291 3984 1295 1322 3985 1264 1294 3986 1291 1295 3987 1321 1320 3988 1322 1323 3989 1278 1296 3990 1308 1321 3991 1309 1324 3992 1264 1294 3993 1296 1325 3994 1265 1297 3995 1291 1295 3996 1323 1326 3997 1292 1298 3998 1278 1296 3999 1310 1327 4000 1279 1299 4001 1265 1297 4002 1297 1328 4003 1266 1300 4004 1292 1298 4005 1324 1329 4006 1293 1301 4007 1279 1299 4008 1311 1330 4009 1280 1302 4010 1267 1273 4011 1297 1328 4012 1298 1331 4013 1356 37 4014 1293 1301 4015 1324 1329 4016 1281 1303 4017 1311 1330 4018 1312 1332 4019 1267 1273 4020 1299 1333 4021 1268 1274 4022 1281 1303 4023 1313 1334 4024 1282 1275 4025 1268 1274 4026 1300 1304 4027 1269 1276 4028 1283 1277 4029 1313 1334 4030 1314 1306 4031 1303 1310 4032 1333 1335 4033 1334 1336 4034 1316 1309 4035 1348 1337 4036 1317 1311 4037 1303 1310 4038 1335 1338 4039 1304 1312 4040 1318 1313 4041 1348 1337 4042 1349 1339 4043 1304 1312 4044 1336 1340 4045 1305 1314 4046 1318 1313 4047 1350 1341 4048 1319 1315 4049 1306 1316 4050 1336 1340 4051 1337 1342 4052 1320 1317 4053 1350 1341 4054 1351 1343 4055 1306 1316 4056 1338 1344 4057 1307 1318 4058 1294 1319 4059 1450 11 4060 1325 1345 4061 1320 1317 4062 1352 1346 4063 1321 1320 4064 1308 1321 4065 1338 1344 4066 1339 1347 4067 1294 1319 4068 1326 1348 4069 1295 1322 4070 1322 1323 4071 1352 1346 4072 1353 1349 4073 1309 1324 4074 1339 1347 4075 1340 1350 4076 1295 1322 4077 1327 1351 4078 1296 1325 4079 1322 1323 4080 1354 1352 4081 1323 1326 4082 1309 1324 4083 1341 1353 4084 1310 1327 4085 1296 1325 4086 1328 1354 4087 1297 1328 4088 1323 1326 4089 1355 1355 4090 1324 1329 4091 1310 1327 4092 1342 1356 4093 1311 1330 4094 1297 1328 4095 1329 1357 4096 1298 1331 4097 1356 37 4098 1324 1329 4099 1355 1355 4100 1312 1332 4101 1342 1356 4102 1343 1358 4103 1299 1333 4104 1329 1357 4105 1330 1359 4106 1312 1332 4107 1344 1360 4108 1313 1334 4109 1300 1304 4110 1330 1359 4111 1331 1361 4112 1314 1306 4113 1344 1360 4114 1345 1362 4115 1301 1305 4116 1331 1361 4117 1332 1363 4118 1314 1306 4119 1346 1364 4120 1315 1307 4121 1301 1305 4122 1333 1335 4123 1302 1308 4124 1316 1309 4125 1346 1364 4126 1347 1365 4127 1335 1338 4128 1368 1366 4129 1336 1340 4130 1349 1339 4131 1382 1367 4132 1350 1341 4133 1337 1342 4134 1368 1366 4135 1369 1368 4136 1350 1341 4137 1383 1369 4138 1351 1343 4139 1337 1342 4140 1370 1370 4141 1338 1344 4142 1325 1345 4143 1450 11 4144 1357 1371 4145 1351 1343 4146 1384 1372 4147 1352 1346 4148 1339 1347 4149 1370 1370 4150 1371 1373 4151 1326 1348 4152 1357 1371 4153 1358 1374 4154 1353 1349 4155 1384 1372 4156 1385 1375 4157 1339 1347 4158 1372 1376 4159 1340 1350 4160 1327 1351 4161 1358 1374 4162 1359 1377 4163 1353 1349 4164 1386 1378 4165 1354 1352 4166 1341 1353 4167 1372 1376 4168 1373 1379 4169 1327 1351 4170 1360 1380 4171 1328 1354 4172 1354 1352 4173 1387 1381 4174 1355 1355 4175 1341 1353 4176 1374 1382 4177 1342 1356 4178 1328 1354 4179 1361 1383 4180 1329 1357 4181 1356 37 4182 1355 1355 4183 1387 1381 4184 1343 1358 4185 1374 1382 4186 1375 1384 4187 1330 1359 4188 1361 1383 4189 1362 1385 4190 1343 1358 4191 1376 1386 4192 1344 1360 4193 1331 1361 4194 1362 1385 4195 1363 1387 4196 1345 1362 4197 1376 1386 4198 1377 1388 4199 1332 1363 4200 1363 1387 4201 1364 1389 4202 1345 1362 4203 1378 1390 4204 1346 1364 4205 1333 1335 4206 1364 1389 4207 1365 1391 4208 1346 1364 4209 1379 1392 4210 1347 1365 4211 1334 1336 4212 1365 1391 4213 1366 1393 4214 1347 1365 4215 1380 1394 4216 1348 1337 4217 1334 1336 4218 1367 1395 4219 1335 1338 4220 1349 1339 4221 1380 1394 4222 1381 1396 4223 1369 1368 4224 1401 1397 4225 1370 1370 4226 1357 1371 4227 1450 11 4228 1388 1398 4229 1383 1369 4230 1415 1399 4231 1384 1372 4232 1371 1373 4233 1401 1397 4234 1402 1400 4235 1357 1371 4236 1389 1401 4237 1358 1374 4238 1385 1375 4239 1415 1399 4240 1416 1402 4241 1371 1373 4242 1403 1403 4243 1372 1376 4244 1358 1374 4245 1390 1404 4246 1359 1377 4247 1386 1378 4248 1416 1402 4249 1417 1405 4250 1373 1379 4251 1403 1403 4252 1404 1406 4253 1360 1380 4254 1390 1404 4255 1391 1407 4256 1387 1381 4257 1417 1405 4258 1418 1408 4259 1373 1379 4260 1405 1409 4261 1374 1382 4262 1361 1383 4263 1391 1407 4264 1392 1410 4265 1356 37 4266 1387 1381 4267 1418 1408 4268 1375 1384 4269 1405 1409 4270 1406 1411 4271 1361 1383 4272 1393 1412 4273 1362 1385 4274 1375 1384 4275 1407 1413 4276 1376 1386 4277 1363 1387 4278 1393 1412 4279 1394 1414 4280 1377 1388 4281 1407 1413 4282 1408 1415 4283 1364 1389 4284 1394 1414 4285 1395 1416 4286 1378 1390 4287 1408 1415 4288 1409 1417 4289 1364 1389 4290 1396 1418 4291 1365 1391 4292 1379 1392 4293 1409 1417 4294 1410 1419 4295 1366 1393 4296 1396 1418 4297 1397 1420 4298 1379 1392 4299 1411 1421 4300 1380 1394 4301 1366 1393 4302 1398 1422 4303 1367 1395 4304 1381 1396 4305 1411 1421 4306 1412 1423 4307 1368 1366 4308 1398 1422 4309 1399 1424 4310 1381 1396 4311 1413 1425 4312 1382 1367 4313 1369 1368 4314 1399 1424 4315 1400 1426 4316 1383 1369 4317 1413 1425 4318 1414 1427 4319 1402 1400 4320 1434 1428 4321 1403 1403 4322 1389 1401 4323 1421 1429 4324 1390 1404 4325 1416 1402 4326 1448 1430 4327 1417 1405 4328 1404 1406 4329 1434 1428 4330 1435 1431 4331 1390 1404 4332 1422 1432 4333 1391 1407 4334 1417 1405 4335 1449 1433 4336 1418 1408 4337 1404 1406 4338 1436 1434 4339 1405 1409 4340 1392 1410 4341 1422 1432 4342 1423 1435 4343 1356 37 4344 1418 1408 4345 1449 1433 4346 1406 1411 4347 1436 1434 4348 1437 1436 4349 1393 1412 4350 1423 1435 4351 1424 1437 4352 1406 1411 4353 1438 1438 4354 1407 1413 4355 1394 1414 4356 1424 1437 4357 1425 1439 4358 1408 1415 4359 1438 1438 4360 1439 1440 4361 1395 1416 4362 1425 1439 4363 1426 1441 4364 1409 1417 4365 1439 1440 4366 1440 1442 4367 1396 1418 4368 1426 1441 4369 1427 1443 4370 1410 1419 4371 1440 1442 4372 1441 1444 4373 1396 1418 4374 1428 1445 4375 1397 1420 4376 1410 1419 4377 1442 1446 4378 1411 1421 4379 1397 1420 4380 1429 1447 4381 1398 1422 4382 1411 1421 4383 1443 1448 4384 1412 1423 4385 1398 1422 4386 1430 1449 4387 1399 1424 4388 1412 1423 4389 1444 1450 4390 1413 1425 4391 1400 1426 4392 1430 1449 4393 1431 1451 4394 1414 1427 4395 1444 1450 4396 1445 1452 4397 1400 1426 4398 1432 1453 4399 1401 1397 4400 1388 1398 4401 1450 11 4402 1419 1454 4403 1414 1427 4404 1446 1455 4405 1415 1399 4406 1402 1400 4407 1432 1453 4408 1433 1456 4409 1389 1401 4410 1419 1454 4411 1420 1457 4412 1416 1402 4413 1446 1455 4414 1447 1458 4415 1435 1431 4416 1468 1459 4417 1436 1434 4418 1422 1432 4419 1455 1460 4420 1423 1435 4421 1356 37 4422 1449 1433 4423 1481 1461 4424 1437 1436 4425 1468 1459 4426 1469 1462 4427 1424 1437 4428 1455 1460 4429 1456 1463 4430 1437 1436 4431 1470 1464 4432 1438 1438 4433 1425 1439 4434 1456 1463 4435 1457 1465 4436 1439 1440 4437 1470 1464 4438 1471 1466 4439 1426 1441 4440 1457 1465 4441 1458 1467 4442 1440 1442 4443 1471 1466 4444 1472 1468 4445 1426 1441 4446 1459 1469 4447 1427 1443 4448 1441 1444 4449 1472 1468 4450 1473 1470 4451 1428 1445 4452 1459 1469 4453 1460 1471 4454 1441 1444 4455 1474 1472 4456 1442 1446 4457 1428 1445 4458 1461 1473 4459 1429 1447 4460 1443 1448 4461 1474 1472 4462 1475 1474 4463 1429 1447 4464 1462 1475 4465 1430 1449 4466 1443 1448 4467 1476 1476 4468 1444 1450 4469 1431 1451 4470 1462 1475 4471 1463 1477 4472 1445 1452 4473 1476 1476 4474 1477 1478 4475 1431 1451 4476 1464 1479 4477 1432 1453 4478 1419 1454 4479 1450 11 4480 1451 1480 4481 1446 1455 4482 1477 1478 4483 1478 1481 4484 1433 1456 4485 1464 1479 4486 1465 1482 4487 1419 1454 4488 1452 1483 4489 1420 1457 4490 1447 1458 4491 1478 1481 4492 1479 1484 4493 1433 1456 4494 1466 1485 4495 1434 1428 4496 1420 1457 4497 1453 1486 4498 1421 1429 4499 1448 1430 4500 1479 1484 4501 1480 1487 4502 1435 1431 4503 1466 1485 4504 1467 1488 4505 1421 1429 4506 1454 1489 4507 1422 1432 4508 1448 1430 4509 1481 1461 4510 1449 1433 4511 1469 1462 4512 1501 1490 4513 1470 1464 4514 1457 1465 4515 1487 1491 4516 1488 1492 4517 1471 1466 4518 1501 1490 4519 1502 1493 4520 1458 1467 4521 1488 1492 4522 1489 1494 4523 1472 1468 4524 1502 1493 4525 1503 1495 4526 1458 1467 4527 1490 1496 4528 1459 1469 4529 1472 1468 4530 1504 1497 4531 1473 1470 4532 1460 1471 4533 1490 1496 4534 1491 1498 4535 1473 1470 4536 1505 1499 4537 1474 1472 4538 1460 1471 4539 1492 1500 4540 1461 1473 4541 1475 1474 4542 1505 1499 4543 1506 1501 4544 1461 1473 4545 1493 1502 4546 1462 1475 4547 1476 1476 4548 1506 1501 4549 1507 1503 4550 1463 1477 4551 1493 1502 4552 1494 1504 4553 1477 1478 4554 1507 1503 4555 1508 1505 4556 1463 1477 4557 1495 1506 4558 1464 1479 4559 1451 1480 4560 1450 11 4561 1482 1507 4562 1478 1481 4563 1508 1505 4564 1509 1508 4565 1465 1482 4566 1495 1506 4567 1496 1509 4568 1452 1483 4569 1482 1507 4570 1483 1510 4571 1479 1484 4572 1509 1508 4573 1510 1511 4574 1465 1482 4575 1497 1512 4576 1466 1485 4577 1453 1486 4578 1483 1510 4579 1484 1513 4580 1479 1484 4581 1511 1514 4582 1480 1487 4583 1467 1488 4584 1497 1512 4585 1498 1515 4586 1454 1489 4587 1484 1513 4588 1485 1516 4589 1480 1487 4590 1512 1517 4591 1481 1461 4592 1467 1488 4593 1499 1518 4594 1468 1459 4595 1455 1460 4596 1485 1516 4597 1486 1519 4598 1356 37 4599 1481 1461 4600 1512 1517 4601 1469 1462 4602 1499 1518 4603 1500 1520 4604 1456 1463 4605 1486 1519 4606 1487 1491 4607 1503 1495 4608 1533 1521 4609 1534 1522 4610 1489 1494 4611 1521 1523 4612 1490 1496 4613 1503 1495 4614 1535 1524 4615 1504 1497 4616 1490 1496 4617 1522 1525 4618 1491 1498 4619 1504 1497 4620 1536 1526 4621 1505 1499 4622 1491 1498 4623 1523 1527 4624 1492 1500 4625 1506 1501 4626 1536 1526 4627 1537 1528 4628 1492 1500 4629 1524 1529 4630 1493 1502 4631 1506 1501 4632 1538 1530 4633 1507 1503 4634 1494 1504 4635 1524 1529 4636 1525 1531 4637 1507 1503 4638 1539 1532 4639 1508 1505 4640 1494 1504 4641 1526 1533 4642 1495 1506 4643 1482 1507 4644 1450 11 4645 1513 1534 4646 1508 1505 4647 1540 1535 4648 1509 1508 4649 1496 1509 4650 1526 1533 4651 1527 1536 4652 1482 1507 4653 1514 1537 4654 1483 1510 4655 1510 1511 4656 1540 1535 4657 1541 1538 4658 1496 1509 4659 1528 1539 4660 1497 1512 4661 1483 1510 4662 1515 1540 4663 1484 1513 4664 1510 1511 4665 1542 1541 4666 1511 1514 4667 1498 1515 4668 1528 1539 4669 1529 1542 4670 1484 1513 4671 1516 1543 4672 1485 1516 4673 1511 1514 4674 1543 1544 4675 1512 1517 4676 1498 1515 4677 1530 1545 4678 1499 1518 4679 1485 1516 4680 1517 1546 4681 1486 1519 4682 1356 37 4683 1512 1517 4684 1543 1544 4685 1500 1520 4686 1530 1545 4687 1531 1547 4688 1486 1519 4689 1518 1548 4690 1487 1491 4691 1500 1520 4692 1532 1549 4693 1501 1490 4694 1488 1492 4695 1518 1548 4696 1519 1550 4697 1502 1493 4698 1532 1549 4699 1533 1521 4700 1489 1494 4701 1519 1550 4702 1520 1551 4703 1535 1524 4704 1567 1552 4705 1536 1526 4706 1522 1525 4707 1554 1553 4708 1523 1527 4709 1536 1526 4710 1568 1554 4711 1537 1528 4712 1523 1527 4713 1555 1555 4714 1524 1529 4715 1537 1528 4716 1569 1556 4717 1538 1530 4718 1525 1531 4719 1555 1555 4720 1556 1557 4721 1538 1530 4722 1570 1558 4723 1539 1532 4724 1525 1531 4725 1557 1559 4726 1526 1533 4727 1513 1534 4728 1450 11 4729 1544 1560 4730 1539 1532 4731 1571 1561 4732 1540 1535 4733 1527 1536 4734 1557 1559 4735 1558 1562 4736 1513 1534 4737 1545 1563 4738 1514 1537 4739 1541 1538 4740 1571 1561 4741 1572 1564 4742 1527 1536 4743 1559 1565 4744 1528 1539 4745 1514 1537 4746 1546 1566 4747 1515 1540 4748 1541 1538 4749 1573 1567 4750 1542 1541 4751 1529 1542 4752 1559 1565 4753 1560 1568 4754 1515 1540 4755 1547 1569 4756 1516 1543 4757 1542 1541 4758 1574 1570 4759 1543 1544 4760 1529 1542 4761 1561 1571 4762 1530 1545 4763 1517 1546 4764 1547 1569 4765 1548 1572 4766 1356 37 4767 1543 1544 4768 1574 1570 4769 1531 1547 4770 1561 1571 4771 1562 1573 4772 1518 1548 4773 1548 1572 4774 1549 1574 4775 1531 1547 4776 1563 1575 4777 1532 1549 4778 1519 1550 4779 1549 1574 4780 1550 1576 4781 1533 1521 4782 1563 1575 4783 1564 1577 4784 1520 1551 4785 1550 1576 4786 1551 1578 4787 1534 1522 4788 1564 1577 4789 1565 1579 4790 1521 1523 4791 1551 1578 4792 1552 1580 4793 1534 1522 4794 1566 1581 4795 1535 1524 4796 1522 1525 4797 1552 1580 4798 1553 1582 4799 1568 1554 4800 1600 1583 4801 1569 1556 4802 1556 1557 4803 1586 1584 4804 1587 1585 4805 1569 1556 4806 1601 1586 4807 1570 1558 4808 1556 1557 4809 1588 1587 4810 1557 1559 4811 1544 1560 4812 1450 11 4813 1575 1588 4814 1570 1558 4815 1602 1589 4816 1571 1561 4817 1558 1562 4818 1588 1587 4819 1589 1590 4820 1544 1560 4821 1576 1591 4822 1545 1563 4823 1572 1564 4824 1602 1589 4825 1603 1592 4826 1558 1562 4827 1590 1593 4828 1559 1565 4829 1545 1563 4830 1577 1594 4831 1546 1566 4832 1572 1564 4833 1604 1595 4834 1573 1567 4835 1560 1568 4836 1590 1593 4837 1591 1596 4838 1546 1566 4839 1578 1597 4840 1547 1569 4841 1573 1567 4842 1605 1598 4843 1574 1570 4844 1560 1568 4845 1592 1599 4846 1561 1571 4847 1547 1569 4848 1579 1600 4849 1548 1572 4850 1356 37 4851 1574 1570 4852 1605 1598 4853 1562 1573 4854 1592 1599 4855 1593 1601 4856 1549 1574 4857 1579 1600 4858 1580 1602 4859 1562 1573 4860 1594 1603 4861 1563 1575 4862 1550 1576 4863 1580 1602 4864 1581 1604 4865 1564 1577 4866 1594 1603 4867 1595 1605 4868 1551 1578 4869 1581 1604 4870 1582 1606 4871 1565 1579 4872 1595 1605 4873 1596 1607 4874 1552 1580 4875 1582 1606 4876 1583 1608 4877 1565 1579 4878 1597 1609 4879 1566 1581 4880 1553 1582 4881 1583 1608 4882 1584 1610 4883 1566 1581 4884 1598 1611 4885 1567 1552 4886 1553 1582 4887 1585 1612 4888 1554 1553 4889 1568 1554 4890 1598 1611 4891 1599 1613 4892 1554 1553 4893 1586 1584 4894 1555 1555 4895 1601 1586 4896 1631 1614 4897 1632 1615 4898 1587 1585 4899 1619 1616 4900 1588 1587 4901 1575 1588 4902 1450 11 4903 1606 1617 4904 1602 1589 4905 1632 1615 4906 1633 1618 4907 1589 1590 4908 1619 1616 4909 1620 1619 4910 1575 1588 4911 1607 1620 4912 1576 1591 4913 1603 1592 4914 1633 1618 4915 1634 1621 4916 1589 1590 4917 1621 1622 4918 1590 1593 4919 1576 1591 4920 1608 1623 4921 1577 1594 4922 1604 1595 4923 1634 1621 4924 1635 1624 4925 1591 1596 4926 1621 1622 4927 1622 1625 4928 1577 1594 4929 1609 1626 4930 1578 1597 4931 1605 1598 4932 1635 1624 4933 1636 1627 4934 1591 1596 4935 1623 1628 4936 1592 1599 4937 1578 1597 4938 1610 1629 4939 1579 1600 4940 1356 37 4941 1605 1598 4942 1636 1627 4943 1593 1601 4944 1623 1628 4945 1624 1630 4946 1579 1600 4947 1611 1631 4948 1580 1602 4949 1593 1601 4950 1625 1632 4951 1594 1603 4952 1581 1604 4953 1611 1631 4954 1612 1633 4955 1595 1605 4956 1625 1632 4957 1626 1634 4958 1582 1606 4959 1612 1633 4960 1613 1635 4961 1596 1607 4962 1626 1634 4963 1627 1636 4964 1582 1606 4965 1614 1637 4966 1583 1608 4967 1596 1607 4968 1628 1638 4969 1597 1609 4970 1584 1610 4971 1614 1637 4972 1615 1639 4973 1597 1609 4974 1629 1640 4975 1598 1611 4976 1584 1610 4977 1616 1641 4978 1585 1612 4979 1599 1613 4980 1629 1640 4981 1630 1642 4982 1585 1612 4983 1617 1643 4984 1586 1584 4985 1599 1613 4986 1631 1614 4987 1600 1583 4988 1587 1585 4989 1617 1643 4990 1618 1644 4991 1606 1617 4992 1638 1645 4993 1607 1620 4994 1634 1621 4995 1664 1646 4996 1665 1647 4997 1620 1619 4998 1652 1648 4999 1621 1622 5000 1608 1623 5001 1638 1645 5002 1639 1649 5003 1634 1621 5004 1666 1650 5005 1635 1624 5006 1622 1625 5007 1652 1648 5008 1653 1651 5009 1608 1623 5010 1640 1652 5011 1609 1626 5012 1635 1624 5013 1667 1653 5014 1636 1627 5015 1622 1625 5016 1654 1654 5017 1623 1628 5018 1609 1626 5019 1641 1655 5020 1610 1629 5021 1356 37 5022 1636 1627 5023 1667 1653 5024 1624 1630 5025 1654 1654 5026 1655 1656 5027 1611 1631 5028 1641 1655 5029 1642 1657 5030 1624 1630 5031 1656 1658 5032 1625 1632 5033 1612 1633 5034 1642 1657 5035 1643 1659 5036 1626 1634 5037 1656 1658 5038 1657 1660 5039 1613 1635 5040 1643 1659 5041 1644 1661 5042 1627 1636 5043 1657 1660 5044 1658 1662 5045 1613 1635 5046 1645 1663 5047 1614 1637 5048 1628 1638 5049 1658 1662 5050 1659 1664 5051 1615 1639 5052 1645 1663 5053 1646 1665 5054 1628 1638 5055 1660 1666 5056 1629 1640 5057 1615 1639 5058 1647 1667 5059 1616 1641 5060 1629 1640 5061 1661 1668 5062 1630 1642 5063 1616 1641 5064 1648 1669 5065 1617 1643 5066 1630 1642 5067 1662 1670 5068 1631 1614 5069 1618 1644 5070 1648 1669 5071 1649 1671 5072 1632 1615 5073 1662 1670 5074 1663 1672 5075 1618 1644 5076 1650 1673 5077 1619 1616 5078 1606 1617 5079 1450 11 5080 1637 1674 5081 1632 1615 5082 1664 1646 5083 1633 1618 5084 1620 1619 5085 1650 1673 5086 1651 1675 5087 1639 1649 5088 1671 1676 5089 1640 1652 5090 1667 1653 5091 1697 1677 5092 1698 1678 5093 1653 1651 5094 1685 1679 5095 1654 1654 5096 1641 1655 5097 1671 1676 5098 1672 1680 5099 1356 37 5100 1667 1653 5101 1698 1678 5102 1655 1656 5103 1685 1679 5104 1686 1681 5105 1641 1655 5106 1673 1682 5107 1642 1657 5108 1655 1656 5109 1687 1683 5110 1656 1658 5111 1643 1659 5112 1673 1682 5113 1674 1684 5114 1657 1660 5115 1687 1683 5116 1688 1685 5117 1643 1659 5118 1675 1686 5119 1644 1661 5120 1658 1662 5121 1688 1685 5122 1689 1687 5123 1644 1661 5124 1676 1688 5125 1645 1663 5126 1658 1662 5127 1690 1689 5128 1659 1664 5129 1646 1665 5130 1676 1688 5131 1677 1690 5132 1659 1664 5133 1691 1691 5134 1660 1666 5135 1646 1665 5136 1678 1692 5137 1647 1667 5138 1661 1668 5139 1691 1691 5140 1692 1693 5141 1647 1667 5142 1679 1694 5143 1648 1669 5144 1661 1668 5145 1693 1695 5146 1662 1670 5147 1649 1671 5148 1679 1694 5149 1680 1696 5150 1663 1672 5151 1693 1695 5152 1694 1697 5153 1649 1671 5154 1681 1698 5155 1650 1673 5156 1637 1674 5157 1450 11 5158 1668 1699 5159 1663 1672 5160 1695 1700 5161 1664 1646 5162 1651 1675 5163 1681 1698 5164 1682 1701 5165 1638 1645 5166 1668 1699 5167 1669 1702 5168 1665 1647 5169 1695 1700 5170 1696 1703 5171 1651 1675 5172 1683 1704 5173 1652 1648 5174 1639 1649 5175 1669 1702 5176 1670 1705 5177 1665 1647 5178 1697 1677 5179 1666 1650 5180 1653 1651 5181 1683 1704 5182 1684 1706 5183 1672 1680 5184 1704 1707 5185 1673 1682 5186 1686 1681 5187 1718 1708 5188 1687 1683 5189 1674 1684 5190 1704 1707 5191 1705 1709 5192 1688 1685 5193 1718 1708 5194 1719 1710 5195 1675 1686 5196 1705 1709 5197 1706 1711 5198 1689 1687 5199 1719 1710 5200 1720 1712 5201 1675 1686 5202 1707 1713 5203 1676 1688 5204 1690 1689 5205 1720 1712 5206 1721 1714 5207 1677 1690 5208 1707 1713 5209 1708 1715 5210 1690 1689 5211 1722 1716 5212 1691 1691 5213 1677 1690 5214 1709 1717 5215 1678 1692 5216 1692 1693 5217 1722 1716 5218 1723 1718 5219 1679 1694 5220 1709 1717 5221 1710 1719 5222 1692 1693 5223 1724 1720 5224 1693 1695 5225 1680 1696 5226 1710 1719 5227 1711 1721 5228 1694 1697 5229 1724 1720 5230 1725 1722 5231 1680 1696 5232 1712 1723 5233 1681 1698 5234 1668 1699 5235 1450 11 5236 1699 1724 5237 1694 1697 5238 1726 1725 5239 1695 1700 5240 1682 1701 5241 1712 1723 5242 1713 1726 5243 1668 1699 5244 1700 1727 5245 1669 1702 5246 1695 1700 5247 1727 1728 5248 1696 1703 5249 1682 1701 5250 1714 1729 5251 1683 1704 5252 1669 1702 5253 1701 1730 5254 1670 1705 5255 1696 1703 5256 1728 1731 5257 1697 1677 5258 1684 1706 5259 1714 1729 5260 1715 1732 5261 1670 1705 5262 1702 1733 5263 1671 1676 5264 1698 1678 5265 1728 1731 5266 1729 1734 5267 1684 1706 5268 1716 1735 5269 1685 1679 5270 1672 1680 5271 1702 1733 5272 1703 1736 5273 1356 37 5274 1698 1678 5275 1729 1734 5276 1686 1681 5277 1716 1735 5278 1717 1737 5279 1706 1711 5280 1736 1738 5281 1737 1739 5282 1719 1710 5283 1751 1740 5284 1720 1712 5285 1706 1711 5286 1738 1741 5287 1707 1713 5288 1721 1714 5289 1751 1740 5290 1752 1742 5291 1707 1713 5292 1739 1743 5293 1708 1715 5294 1721 1714 5295 1753 1744 5296 1722 1716 5297 1708 1715 5298 1740 1745 5299 1709 1717 5300 1722 1716 5301 1754 1746 5302 1723 1718 5303 1709 1717 5304 1741 1747 5305 1710 1719 5306 1724 1720 5307 1754 1746 5308 1755 1748 5309 1711 1721 5310 1741 1747 5311 1742 1749 5312 1725 1722 5313 1755 1748 5314 1756 1750 5315 1711 1721 5316 1743 1751 5317 1712 1723 5318 1699 1724 5319 1450 11 5320 1730 1752 5321 1725 1722 5322 1757 1753 5323 1726 1725 5324 1713 1726 5325 1743 1751 5326 1744 1754 5327 1699 1724 5328 1731 1755 5329 1700 1727 5330 1727 1728 5331 1757 1753 5332 1758 1756 5333 1713 1726 5334 1745 1757 5335 1714 1729 5336 1700 1727 5337 1732 1758 5338 1701 1730 5339 1727 1728 5340 1759 1759 5341 1728 1731 5342 1715 1732 5343 1745 1757 5344 1746 1760 5345 1701 1730 5346 1733 1761 5347 1702 1733 5348 1729 1734 5349 1759 1759 5350 1760 1762 5351 1715 1732 5352 1747 1763 5353 1716 1735 5354 1703 1736 5355 1733 1761 5356 1734 1764 5357 1356 37 5358 1729 1734 5359 1760 1762 5360 1717 1737 5361 1747 1763 5362 1748 1765 5363 1704 1707 5364 1734 1764 5365 1735 1766 5366 1717 1737 5367 1749 1767 5368 1718 1708 5369 1704 1707 5370 1736 1738 5371 1705 1709 5372 1719 1710 5373 1749 1767 5374 1750 1768 5375 1739 1743 5376 1769 1769 5377 1770 1770 5378 1752 1742 5379 1784 1771 5380 1753 1744 5381 1739 1743 5382 1771 1772 5383 1740 1745 5384 1754 1746 5385 1784 1771 5386 1785 1773 5387 1741 1747 5388 1771 1772 5389 1772 1774 5390 1754 1746 5391 1786 1775 5392 1755 1748 5393 1742 1749 5394 1772 1774 5395 1773 1776 5396 1756 1750 5397 1786 1775 5398 1787 1777 5399 1742 1749 5400 1774 1778 5401 1743 1751 5402 1730 1752 5403 1450 11 5404 1761 1779 5405 1756 1750 5406 1788 1780 5407 1757 1753 5408 1744 1754 5409 1774 1778 5410 1775 1781 5411 1730 1752 5412 1762 1782 5413 1731 1755 5414 1757 1753 5415 1789 1783 5416 1758 1756 5417 1744 1754 5418 1776 1784 5419 1745 1757 5420 1732 1758 5421 1762 1782 5422 1763 1785 5423 1758 1756 5424 1790 1786 5425 1759 1759 5426 1746 1760 5427 1776 1784 5428 1777 1787 5429 1733 1761 5430 1763 1785 5431 1764 1788 5432 1759 1759 5433 1791 1789 5434 1760 1762 5435 1746 1760 5436 1778 1790 5437 1747 1763 5438 1733 1761 5439 1765 1791 5440 1734 1764 5441 1356 37 5442 1760 1762 5443 1791 1789 5444 1748 1765 5445 1778 1790 5446 1779 1792 5447 1734 1764 5448 1766 1793 5449 1735 1766 5450 1748 1765 5451 1780 1794 5452 1749 1767 5453 1736 1738 5454 1766 1793 5455 1767 1795 5456 1750 1768 5457 1780 1794 5458 1781 1796 5459 1737 1739 5460 1767 1795 5461 1768 1797 5462 1751 1740 5463 1781 1796 5464 1782 1798 5465 1738 1741 5466 1768 1797 5467 1769 1769 5468 1752 1742 5469 1782 1798 5470 1783 1799 5471 1772 1774 5472 1802 1800 5473 1803 1801 5474 1786 1775 5475 1816 1802 5476 1817 1803 5477 1773 1776 5478 1803 1801 5479 1804 1804 5480 1787 1777 5481 1817 1803 5482 1818 1805 5483 1773 1776 5484 1805 1806 5485 1774 1778 5486 1761 1779 5487 1450 11 5488 1792 1807 5489 1788 1780 5490 1818 1805 5491 1819 1808 5492 1775 1781 5493 1805 1806 5494 1806 1809 5495 1762 1782 5496 1792 1807 5497 1793 1810 5498 1788 1780 5499 1820 1811 5500 1789 1783 5501 1775 1781 5502 1807 1812 5503 1776 1784 5504 1763 1785 5505 1793 1810 5506 1794 1813 5507 1789 1783 5508 1821 1814 5509 1790 1786 5510 1777 1787 5511 1807 1812 5512 1808 1815 5513 1764 1788 5514 1794 1813 5515 1795 1816 5516 1791 1789 5517 1821 1814 5518 1822 1817 5519 1777 1787 5520 1809 1818 5521 1778 1790 5522 1765 1791 5523 1795 1816 5524 1796 1819 5525 1356 37 5526 1791 1789 5527 1822 1817 5528 1779 1792 5529 1809 1818 5530 1810 1820 5531 1765 1791 5532 1797 1821 5533 1766 1793 5534 1779 1792 5535 1811 1822 5536 1780 1794 5537 1766 1793 5538 1798 1823 5539 1767 1795 5540 1781 1796 5541 1811 1822 5542 1812 1824 5543 1767 1795 5544 1799 1825 5545 1768 1797 5546 1782 1798 5547 1812 1824 5548 1813 1826 5549 1768 1797 5550 1800 1827 5551 1769 1769 5552 1783 1799 5553 1813 1826 5554 1814 1828 5555 1769 1769 5556 1801 1829 5557 1770 1770 5558 1783 1799 5559 1815 1830 5560 1784 1771 5561 1770 1770 5562 1802 1800 5563 1771 1772 5564 1785 1773 5565 1815 1830 5566 1816 1802 5567 1804 1804 5568 1836 1831 5569 1805 1806 5570 1792 1807 5571 1450 11 5572 1823 1832 5573 1818 1805 5574 1850 1833 5575 1819 1808 5576 1806 1809 5577 1836 1831 5578 1837 1834 5579 1792 1807 5580 1824 1835 5581 1793 1810 5582 1820 1811 5583 1850 1833 5584 1851 1836 5585 1806 1809 5586 1838 1837 5587 1807 1812 5588 1793 1810 5589 1825 1838 5590 1794 1813 5591 1820 1811 5592 1852 1839 5593 1821 1814 5594 1808 1815 5595 1838 1837 5596 1839 1840 5597 1794 1813 5598 1826 1841 5599 1795 1816 5600 1821 1814 5601 1853 1842 5602 1822 1817 5603 1808 1815 5604 1840 1843 5605 1809 1818 5606 1796 1819 5607 1826 1841 5608 1827 1844 5609 1356 37 5610 1822 1817 5611 1853 1842 5612 1810 1820 5613 1840 1843 5614 1841 1845 5615 1797 1821 5616 1827 1844 5617 1828 1846 5618 1810 1820 5619 1842 1847 5620 1811 1822 5621 1798 1823 5622 1828 1846 5623 1829 1848 5624 1812 1824 5625 1842 1847 5626 1843 1849 5627 1798 1823 5628 1830 1850 5629 1799 1825 5630 1813 1826 5631 1843 1849 5632 1844 1851 5633 1799 1825 5634 1831 1852 5635 1800 1827 5636 1814 1828 5637 1844 1851 5638 1845 1853 5639 1800 1827 5640 1832 1854 5641 1801 1829 5642 1814 1828 5643 1846 1855 5644 1815 1830 5645 1801 1829 5646 1833 1856 5647 1802 1800 5648 1815 1830 5649 1847 1857 5650 1816 1802 5651 1803 1801 5652 1833 1856 5653 1834 1858 5654 1816 1802 5655 1848 1859 5656 1817 1803 5657 1804 1804 5658 1834 1858 5659 1835 1860 5660 1818 1805 5661 1848 1859 5662 1849 1861 5663 1837 1834 5664 1869 1862 5665 1838 1837 5666 1825 1838 5667 1855 1863 5668 1856 1864 5669 1851 1836 5670 1883 1865 5671 1852 1839 5672 1839 1840 5673 1869 1862 5674 1870 1866 5675 1826 1841 5676 1856 1864 5677 1857 1867 5678 1853 1842 5679 1883 1865 5680 1884 1868 5681 1839 1840 5682 1871 1869 5683 1840 1843 5684 1826 1841 5685 1858 1870 5686 1827 1844 5687 1356 37 5688 1853 1842 5689 1884 1868 5690 1841 1845 5691 1871 1869 5692 1872 1871 5693 1827 1844 5694 1859 1872 5695 1828 1846 5696 1841 1845 5697 1873 1873 5698 1842 1847 5699 1828 1846 5700 1860 1874 5701 1829 1848 5702 1843 1849 5703 1873 1873 5704 1874 1875 5705 1829 1848 5706 1861 1876 5707 1830 1850 5708 1843 1849 5709 1875 1877 5710 1844 1851 5711 1830 1850 5712 1862 1878 5713 1831 1852 5714 1845 1853 5715 1875 1877 5716 1876 1879 5717 1831 1852 5718 1863 1880 5719 1832 1854 5720 1845 1853 5721 1877 1881 5722 1846 1855 5723 1832 1854 5724 1864 1882 5725 1833 1856 5726 1847 1857 5727 1877 1881 5728 1878 1883 5729 1834 1858 5730 1864 1882 5731 1865 1884 5732 1847 1857 5733 1879 1885 5734 1848 1859 5735 1835 1860 5736 1865 1884 5737 1866 1886 5738 1849 1861 5739 1879 1885 5740 1880 1887 5741 1835 1860 5742 1867 1888 5743 1836 1831 5744 1823 1832 5745 1450 11 5746 1854 1889 5747 1849 1861 5748 1881 1890 5749 1850 1833 5750 1837 1834 5751 1867 1888 5752 1868 1891 5753 1823 1832 5754 1855 1863 5755 1824 1835 5756 1850 1833 5757 1882 1892 5758 1851 1836 5759 1870 1866 5760 1902 1893 5761 1871 1869 5762 1858 1870 5763 1888 1894 5764 1889 1895 5765 1356 37 5766 1884 1868 5767 1915 1896 5768 1872 1871 5769 1902 1893 5770 1903 1897 5771 1859 1872 5772 1889 1895 5773 1890 1898 5774 1872 1871 5775 1904 1899 5776 1873 1873 5777 1860 1874 5778 1890 1898 5779 1891 1900 5780 1874 1875 5781 1904 1899 5782 1905 1901 5783 1861 1876 5784 1891 1900 5785 1892 1902 5786 1875 1877 5787 1905 1901 5788 1906 1903 5789 1862 1878 5790 1892 1902 5791 1893 1904 5792 1876 1879 5793 1906 1903 5794 1907 1905 5795 1862 1878 5796 1894 1906 5797 1863 1880 5798 1876 1879 5799 1908 1907 5800 1877 1881 5801 1863 1880 5802 1895 1908 5803 1864 1882 5804 1878 1883 5805 1908 1907 5806 1909 1909 5807 1865 1884 5808 1895 1908 5809 1896 1910 5810 1878 1883 5811 1910 1911 5812 1879 1885 5813 1866 1886 5814 1896 1910 5815 1897 1912 5816 1880 1887 5817 1910 1911 5818 1911 1913 5819 1866 1886 5820 1898 1914 5821 1867 1888 5822 1854 1889 5823 1450 11 5824 1885 1915 5825 1880 1887 5826 1912 1916 5827 1881 1890 5828 1868 1891 5829 1898 1914 5830 1899 1917 5831 1855 1863 5832 1885 1915 5833 1886 1918 5834 1881 1890 5835 1913 1919 5836 1882 1892 5837 1868 1891 5838 1900 1920 5839 1869 1862 5840 1856 1864 5841 1886 1918 5842 1887 1921 5843 1882 1892 5844 1914 1922 5845 1883 1865 5846 1870 1866 5847 1900 1920 5848 1901 1923 5849 1857 1867 5850 1887 1921 5851 1888 1894 5852 1883 1865 5853 1915 1896 5854 1884 1868 5855 1903 1897 5856 1935 1924 5857 1904 1899 5858 1891 1900 5859 1921 1925 5860 1922 1926 5861 1905 1901 5862 1935 1924 5863 1936 1927 5864 1892 1902 5865 1922 1926 5866 1923 1928 5867 1906 1903 5868 1936 1927 5869 1937 1929 5870 1892 1902 5871 1924 1930 5872 1893 1904 5873 1907 1905 5874 1937 1929 5875 1938 1931 5876 1893 1904 5877 1925 1932 5878 1894 1906 5879 1907 1905 5880 1939 1933 5881 1908 1907 5882 1894 1906 5883 1926 1934 5884 1895 1908 5885 1908 1907 5886 1940 1935 5887 1909 1909 5888 1896 1910 5889 1926 1934 5890 1927 1936 5891 1909 1909 5892 1941 1937 5893 1910 1911 5894 1897 1912 5895 1927 1936 5896 1928 1938 5897 1911 1913 5898 1941 1937 5899 1942 1939 5900 1897 1912 5901 1929 1940 5902 1898 1914 5903 1885 1915 5904 1450 11 5905 1916 1941 5906 1911 1913 5907 1943 1942 5908 1912 1916 5909 1899 1917 5910 1929 1940 5911 1930 1943 5912 1885 1915 5913 1917 1944 5914 1886 1918 5915 1912 1916 5916 1944 1945 5917 1913 1919 5918 1899 1917 5919 1931 1946 5920 1900 1920 5921 1886 1918 5922 1918 1947 5923 1887 1921 5924 1913 1919 5925 1945 1948 5926 1914 1922 5927 1901 1923 5928 1931 1946 5929 1932 1949 5930 1887 1921 5931 1919 1950 5932 1888 1894 5933 1915 1896 5934 1945 1948 5935 1946 1951 5936 1901 1923 5937 1933 1952 5938 1902 1893 5939 1889 1895 5940 1919 1950 5941 1920 1953 5942 1356 37 5943 1915 1896 5944 1946 1951 5945 1903 1897 5946 1933 1952 5947 1934 1954 5948 1890 1898 5949 1920 1953 5950 1921 1925 5951 1936 1927 5952 1968 1955 5953 1937 1929 5954 1923 1928 5955 1955 1956 5956 1924 1930 5957 1938 1931 5958 1968 1955 5959 1969 1957 5960 1924 1930 5961 1956 1958 5962 1925 1932 5963 1938 1931 5964 1970 1959 5965 1939 1933 5966 1925 1932 5967 1957 1960 5968 1926 1934 5969 1940 1935 5970 1970 1959 5971 1971 1961 5972 1927 1936 5973 1957 1960 5974 1958 1962 5975 1940 1935 5976 1972 1963 5977 1941 1937 5978 1928 1938 5979 1958 1962 5980 1959 1964 5981 1941 1937 5982 1973 1965 5983 1942 1939 5984 1928 1938 5985 1960 1966 5986 1929 1940 5987 1916 1941 5988 1450 11 5989 1947 1967 5990 1943 1942 5991 1973 1965 5992 1974 1968 5993 1930 1943 5994 1960 1966 5995 1961 1969 5996 1916 1941 5997 1948 1970 5998 1917 1944 5999 1943 1942 6000 1975 1971 6001 1944 1945 6002 1930 1943 6003 1962 1972 6004 1931 1946 6005 1917 1944 6006 1949 1973 6007 1918 1947 6008 1944 1945 6009 1976 1974 6010 1945 1948 6011 1932 1949 6012 1962 1972 6013 1963 1975 6014 1919 1950 6015 1949 1973 6016 1950 1976 6017 1945 1948 6018 1977 1977 6019 1946 1951 6020 1932 1949 6021 1964 1978 6022 1933 1952 6023 1919 1950 6024 1951 1979 6025 1920 1953 6026 1356 37 6027 1946 1951 6028 1977 1977 6029 1934 1954 6030 1964 1978 6031 1965 1980 6032 1920 1953 6033 1952 1981 6034 1921 1925 6035 1934 1954 6036 1966 1982 6037 1935 1924 6038 1921 1925 6039 1953 1983 6040 1922 1926 6041 1936 1927 6042 1966 1982 6043 1967 1984 6044 1922 1926 6045 1954 1985 6046 1923 1928 6047 1969 1957 6048 19 59 6049 1970 1959 6050 1956 1958 6051 1978 60 6052 1957 1960 6053 1970 1959 6054 20 62 6055 1971 1961 6056 1958 1962 6057 1978 60 6058 10 63 6059 1971 1961 6060 21 0 6061 1972 1963 6062 1959 1964 6063 10 63 6064 11 3 6065 1973 1965 6066 21 0 6067 1982 7 6068 1959 1964 6069 1979 9 6070 1960 1966 6071 1947 1967 6072 1450 11 6073 0 10 6074 1974 1968 6075 1982 7 6076 1983 14 6077 1961 1969 6078 1979 9 6079 12 15 6080 1948 1970 6081 0 10 6082 1 18 6083 1974 1968 6084 22 20 6085 1975 1971 6086 1961 1969 6087 13 22 6088 1962 1972 6089 1948 1970 6090 2 24 6091 1949 1973 6092 1975 1971 6093 1984 26 6094 1976 1974 6095 1963 1975 6096 13 22 6097 14 28 6098 1950 1976 6099 2 24 6100 3 29 6101 1976 1974 6102 1985 32 6103 1977 1977 6104 1963 1975 6105 1980 34 6106 1964 1978 6107 1951 1979 6108 3 29 6109 4 35 6110 1356 37 6111 1977 1977 6112 1985 32 6113 1965 1980 6114 1980 34 6115 15 38 6116 1952 1981 6117 4 35 6118 5 40 6119 1965 1980 6120 1981 43 6121 1966 1982 6122 1953 1983 6123 5 40 6124 6 44 6125 1967 1984 6126 1981 43 6127 16 47 6128 1954 1985 6129 6 44 6130 7 49 6131 1967 1984 6132 17 51 6133 1968 1955 6134 1955 1956 6135 7 49 6136 8 53 6137 1968 1955 6138 18 55 6139 1969 1957 6140 1956 1958 6141 8 53 6142 9 56 6143 21 0 6144 20 62 6145 47 1 6146 11 3 6147 10 63 6148 34 4 6149 21 0 6150 48 2 6151 49 6 6152 11 3 6153 35 5 6154 36 8 6155 1982 7 6156 49 6 6157 50 13 6158 12 15 6159 1979 9 6160 36 8 6161 0 10 6162 23 12 6163 24 17 6164 1983 14 6165 50 13 6166 51 19 6167 12 15 6168 37 16 6169 38 21 6170 1 18 6171 24 17 6172 25 23 6173 22 20 6174 51 19 6175 52 25 6176 13 22 6177 38 21 6178 39 27 6179 3 29 6180 2 24 6181 25 23 6182 1984 26 6183 52 25 6184 53 31 6185 14 28 6186 39 27 6187 40 33 6188 4 35 6189 3 29 6190 26 30 6191 15 38 6192 1980 34 6193 40 33 6194 5 40 6195 4 35 6196 27 36 6197 15 38 6198 41 39 6199 42 42 6200 6 44 6201 5 40 6202 28 41 6203 1981 43 6204 42 42 6205 43 46 6206 6 44 6207 29 45 6208 30 48 6209 16 47 6210 43 46 6211 44 50 6212 7 49 6213 30 48 6214 31 52 6215 17 51 6216 44 50 6217 45 54 6218 9 56 6219 8 53 6220 31 52 6221 18 55 6222 45 54 6223 46 58 6224 1978 60 6225 9 56 6226 32 57 6227 19 59 6228 46 58 6229 47 1 6230 10 63 6231 1978 60 6232 33 61 6233 28 41 6234 59 94 6235 60 64 6236 43 46 6237 42 42 6238 73 65 6239 30 48 6240 29 45 6241 60 64 6242 44 50 6243 43 46 6244 74 66 6245 31 52 6246 30 48 6247 61 67 6248 44 50 6249 75 68 6250 76 70 6251 32 57 6252 31 52 6253 62 69 6254 45 54 6255 76 70 6256 77 72 6257 32 57 6258 63 71 6259 64 73 6260 47 1 6261 46 58 6262 77 72 6263 33 61 6264 64 73 6265 65 75 6266 48 2 6267 47 1 6268 78 74 6269 35 5 6270 34 4 6271 65 75 6272 49 6 6273 48 2 6274 79 76 6275 35 5 6276 66 77 6277 67 79 6278 50 13 6279 49 6 6280 80 78 6281 36 8 6282 67 79 6283 68 82 6284 24 17 6285 23 12 6286 54 80 6287 50 13 6288 81 81 6289 82 84 6290 37 16 6291 68 82 6292 69 85 6293 24 17 6294 55 83 6295 56 86 6296 51 19 6297 82 84 6298 83 87 6299 39 27 6300 38 21 6301 69 85 6302 25 23 6303 56 86 6304 57 89 6305 52 25 6306 83 87 6307 84 90 6308 40 33 6309 39 27 6310 70 88 6311 26 30 6312 57 89 6313 58 92 6314 40 33 6315 71 91 6316 72 93 6317 27 36 6318 58 92 6319 59 94 6320 42 42 6321 41 39 6322 72 93 6323 62 69 6324 61 67 6325 92 95 6326 75 68 6327 106 125 6328 107 97 6329 63 71 6330 62 69 6331 93 96 6332 76 70 6333 107 97 6334 108 99 6335 64 73 6336 63 71 6337 94 98 6338 77 72 6339 108 99 6340 109 101 6341 64 73 6342 95 100 6343 96 102 6344 79 76 6345 78 74 6346 109 101 6347 66 77 6348 65 75 6349 96 102 6350 80 78 6351 79 76 6352 110 103 6353 66 77 6354 97 104 6355 98 106 6356 81 81 6357 80 78 6358 111 105 6359 68 82 6360 67 79 6361 98 106 6362 54 80 6363 85 107 6364 86 110 6365 82 84 6366 81 81 6367 112 108 6368 68 82 6369 99 109 6370 100 112 6371 56 86 6372 55 83 6373 86 110 6374 82 84 6375 113 111 6376 114 114 6377 70 88 6378 69 85 6379 100 112 6380 56 86 6381 87 113 6382 88 116 6383 83 87 6384 114 114 6385 115 117 6386 71 91 6387 70 88 6388 101 115 6389 57 89 6390 88 116 6391 89 119 6392 71 91 6393 102 118 6394 103 120 6395 59 94 6396 58 92 6397 89 119 6398 73 65 6399 72 93 6400 103 120 6401 59 94 6402 90 121 6403 91 123 6404 74 66 6405 73 65 6406 104 122 6407 61 67 6408 60 64 6409 91 123 6410 74 66 6411 105 124 6412 106 125 6413 95 100 6414 94 98 6415 125 126 6416 109 101 6417 108 99 6418 139 128 6419 96 102 6420 95 100 6421 126 127 6422 109 101 6423 140 129 6424 141 131 6425 96 102 6426 127 130 6427 128 132 6428 110 103 6429 141 131 6430 142 133 6431 97 104 6432 128 132 6433 129 134 6434 111 105 6435 142 133 6436 143 136 6437 98 106 6438 129 134 6439 130 137 6440 85 107 6441 116 135 6442 117 138 6443 113 111 6444 112 108 6445 143 136 6446 99 109 6447 130 137 6448 131 140 6449 87 113 6450 86 110 6451 117 138 6452 114 114 6453 113 111 6454 144 139 6455 101 115 6456 100 112 6457 131 140 6458 88 116 6459 87 113 6460 118 141 6461 115 117 6462 114 114 6463 145 142 6464 102 118 6465 101 115 6466 132 143 6467 89 119 6468 88 116 6469 119 144 6470 102 118 6471 133 146 6472 134 148 6473 90 121 6474 89 119 6475 120 147 6476 103 120 6477 134 148 6478 135 150 6479 91 123 6480 90 121 6481 121 149 6482 105 124 6483 104 122 6484 135 150 6485 92 95 6486 91 123 6487 122 151 6488 105 124 6489 136 152 6490 137 154 6491 92 95 6492 123 153 6493 124 155 6494 107 97 6495 106 125 6496 137 154 6497 93 96 6498 124 155 6499 125 126 6500 108 99 6501 107 97 6502 138 156 6503 128 132 6504 127 130 6505 158 157 6506 142 133 6507 141 131 6508 172 159 6509 128 132 6510 159 158 6511 160 161 6512 143 136 6513 142 133 6514 173 160 6515 129 134 6516 160 161 6517 161 164 6518 117 138 6519 116 135 6520 147 162 6521 143 136 6522 174 163 6523 175 166 6524 131 140 6525 130 137 6526 161 164 6527 118 141 6528 117 138 6529 148 165 6530 144 139 6531 175 166 6532 176 169 6533 131 140 6534 162 167 6535 163 170 6536 118 141 6537 149 168 6538 150 171 6539 146 145 6540 145 142 6541 176 169 6542 133 146 6543 132 143 6544 163 170 6545 120 147 6546 119 144 6547 150 171 6548 133 146 6549 164 173 6550 165 175 6551 121 149 6552 120 147 6553 151 174 6554 134 148 6555 165 175 6556 166 177 6557 122 151 6558 121 149 6559 152 176 6560 136 152 6561 135 150 6562 166 177 6563 122 151 6564 153 178 6565 154 180 6566 136 152 6567 167 179 6568 168 181 6569 124 155 6570 123 153 6571 154 180 6572 138 156 6573 137 154 6574 168 181 6575 125 126 6576 124 155 6577 155 182 6578 138 156 6579 169 183 6580 170 185 6581 125 126 6582 156 184 6583 157 186 6584 139 128 6585 170 185 6586 171 187 6587 127 130 6588 126 127 6589 157 186 6590 140 129 6591 171 187 6592 172 159 6593 161 164 6594 160 161 6595 191 188 6596 147 162 6597 178 218 6598 179 190 6599 175 166 6600 174 163 6601 205 191 6602 161 164 6603 192 189 6604 193 193 6605 148 165 6606 179 190 6607 180 194 6608 175 166 6609 206 192 6610 207 195 6611 163 170 6612 162 167 6613 193 193 6614 149 168 6615 180 194 6616 181 197 6617 176 169 6618 207 195 6619 208 198 6620 164 173 6621 163 170 6622 194 196 6623 150 171 6624 181 197 6625 182 200 6626 165 175 6627 164 173 6628 195 199 6629 151 174 6630 182 200 6631 183 202 6632 165 175 6633 196 201 6634 197 203 6635 153 178 6636 152 176 6637 183 202 6638 167 179 6639 166 177 6640 197 203 6641 154 180 6642 153 178 6643 184 204 6644 168 181 6645 167 179 6646 198 205 6647 155 182 6648 154 180 6649 185 206 6650 169 183 6651 168 181 6652 199 207 6653 156 184 6654 155 182 6655 186 208 6656 169 183 6657 200 209 6658 201 211 6659 157 186 6660 156 184 6661 187 210 6662 170 185 6663 201 211 6664 202 213 6665 157 186 6666 188 212 6667 189 214 6668 171 187 6669 202 213 6670 203 215 6671 159 158 6672 158 157 6673 189 214 6674 172 159 6675 203 215 6676 204 217 6677 159 158 6678 190 216 6679 191 188 6680 174 163 6681 173 160 6682 204 217 6683 193 193 6684 224 248 6685 225 219 6686 181 197 6687 180 194 6688 211 220 6689 207 195 6690 238 249 6691 239 222 6692 195 199 6693 194 196 6694 225 219 6695 182 200 6696 181 197 6697 212 221 6698 195 199 6699 226 223 6700 227 225 6701 183 202 6702 182 200 6703 213 224 6704 196 201 6705 227 225 6706 228 227 6707 184 204 6708 183 202 6709 214 226 6710 198 205 6711 197 203 6712 228 227 6713 185 206 6714 184 204 6715 215 228 6716 199 207 6717 198 205 6718 229 229 6719 185 206 6720 216 230 6721 217 232 6722 200 209 6723 199 207 6724 230 231 6725 186 208 6726 217 232 6727 218 234 6728 201 211 6729 200 209 6730 231 233 6731 188 212 6732 187 210 6733 218 234 6734 201 211 6735 232 235 6736 233 237 6737 188 212 6738 219 236 6739 220 238 6740 203 215 6741 202 213 6742 233 237 6743 190 216 6744 189 214 6745 220 238 6746 204 217 6747 203 215 6748 234 239 6749 190 216 6750 221 240 6751 222 242 6752 204 217 6753 235 241 6754 236 244 6755 192 189 6756 191 188 6757 222 242 6758 179 190 6759 178 218 6760 209 243 6761 205 191 6762 236 244 6763 237 247 6764 193 193 6765 192 189 6766 223 245 6767 180 194 6768 179 190 6769 210 246 6770 206 192 6771 237 247 6772 238 249 6773 227 225 6774 226 223 6775 257 250 6776 213 224 6777 244 280 6778 245 252 6779 227 225 6780 258 251 6781 259 253 6782 214 226 6783 245 252 6784 246 254 6785 229 229 6786 228 227 6787 259 253 6788 215 228 6789 246 254 6790 247 256 6791 230 231 6792 229 229 6793 260 255 6794 216 230 6795 247 256 6796 248 258 6797 231 233 6798 230 231 6799 261 257 6800 218 234 6801 217 232 6802 248 258 6803 232 235 6804 231 233 6805 262 259 6806 219 236 6807 218 234 6808 249 260 6809 232 235 6810 263 261 6811 264 263 6812 219 236 6813 250 262 6814 251 264 6815 234 239 6816 233 237 6817 264 263 6818 221 240 6819 220 238 6820 251 264 6821 234 239 6822 265 265 6823 266 267 6824 221 240 6825 252 266 6826 253 268 6827 235 241 6828 266 267 6829 267 270 6830 223 245 6831 222 242 6832 253 268 6833 209 243 6834 240 269 6835 241 272 6836 237 247 6837 236 244 6838 267 270 6839 223 245 6840 254 271 6841 255 274 6842 210 246 6843 241 272 6844 242 275 6845 237 247 6846 268 273 6847 269 276 6848 225 219 6849 224 248 6850 255 274 6851 212 221 6852 211 220 6853 242 275 6854 239 222 6855 238 249 6856 269 276 6857 225 219 6858 256 277 6859 257 250 6860 212 221 6861 243 278 6862 244 280 6863 260 255 6864 259 253 6865 290 281 6866 247 256 6867 246 254 6868 277 283 6869 261 257 6870 260 255 6871 291 282 6872 247 256 6873 278 284 6874 279 286 6875 261 257 6876 292 285 6877 293 287 6878 248 258 6879 279 286 6880 280 288 6881 263 261 6882 262 259 6883 293 287 6884 250 262 6885 249 260 6886 280 288 6887 263 261 6888 294 289 6889 295 291 6890 250 262 6891 281 290 6892 282 292 6893 265 265 6894 264 263 6895 295 291 6896 252 266 6897 251 264 6898 282 292 6899 265 265 6900 296 293 6901 297 295 6902 252 266 6903 283 294 6904 284 296 6905 266 267 6906 297 295 6907 298 298 6908 254 271 6909 253 268 6910 284 296 6911 240 269 6912 271 297 6913 272 300 6914 268 273 6915 267 270 6916 298 298 6917 254 271 6918 285 299 6919 286 302 6920 242 275 6921 241 272 6922 272 300 6923 268 273 6924 299 301 6925 300 304 6926 256 277 6927 255 274 6928 286 302 6929 242 275 6930 273 303 6931 274 306 6932 270 279 6933 269 276 6934 300 304 6935 256 277 6936 287 305 6937 288 308 6938 243 278 6939 274 306 6940 275 309 6941 258 251 6942 257 250 6943 288 308 6944 245 252 6945 244 280 6946 275 309 6947 258 251 6948 289 310 6949 290 281 6950 246 254 6951 245 252 6952 276 311 6953 292 285 6954 323 341 6955 324 312 6956 279 286 6957 310 342 6958 311 313 6959 294 289 6960 293 287 6961 324 312 6962 281 290 6963 280 288 6964 311 313 6965 294 289 6966 325 314 6967 326 316 6968 281 290 6969 312 315 6970 313 317 6971 296 293 6972 295 291 6973 326 316 6974 282 292 6975 313 317 6976 314 319 6977 297 295 6978 296 293 6979 327 318 6980 283 294 6981 314 319 6982 315 321 6983 298 298 6984 297 295 6985 328 320 6986 285 299 6987 284 296 6988 315 321 6989 271 297 6990 302 322 6991 303 325 6992 299 301 6993 298 298 6994 329 323 6995 285 299 6996 316 324 6997 317 327 6998 273 303 6999 272 300 7000 303 325 7001 300 304 7002 299 301 7003 330 326 7004 287 305 7005 286 302 7006 317 327 7007 274 306 7008 273 303 7009 304 328 7010 301 307 7011 300 304 7012 331 329 7013 287 305 7014 318 330 7015 319 333 7016 275 309 7017 274 306 7018 305 331 7019 289 310 7020 288 308 7021 319 333 7022 276 311 7023 275 309 7024 306 334 7025 289 310 7026 320 335 7027 321 337 7028 276 311 7029 307 336 7030 308 338 7031 291 282 7032 290 281 7033 321 337 7034 278 284 7035 277 283 7036 308 338 7037 292 285 7038 291 282 7039 322 339 7040 278 284 7041 309 340 7042 310 342 7043 325 314 7044 356 372 7045 357 343 7046 312 315 7047 343 373 7048 344 344 7049 327 318 7050 326 316 7051 357 343 7052 314 319 7053 313 317 7054 344 344 7055 328 320 7056 327 318 7057 358 345 7058 314 319 7059 345 346 7060 346 348 7061 328 320 7062 359 347 7063 360 350 7064 316 324 7065 315 321 7066 346 348 7067 302 322 7068 333 349 7069 334 352 7070 329 323 7071 360 350 7072 361 353 7073 316 324 7074 347 351 7075 348 354 7076 303 325 7077 334 352 7078 335 355 7079 330 326 7080 361 353 7081 362 356 7082 318 330 7083 317 327 7084 348 354 7085 305 331 7086 304 328 7087 335 355 7088 332 332 7089 331 329 7090 362 356 7091 318 330 7092 349 357 7093 350 360 7094 305 331 7095 336 358 7096 337 361 7097 320 335 7098 319 333 7099 350 360 7100 307 336 7101 306 334 7102 337 361 7103 320 335 7104 351 362 7105 352 364 7106 308 338 7107 307 336 7108 338 363 7109 322 339 7110 321 337 7111 352 364 7112 308 338 7113 339 365 7114 340 367 7115 323 341 7116 322 339 7117 353 366 7118 309 340 7119 340 367 7120 341 369 7121 324 312 7122 323 341 7123 354 368 7124 311 313 7125 310 342 7126 341 369 7127 325 314 7128 324 312 7129 355 370 7130 312 315 7131 311 313 7132 342 371 7133 359 347 7134 358 345 7135 389 374 7136 345 346 7137 376 404 7138 377 376 7139 360 350 7140 359 347 7141 390 375 7142 347 351 7143 346 348 7144 377 376 7145 334 352 7146 333 349 7147 364 377 7148 361 353 7149 360 350 7150 391 378 7151 347 351 7152 378 379 7153 379 382 7154 335 355 7155 334 352 7156 365 380 7157 362 356 7158 361 353 7159 392 381 7160 349 357 7161 348 354 7162 379 382 7163 336 358 7164 335 355 7165 366 383 7166 363 359 7167 362 356 7168 393 384 7169 349 357 7170 380 385 7171 381 388 7172 336 358 7173 367 386 7174 368 389 7175 351 362 7176 350 360 7177 381 388 7178 337 361 7179 368 389 7180 369 391 7181 351 362 7182 382 390 7183 383 392 7184 338 363 7185 369 391 7186 370 393 7187 353 366 7188 352 364 7189 383 392 7190 339 365 7191 370 393 7192 371 395 7193 354 368 7194 353 366 7195 384 394 7196 340 367 7197 371 395 7198 372 397 7199 354 368 7200 385 396 7201 386 398 7202 341 369 7203 372 397 7204 373 399 7205 355 370 7206 386 398 7207 387 400 7208 343 373 7209 342 371 7210 373 399 7211 357 343 7212 356 372 7213 387 400 7214 344 344 7215 343 373 7216 374 401 7217 358 345 7218 357 343 7219 388 402 7220 345 346 7221 344 344 7222 375 403 7223 392 381 7224 391 378 7225 422 405 7226 378 379 7227 409 435 7228 410 407 7229 366 383 7230 365 380 7231 396 408 7232 393 384 7233 392 381 7234 423 406 7235 380 385 7236 379 382 7237 410 407 7238 367 386 7239 366 383 7240 397 409 7241 393 384 7242 424 410 7243 425 413 7244 380 385 7245 411 411 7246 412 414 7247 367 386 7248 398 412 7249 399 415 7250 382 390 7251 381 388 7252 412 414 7253 369 391 7254 368 389 7255 399 415 7256 382 390 7257 413 416 7258 414 418 7259 369 391 7260 400 417 7261 401 419 7262 384 394 7263 383 392 7264 414 418 7265 370 393 7266 401 419 7267 402 421 7268 385 396 7269 384 394 7270 415 420 7271 372 397 7272 371 395 7273 402 421 7274 386 398 7275 385 396 7276 416 422 7277 372 397 7278 403 423 7279 404 425 7280 386 398 7281 417 424 7282 418 426 7283 374 401 7284 373 399 7285 404 425 7286 387 400 7287 418 426 7288 419 428 7289 374 401 7290 405 427 7291 406 429 7292 388 402 7293 419 428 7294 420 430 7295 375 403 7296 406 429 7297 407 431 7298 389 374 7299 420 430 7300 421 432 7301 376 404 7302 407 431 7303 408 433 7304 390 375 7305 421 432 7306 422 405 7307 378 379 7308 377 376 7309 408 433 7310 365 380 7311 364 377 7312 395 434 7313 424 410 7314 455 465 7315 456 436 7316 411 411 7317 442 466 7318 443 437 7319 399 415 7320 398 412 7321 429 438 7322 413 416 7323 412 414 7324 443 437 7325 400 417 7326 399 415 7327 430 439 7328 413 416 7329 444 440 7330 445 442 7331 401 419 7332 400 417 7333 431 441 7334 415 420 7335 414 418 7336 445 442 7337 401 419 7338 432 443 7339 433 445 7340 416 422 7341 415 420 7342 446 444 7343 402 421 7344 433 445 7345 434 447 7346 417 424 7347 416 422 7348 447 446 7349 403 423 7350 434 447 7351 435 449 7352 418 426 7353 417 424 7354 448 448 7355 405 427 7356 404 425 7357 435 449 7358 419 428 7359 418 426 7360 449 450 7361 405 427 7362 436 451 7363 437 453 7364 420 430 7365 419 428 7366 450 452 7367 406 429 7368 437 453 7369 438 455 7370 421 432 7371 420 430 7372 451 454 7373 407 431 7374 438 455 7375 439 457 7376 421 432 7377 452 456 7378 453 459 7379 409 435 7380 408 433 7381 439 457 7382 395 434 7383 426 458 7384 427 461 7385 422 405 7386 453 459 7387 454 462 7388 409 435 7389 440 460 7390 441 463 7391 397 409 7392 396 408 7393 427 461 7394 423 406 7395 454 462 7396 455 465 7397 410 407 7398 441 463 7399 442 466 7400 398 412 7401 397 409 7402 428 464 7403 444 440 7404 475 496 7405 476 467 7406 431 441 7407 462 497 7408 463 468 7409 446 444 7410 445 442 7411 476 467 7412 432 443 7413 463 468 7414 464 470 7415 447 446 7416 446 444 7417 477 469 7418 433 445 7419 464 470 7420 465 472 7421 447 446 7422 478 471 7423 479 473 7424 434 447 7425 465 472 7426 466 474 7427 448 448 7428 479 473 7429 480 475 7430 435 449 7431 466 474 7432 467 476 7433 450 452 7434 449 450 7435 480 475 7436 436 451 7437 467 476 7438 468 478 7439 451 454 7440 450 452 7441 481 477 7442 437 453 7443 468 478 7444 469 480 7445 452 456 7446 451 454 7447 482 479 7448 438 455 7449 469 480 7450 470 482 7451 452 456 7452 483 481 7453 484 484 7454 440 460 7455 439 457 7456 470 482 7457 426 458 7458 457 483 7459 458 486 7460 454 462 7461 453 459 7462 484 484 7463 440 460 7464 471 485 7465 472 488 7466 428 464 7467 427 461 7468 458 486 7469 454 462 7470 485 487 7471 486 490 7472 442 466 7473 441 463 7474 472 488 7475 429 438 7476 428 464 7477 459 489 7478 456 436 7479 455 465 7480 486 490 7481 442 466 7482 473 491 7483 474 494 7484 429 438 7485 460 492 7486 461 495 7487 444 440 7488 443 437 7489 474 494 7490 430 439 7491 461 495 7492 462 497 7493 478 471 7494 477 469 7495 508 498 7496 464 470 7497 495 528 7498 496 500 7499 479 473 7500 478 471 7501 509 499 7502 465 472 7503 496 500 7504 497 502 7505 479 473 7506 510 501 7507 511 503 7508 467 476 7509 466 474 7510 497 502 7511 480 475 7512 511 503 7513 512 505 7514 467 476 7515 498 504 7516 499 506 7517 482 479 7518 481 477 7519 512 505 7520 468 478 7521 499 506 7522 500 508 7523 483 481 7524 482 479 7525 513 507 7526 469 480 7527 500 508 7528 501 510 7529 483 481 7530 514 509 7531 515 512 7532 471 485 7533 470 482 7534 501 510 7535 457 483 7536 488 511 7537 489 514 7538 485 487 7539 484 484 7540 515 512 7541 471 485 7542 502 513 7543 503 516 7544 459 489 7545 458 486 7546 489 514 7547 485 487 7548 516 515 7549 517 518 7550 473 491 7551 472 488 7552 503 516 7553 460 492 7554 459 489 7555 490 517 7556 486 490 7557 517 518 7558 518 521 7559 473 491 7560 504 519 7561 505 522 7562 461 495 7563 460 492 7564 491 520 7565 475 496 7566 474 494 7567 505 522 7568 461 495 7569 492 523 7570 493 525 7571 475 496 7572 506 524 7573 507 526 7574 462 497 7575 493 525 7576 494 527 7577 477 469 7578 476 467 7579 507 526 7580 463 468 7581 494 527 7582 495 528 7583 510 501 7584 541 559 7585 542 529 7586 498 504 7587 497 502 7588 528 530 7589 512 505 7590 511 503 7591 542 529 7592 498 504 7593 529 531 7594 530 533 7595 513 507 7596 512 505 7597 543 532 7598 499 506 7599 530 533 7600 531 535 7601 514 509 7602 513 507 7603 544 534 7604 500 508 7605 531 535 7606 532 537 7607 515 512 7608 514 509 7609 545 536 7610 502 513 7611 501 510 7612 532 537 7613 488 511 7614 519 538 7615 520 541 7616 516 515 7617 515 512 7618 546 539 7619 502 513 7620 533 540 7621 534 543 7622 490 517 7623 489 514 7624 520 541 7625 516 515 7626 547 542 7627 548 545 7628 504 519 7629 503 516 7630 534 543 7631 490 517 7632 521 544 7633 522 547 7634 518 521 7635 517 518 7636 548 545 7637 504 519 7638 535 546 7639 536 549 7640 491 520 7641 522 547 7642 523 550 7643 506 524 7644 505 522 7645 536 549 7646 493 525 7647 492 523 7648 523 550 7649 506 524 7650 537 551 7651 538 553 7652 493 525 7653 524 552 7654 525 554 7655 508 498 7656 507 526 7657 538 553 7658 494 527 7659 525 554 7660 526 556 7661 509 499 7662 508 498 7663 539 555 7664 496 500 7665 495 528 7666 526 556 7667 510 501 7668 509 499 7669 540 557 7670 496 500 7671 527 558 7672 528 530 7673 544 534 7674 543 532 7675 574 560 7676 530 533 7677 561 590 7678 562 562 7679 545 536 7680 544 534 7681 575 561 7682 531 535 7683 562 562 7684 563 564 7685 545 536 7686 576 563 7687 577 566 7688 533 540 7689 532 537 7690 563 564 7691 519 538 7692 550 565 7693 551 568 7694 547 542 7695 546 539 7696 577 566 7697 533 540 7698 564 567 7699 565 570 7700 520 541 7701 551 568 7702 552 571 7703 548 545 7704 547 542 7705 578 569 7706 535 546 7707 534 543 7708 565 570 7709 522 547 7710 521 544 7711 552 571 7712 549 548 7713 548 545 7714 579 572 7715 535 546 7716 566 573 7717 567 576 7718 522 547 7719 553 574 7720 554 577 7721 537 551 7722 536 549 7723 567 576 7724 523 550 7725 554 577 7726 555 579 7727 537 551 7728 568 578 7729 569 580 7730 524 552 7731 555 579 7732 556 581 7733 539 555 7734 538 553 7735 569 580 7736 525 554 7737 556 581 7738 557 583 7739 540 557 7740 539 555 7741 570 582 7742 526 556 7743 557 583 7744 558 585 7745 541 559 7746 540 557 7747 571 584 7748 527 558 7749 558 585 7750 559 587 7751 542 529 7752 541 559 7753 572 586 7754 529 531 7755 528 530 7756 559 587 7757 542 529 7758 573 588 7759 574 560 7760 529 531 7761 560 589 7762 561 590 7763 576 563 7764 607 621 7765 608 592 7766 564 567 7767 563 564 7768 594 593 7769 550 565 7770 581 591 7771 582 595 7772 578 569 7773 577 566 7774 608 592 7775 564 567 7776 595 594 7777 596 597 7778 552 571 7779 551 568 7780 582 595 7781 578 569 7782 609 596 7783 610 599 7784 566 573 7785 565 570 7786 596 597 7787 553 574 7788 552 571 7789 583 598 7790 580 575 7791 579 572 7792 610 599 7793 566 573 7794 597 600 7795 598 603 7796 553 574 7797 584 601 7798 585 604 7799 568 578 7800 567 576 7801 598 603 7802 555 579 7803 554 577 7804 585 604 7805 568 578 7806 599 605 7807 600 607 7808 555 579 7809 586 606 7810 587 608 7811 570 582 7812 569 580 7813 600 607 7814 556 581 7815 587 608 7816 588 610 7817 571 584 7818 570 582 7819 601 609 7820 558 585 7821 557 583 7822 588 610 7823 572 586 7824 571 584 7825 602 611 7826 558 585 7827 589 612 7828 590 614 7829 572 586 7830 603 613 7831 604 615 7832 560 589 7833 559 587 7834 590 614 7835 574 560 7836 573 588 7837 604 615 7838 560 589 7839 591 616 7840 592 618 7841 575 561 7842 574 560 7843 605 617 7844 561 590 7845 592 618 7846 593 620 7847 576 563 7848 575 561 7849 606 619 7850 562 562 7851 593 620 7852 594 593 7853 582 595 7854 613 652 7855 614 622 7856 610 599 7857 609 596 7858 640 623 7859 597 600 7860 596 597 7861 627 625 7862 584 601 7863 583 598 7864 614 622 7865 610 599 7866 641 624 7867 642 628 7868 597 600 7869 628 626 7870 629 629 7871 585 604 7872 584 601 7873 615 627 7874 599 605 7875 598 603 7876 629 629 7877 586 606 7878 585 604 7879 616 630 7880 599 605 7881 630 631 7882 631 633 7883 586 606 7884 617 632 7885 618 634 7886 601 609 7887 600 607 7888 631 633 7889 587 608 7890 618 634 7891 619 636 7892 602 611 7893 601 609 7894 632 635 7895 589 612 7896 588 610 7897 619 636 7898 603 613 7899 602 611 7900 633 637 7901 589 612 7902 620 638 7903 621 640 7904 603 613 7905 634 639 7906 635 641 7907 591 616 7908 590 614 7909 621 640 7910 605 617 7911 604 615 7912 635 641 7913 591 616 7914 622 642 7915 623 644 7916 606 619 7917 605 617 7918 636 643 7919 592 618 7920 623 644 7921 624 646 7922 607 621 7923 606 619 7924 637 645 7925 593 620 7926 624 646 7927 625 648 7928 607 621 7929 638 647 7930 639 650 7931 595 594 7932 594 593 7933 625 648 7934 581 591 7935 612 649 7936 613 652 7937 609 596 7938 608 592 7939 639 650 7940 595 594 7941 626 651 7942 627 625 7943 615 627 7944 646 683 7945 647 653 7946 630 631 7947 629 629 7948 660 655 7949 617 632 7950 616 630 7951 647 653 7952 630 631 7953 661 656 7954 662 658 7955 617 632 7956 648 657 7957 649 659 7958 632 635 7959 631 633 7960 662 658 7961 618 634 7962 649 659 7963 650 661 7964 633 637 7965 632 635 7966 663 660 7967 620 638 7968 619 636 7969 650 661 7970 633 637 7971 664 662 7972 665 664 7973 620 638 7974 651 663 7975 652 665 7976 635 641 7977 634 639 7978 665 664 7979 622 642 7980 621 640 7981 652 665 7982 636 643 7983 635 641 7984 666 666 7985 622 642 7986 653 667 7987 654 669 7988 636 643 7989 667 668 7990 668 670 7991 623 644 7992 654 669 7993 655 671 7994 637 645 7995 668 670 7996 669 672 7997 624 646 7998 655 671 7999 656 673 8000 638 647 8001 669 672 8002 670 675 8003 626 651 8004 625 648 8005 656 673 8006 613 652 8007 612 649 8008 643 674 8009 640 623 8010 639 650 8011 670 675 8012 626 651 8013 657 676 8014 658 679 8015 614 622 8016 613 652 8017 644 677 8018 641 624 8019 640 623 8020 671 678 8021 628 626 8022 627 625 8023 658 679 8024 614 622 8025 645 680 8026 646 683 8027 641 624 8028 672 681 8029 673 654 8030 628 626 8031 659 682 8032 660 655 8033 649 659 8034 648 657 8035 679 684 8036 663 660 8037 662 658 8038 693 686 8039 649 659 8040 680 685 8041 681 688 8042 664 662 8043 663 660 8044 694 687 8045 650 661 8046 681 688 8047 682 690 8048 664 662 8049 695 689 8050 696 691 8051 651 663 8052 682 690 8053 683 692 8054 666 666 8055 665 664 8056 696 691 8057 653 667 8058 652 665 8059 683 692 8060 667 668 8061 666 666 8062 697 693 8063 653 667 8064 684 694 8065 685 696 8066 668 670 8067 667 668 8068 698 695 8069 655 671 8070 654 669 8071 685 696 8072 669 672 8073 668 670 8074 699 697 8075 655 671 8076 686 698 8077 687 700 8078 669 672 8079 700 699 8080 701 702 8081 657 676 8082 656 673 8083 687 700 8084 643 674 8085 674 701 8086 675 704 8087 671 678 8088 670 675 8089 701 702 8090 657 676 8091 688 703 8092 689 706 8093 645 680 8094 644 677 8095 675 704 8096 671 678 8097 702 705 8098 703 708 8099 659 682 8100 658 679 8101 689 706 8102 645 680 8103 676 707 8104 677 710 8105 673 654 8106 672 681 8107 703 708 8108 659 682 8109 690 709 8110 691 712 8111 646 683 8112 677 710 8113 678 713 8114 661 656 8115 660 655 8116 691 712 8117 648 657 8118 647 653 8119 678 713 8120 661 656 8121 692 714 8122 693 686 8123 681 688 8124 712 745 8125 713 715 8126 696 691 8127 695 689 8128 726 716 8129 683 692 8130 682 690 8131 713 715 8132 697 693 8133 696 691 8134 727 717 8135 683 692 8136 714 718 8137 715 720 8138 697 693 8139 728 719 8140 729 721 8141 684 694 8142 715 720 8143 716 722 8144 699 697 8145 698 695 8146 729 721 8147 686 698 8148 685 696 8149 716 722 8150 699 697 8151 730 723 8152 731 725 8153 686 698 8154 717 724 8155 718 726 8156 700 699 8157 731 725 8158 732 728 8159 688 703 8160 687 700 8161 718 726 8162 674 701 8163 705 727 8164 706 730 8165 702 705 8166 701 702 8167 732 728 8168 688 703 8169 719 729 8170 720 732 8171 675 704 8172 706 730 8173 707 733 8174 702 705 8175 733 731 8176 734 734 8177 690 709 8178 689 706 8179 720 732 8180 677 710 8181 676 707 8182 707 733 8183 703 708 8184 734 734 8185 735 737 8186 690 709 8187 721 735 8188 722 738 8189 678 713 8190 677 710 8191 708 736 8192 692 714 8193 691 712 8194 722 738 8195 678 713 8196 709 739 8197 710 741 8198 692 714 8199 723 740 8200 724 742 8201 680 685 8202 679 684 8203 710 741 8204 694 687 8205 693 686 8206 724 742 8207 680 685 8208 711 743 8209 712 745 8210 695 689 8211 694 687 8212 725 744 8213 715 720 8214 714 718 8215 745 746 8216 728 719 8217 759 776 8218 760 748 8219 715 720 8220 746 747 8221 747 749 8222 729 721 8223 760 748 8224 761 750 8225 716 722 8226 747 749 8227 748 751 8228 731 725 8229 730 723 8230 761 750 8231 717 724 8232 748 751 8233 749 753 8234 732 728 8235 731 725 8236 762 752 8237 719 729 8238 718 726 8239 749 753 8240 705 727 8241 736 754 8242 737 757 8243 733 731 8244 732 728 8245 763 755 8246 719 729 8247 750 756 8248 751 759 8249 706 730 8250 737 757 8251 738 760 8252 734 734 8253 733 731 8254 764 758 8255 721 735 8256 720 732 8257 751 759 8258 708 736 8259 707 733 8260 738 760 8261 735 737 8262 734 734 8263 765 761 8264 721 735 8265 752 762 8266 753 765 8267 708 736 8268 739 763 8269 740 766 8270 723 740 8271 722 738 8272 753 765 8273 709 739 8274 740 766 8275 741 768 8276 723 740 8277 754 767 8278 755 769 8279 710 741 8280 741 768 8281 742 770 8282 725 744 8283 724 742 8284 755 769 8285 711 743 8286 742 770 8287 743 772 8288 726 716 8289 725 744 8290 756 771 8291 712 745 8292 743 772 8293 744 774 8294 727 717 8295 726 716 8296 757 773 8297 713 715 8298 744 774 8299 745 746 8300 727 717 8301 758 775 8302 759 776 8303 748 751 8304 747 749 8305 778 777 8306 762 752 8307 761 750 8308 792 779 8309 748 751 8310 779 778 8311 780 781 8312 762 752 8313 793 780 8314 794 783 8315 750 756 8316 749 753 8317 780 781 8318 736 754 8319 767 782 8320 768 785 8321 764 758 8322 763 755 8323 794 783 8324 750 756 8325 781 784 8326 782 787 8327 737 757 8328 768 785 8329 769 788 8330 765 761 8331 764 758 8332 795 786 8333 752 762 8334 751 759 8335 782 787 8336 738 760 8337 769 788 8338 770 791 8339 765 761 8340 796 789 8341 797 792 8342 752 762 8343 783 790 8344 784 793 8345 740 766 8346 739 763 8347 770 791 8348 754 767 8349 753 765 8350 784 793 8351 741 768 8352 740 766 8353 771 794 8354 754 767 8355 785 795 8356 786 797 8357 742 770 8358 741 768 8359 772 796 8360 756 771 8361 755 769 8362 786 797 8363 742 770 8364 773 798 8365 774 800 8366 757 773 8367 756 771 8368 787 799 8369 743 772 8370 774 800 8371 775 802 8372 757 773 8373 788 801 8374 789 803 8375 745 746 8376 744 774 8377 775 802 8378 758 775 8379 789 803 8380 790 805 8381 745 746 8382 776 804 8383 777 806 8384 760 748 8385 759 776 8386 790 805 8387 746 747 8388 777 806 8389 778 777 8390 761 750 8391 760 748 8392 791 807 8393 781 784 8394 780 781 8395 811 808 8396 767 782 8397 798 838 8398 799 810 8399 795 786 8400 794 783 8401 825 811 8402 781 784 8403 812 809 8404 813 813 8405 768 785 8406 799 810 8407 800 814 8408 795 786 8409 826 812 8410 827 815 8411 783 790 8412 782 787 8413 813 813 8414 769 788 8415 800 814 8416 801 817 8417 796 789 8418 827 815 8419 828 818 8420 783 790 8421 814 816 8422 815 819 8423 770 791 8424 801 817 8425 802 820 8426 785 795 8427 784 793 8428 815 819 8429 771 794 8430 802 820 8431 803 822 8432 785 795 8433 816 821 8434 817 823 8435 773 798 8436 772 796 8437 803 822 8438 787 799 8439 786 797 8440 817 823 8441 774 800 8442 773 798 8443 804 824 8444 788 801 8445 787 799 8446 818 825 8447 774 800 8448 805 826 8449 806 828 8450 788 801 8451 819 827 8452 820 829 8453 776 804 8454 775 802 8455 806 828 8456 789 803 8457 820 829 8458 821 831 8459 777 806 8460 776 804 8461 807 830 8462 790 805 8463 821 831 8464 822 833 8465 777 806 8466 808 832 8467 809 834 8468 791 807 8469 822 833 8470 823 835 8471 779 778 8472 778 777 8473 809 834 8474 793 780 8475 792 779 8476 823 835 8477 779 778 8478 810 836 8479 811 808 8480 793 780 8481 824 837 8482 825 811 8483 802 820 8484 801 817 8485 832 839 8486 816 821 8487 815 819 8488 846 842 8489 803 822 8490 802 820 8491 833 840 8492 816 821 8493 847 843 8494 848 845 8495 804 824 8496 803 822 8497 834 844 8498 818 825 8499 817 823 8500 848 845 8501 804 824 8502 835 846 8503 836 848 8504 819 827 8505 818 825 8506 849 847 8507 805 826 8508 836 848 8509 837 850 8510 819 827 8511 850 849 8512 851 851 8513 806 828 8514 837 850 8515 838 852 8516 821 831 8517 820 829 8518 851 851 8519 808 832 8520 807 830 8521 838 852 8522 821 831 8523 852 853 8524 853 855 8525 808 832 8526 839 854 8527 840 856 8528 822 833 8529 853 855 8530 854 857 8531 810 836 8532 809 834 8533 840 856 8534 824 837 8535 823 835 8536 854 857 8537 810 836 8538 841 858 8539 842 860 8540 824 837 8541 855 859 8542 856 862 8543 812 809 8544 811 808 8545 842 860 8546 798 838 8547 829 861 8548 830 864 8549 826 812 8550 825 811 8551 856 862 8552 813 813 8553 812 809 8554 843 863 8555 799 810 8556 830 864 8557 831 867 8558 827 815 8559 826 812 8560 857 865 8561 813 813 8562 844 866 8563 845 869 8564 801 817 8565 800 814 8566 831 867 8567 828 818 8568 827 815 8569 858 868 8570 814 816 8571 845 869 8572 846 842 8573 834 844 8574 865 900 8575 866 870 8576 849 847 8577 848 845 8578 879 871 8579 835 846 8580 866 870 8581 867 873 8582 850 849 8583 849 847 8584 880 872 8585 836 848 8586 867 873 8587 868 875 8588 850 849 8589 881 874 8590 882 876 8591 838 852 8592 837 850 8593 868 875 8594 851 851 8595 882 876 8596 883 878 8597 839 854 8598 838 852 8599 869 877 8600 853 855 8601 852 853 8602 883 878 8603 839 854 8604 870 879 8605 871 881 8606 854 857 8607 853 855 8608 884 880 8609 841 858 8610 840 856 8611 871 881 8612 854 857 8613 885 882 8614 886 884 8615 841 858 8616 872 883 8617 873 885 8618 855 859 8619 886 884 8620 887 887 8621 843 863 8622 842 860 8623 873 885 8624 829 861 8625 860 886 8626 861 889 8627 857 865 8628 856 862 8629 887 887 8630 844 866 8631 843 863 8632 874 888 8633 830 864 8634 861 889 8635 862 892 8636 858 868 8637 857 865 8638 888 890 8639 844 866 8640 875 891 8641 876 894 8642 832 839 8643 831 867 8644 862 892 8645 859 841 8646 858 868 8647 889 893 8648 845 869 8649 876 894 8650 877 897 8651 832 839 8652 863 895 8653 864 898 8654 847 843 8655 846 842 8656 877 897 8657 833 840 8658 864 898 8659 865 900 8660 847 843 8661 878 899 8662 879 871 8663 867 873 8664 898 930 8665 899 901 8666 881 874 8667 912 931 8668 913 902 8669 868 875 8670 899 901 8671 900 903 8672 882 876 8673 913 902 8674 914 904 8675 870 879 8676 869 877 8677 900 903 8678 884 880 8679 883 878 8680 914 904 8681 870 879 8682 901 905 8683 902 907 8684 885 882 8685 884 880 8686 915 906 8687 872 883 8688 871 881 8689 902 907 8690 885 882 8691 916 908 8692 917 910 8693 872 883 8694 903 909 8695 904 911 8696 886 884 8697 917 910 8698 918 913 8699 874 888 8700 873 885 8701 904 911 8702 860 886 8703 891 912 8704 892 915 8705 887 887 8706 918 913 8707 919 916 8708 875 891 8709 874 888 8710 905 914 8711 861 889 8712 892 915 8713 893 918 8714 888 890 8715 919 916 8716 920 919 8717 875 891 8718 906 917 8719 907 920 8720 863 895 8721 862 892 8722 893 918 8723 889 893 8724 920 919 8725 921 922 8726 876 894 8727 907 920 8728 908 923 8729 863 895 8730 894 921 8731 895 924 8732 878 899 8733 877 897 8734 908 923 8735 864 898 8736 895 924 8737 896 926 8738 878 899 8739 909 925 8740 910 927 8741 866 870 8742 865 900 8743 896 926 8744 880 872 8745 879 871 8746 910 927 8747 866 870 8748 897 928 8749 898 930 8750 881 874 8751 880 872 8752 911 929 8753 901 905 8754 900 903 8755 931 932 8756 914 904 8757 945 962 8758 946 934 8759 901 905 8760 932 933 8761 933 935 8762 916 908 8763 915 906 8764 946 934 8765 903 909 8766 902 907 8767 933 935 8768 917 910 8769 916 908 8770 947 936 8771 903 909 8772 934 937 8773 935 939 8774 917 910 8775 948 938 8776 949 941 8777 905 914 8778 904 911 8779 935 939 8780 891 912 8781 922 940 8782 923 943 8783 918 913 8784 949 941 8785 950 944 8786 906 917 8787 905 914 8788 936 942 8789 892 915 8790 923 943 8791 924 946 8792 920 919 8793 919 916 8794 950 944 8795 906 917 8796 937 945 8797 938 948 8798 894 921 8799 893 918 8800 924 946 8801 921 922 8802 920 919 8803 951 947 8804 907 920 8805 938 948 8806 939 951 8807 895 924 8808 894 921 8809 925 949 8810 909 925 8811 908 923 8812 939 951 8813 896 926 8814 895 924 8815 926 952 8816 909 925 8817 940 953 8818 941 955 8819 897 928 8820 896 926 8821 927 954 8822 911 929 8823 910 927 8824 941 955 8825 898 930 8826 897 928 8827 928 956 8828 912 931 8829 911 929 8830 942 957 8831 898 930 8832 929 958 8833 930 960 8834 912 931 8835 943 959 8836 944 961 8837 900 903 8838 899 901 8839 930 960 8840 913 902 8841 944 961 8842 945 962 8843 934 937 8844 933 935 8845 964 963 8846 948 938 8847 947 936 8848 978 965 8849 934 937 8850 965 964 8851 966 967 8852 949 941 8853 948 938 8854 979 966 8855 936 942 8856 935 939 8857 966 967 8858 922 940 8859 953 968 8860 954 971 8861 950 944 8862 949 941 8863 980 969 8864 937 945 8865 936 942 8866 967 970 8867 923 943 8868 954 971 8869 955 974 8870 950 944 8871 981 972 8872 982 975 8873 937 945 8874 968 973 8875 969 976 8876 924 946 8877 955 974 8878 956 977 8879 951 947 8880 982 975 8881 983 978 8882 938 948 8883 969 976 8884 970 979 8885 925 949 8886 956 977 8887 957 980 8888 940 953 8889 939 951 8890 970 979 8891 927 954 8892 926 952 8893 957 980 8894 940 953 8895 971 981 8896 972 983 8897 928 956 8898 927 954 8899 958 982 8900 942 957 8901 941 955 8902 972 983 8903 928 956 8904 959 984 8905 960 986 8906 943 959 8907 942 957 8908 973 985 8909 930 960 8910 929 958 8911 960 986 8912 943 959 8913 974 987 8914 975 989 8915 930 960 8916 961 988 8917 962 990 8918 944 961 8919 975 989 8920 976 991 8921 932 933 8922 931 932 8923 962 990 8924 945 962 8925 976 991 8926 977 993 8927 932 933 8928 963 992 8929 964 963 8930 947 936 8931 946 934 8932 977 993 8933 967 970 8934 966 967 8935 997 994 8936 953 968 8937 984 1023 8938 985 996 8939 980 969 8940 1011 1024 8941 1012 997 8942 968 973 8943 967 970 8944 998 995 8945 954 971 8946 985 996 8947 986 999 8948 982 975 8949 981 972 8950 1012 997 8951 968 973 8952 999 998 8953 1000 1001 8954 956 977 8955 955 974 8956 986 999 8957 983 978 8958 982 975 8959 1013 1000 8960 969 976 8961 1000 1001 8962 1001 1004 8963 956 977 8964 987 1002 8965 988 1005 8966 971 981 8967 970 979 8968 1001 1004 8969 957 980 8970 988 1005 8971 989 1007 8972 971 981 8973 1002 1006 8974 1003 1008 8975 959 984 8976 958 982 8977 989 1007 8978 973 985 8979 972 983 8980 1003 1008 8981 960 986 8982 959 984 8983 990 1009 8984 974 987 8985 973 985 8986 1004 1010 8987 961 988 8988 960 986 8989 991 1011 8990 975 989 8991 974 987 8992 1005 1012 8993 961 988 8994 992 1013 8995 993 1015 8996 975 989 8997 1006 1014 8998 1007 1016 8999 963 992 9000 962 990 9001 993 1015 9002 977 993 9003 976 991 9004 1007 1016 9005 963 992 9006 994 1017 9007 995 1019 9008 978 965 9009 977 993 9010 1008 1018 9011 965 964 9012 964 963 9013 995 1019 9014 978 965 9015 1009 1020 9016 1010 1022 9017 965 964 9018 996 1021 9019 997 994 9020 979 966 9021 1010 1022 9022 1011 1024 9023 999 998 9024 1030 1054 9025 1031 1025 9026 987 1002 9027 986 999 9028 1017 1026 9029 1013 1000 9030 1044 1055 9031 1045 1028 9032 1000 1001 9033 1031 1025 9034 1032 1029 9035 987 1002 9036 1018 1027 9037 1019 1030 9038 1002 1006 9039 1001 1004 9040 1032 1029 9041 988 1005 9042 1019 1030 9043 1020 1032 9044 1002 1006 9045 1033 1031 9046 1034 1033 9047 990 1009 9048 989 1007 9049 1020 1032 9050 1004 1010 9051 1003 1008 9052 1034 1033 9053 990 1009 9054 1021 1034 9055 1022 1036 9056 1005 1012 9057 1004 1010 9058 1035 1035 9059 991 1011 9060 1022 1036 9061 1023 1038 9062 1006 1014 9063 1005 1012 9064 1036 1037 9065 992 1013 9066 1023 1038 9067 1024 1040 9068 1006 1014 9069 1037 1039 9070 1038 1041 9071 994 1017 9072 993 1015 9073 1024 1040 9074 1007 1016 9075 1038 1041 9076 1039 1043 9077 994 1017 9078 1025 1042 9079 1026 1044 9080 1009 1020 9081 1008 1018 9082 1039 1043 9083 996 1021 9084 995 1019 9085 1026 1044 9086 1010 1022 9087 1009 1020 9088 1040 1045 9089 996 1021 9090 1027 1046 9091 1028 1048 9092 1011 1024 9093 1010 1022 9094 1041 1047 9095 998 995 9096 997 994 9097 1028 1048 9098 984 1023 9099 1015 1049 9100 1016 1052 9101 1012 997 9102 1011 1024 9103 1042 1050 9104 999 998 9105 998 995 9106 1029 1051 9107 985 996 9108 1016 1052 9109 1017 1026 9110 1013 1000 9111 1012 997 9112 1043 1053 9113 1033 1031 9114 1032 1029 9115 1063 1056 9116 1019 1030 9117 1050 1086 9118 1051 1058 9119 1033 1031 9120 1064 1057 9121 1065 1059 9122 1020 1032 9123 1051 1058 9124 1052 1060 9125 1035 1035 9126 1034 1033 9127 1065 1059 9128 1022 1036 9129 1021 1034 9130 1052 1060 9131 1036 1037 9132 1035 1035 9133 1066 1061 9134 1022 1036 9135 1053 1062 9136 1054 1064 9137 1036 1037 9138 1067 1063 9139 1068 1065 9140 1023 1038 9141 1054 1064 9142 1055 1066 9143 1037 1039 9144 1068 1065 9145 1069 1067 9146 1025 1042 9147 1024 1040 9148 1055 1066 9149 1038 1041 9150 1069 1067 9151 1070 1069 9152 1025 1042 9153 1056 1068 9154 1057 1070 9155 1039 1043 9156 1070 1069 9157 1071 1071 9158 1027 1046 9159 1026 1044 9160 1057 1070 9161 1040 1045 9162 1071 1071 9163 1072 1073 9164 1027 1046 9165 1058 1072 9166 1059 1074 9167 1041 1047 9168 1072 1073 9169 1073 1076 9170 1029 1051 9171 1028 1048 9172 1059 1074 9173 1015 1049 9174 1046 1075 9175 1047 1078 9176 1042 1050 9177 1073 1076 9178 1074 1079 9179 1030 1054 9180 1029 1051 9181 1060 1077 9182 1016 1052 9183 1047 1078 9184 1048 1081 9185 1044 1055 9186 1043 1053 9187 1074 1079 9188 1030 1054 9189 1061 1080 9190 1062 1083 9191 1018 1027 9192 1017 1026 9193 1048 1081 9194 1045 1028 9195 1044 1055 9196 1075 1082 9197 1031 1025 9198 1062 1083 9199 1063 1056 9200 1019 1030 9201 1018 1027 9202 1049 1084 9203 1066 1061 9204 1065 1059 9205 1096 1087 9206 1053 1062 9207 1052 1060 9208 1083 1089 9209 1067 1063 9210 1066 1061 9211 1097 1088 9212 1053 1062 9213 1084 1090 9214 1085 1092 9215 1068 1065 9216 1067 1063 9217 1098 1091 9218 1054 1064 9219 1085 1092 9220 1086 1094 9221 1068 1065 9222 1099 1093 9223 1100 1095 9224 1056 1068 9225 1055 1066 9226 1086 1094 9227 1070 1069 9228 1069 1067 9229 1100 1095 9230 1056 1068 9231 1087 1096 9232 1088 1098 9233 1071 1071 9234 1070 1069 9235 1101 1097 9236 1058 1072 9237 1057 1070 9238 1088 1098 9239 1072 1073 9240 1071 1071 9241 1102 1099 9242 1058 1072 9243 1089 1100 9244 1090 1102 9245 1072 1073 9246 1103 1101 9247 1104 1104 9248 1060 1077 9249 1059 1074 9250 1090 1102 9251 1046 1075 9252 1077 1103 9253 1078 1106 9254 1074 1079 9255 1073 1076 9256 1104 1104 9257 1061 1080 9258 1060 1077 9259 1091 1105 9260 1047 1078 9261 1078 1106 9262 1079 1109 9263 1074 1079 9264 1105 1107 9265 1106 1110 9266 1061 1080 9267 1092 1108 9268 1093 1111 9269 1048 1081 9270 1079 1109 9271 1080 1112 9272 1075 1082 9273 1106 1110 9274 1107 1113 9275 1062 1083 9276 1093 1111 9277 1094 1114 9278 1049 1084 9279 1080 1112 9280 1081 1115 9281 1064 1057 9282 1063 1056 9283 1094 1114 9284 1050 1086 9285 1081 1115 9286 1082 1117 9287 1064 1057 9288 1095 1116 9289 1096 1087 9290 1052 1060 9291 1051 1058 9292 1082 1117 9293 1099 1093 9294 1098 1091 9295 1129 1118 9296 1086 1094 9297 1085 1092 9298 1116 1120 9299 1099 1093 9300 1130 1119 9301 1131 1122 9302 1087 1096 9303 1086 1094 9304 1117 1121 9305 1100 1095 9306 1131 1122 9307 1132 1124 9308 1087 1096 9309 1118 1123 9310 1119 1125 9311 1101 1097 9312 1132 1124 9313 1133 1126 9314 1089 1100 9315 1088 1098 9316 1119 1125 9317 1102 1099 9318 1133 1126 9319 1134 1128 9320 1089 1100 9321 1120 1127 9322 1121 1129 9323 1104 1104 9324 1103 1101 9325 1134 1128 9326 1091 1105 9327 1090 1102 9328 1121 1129 9329 1077 1103 9330 1108 1130 9331 1109 1133 9332 1105 1107 9333 1104 1104 9334 1135 1131 9335 1092 1108 9336 1091 1105 9337 1122 1132 9338 1078 1106 9339 1109 1133 9340 1110 1136 9341 1105 1107 9342 1136 1134 9343 1137 1137 9344 1092 1108 9345 1123 1135 9346 1124 1138 9347 1080 1112 9348 1079 1109 9349 1110 1136 9350 1106 1110 9351 1137 1137 9352 1138 1140 9353 1093 1111 9354 1124 1138 9355 1125 1141 9356 1081 1115 9357 1080 1112 9358 1111 1139 9359 1095 1116 9360 1094 1114 9361 1125 1141 9362 1081 1115 9363 1112 1142 9364 1113 1144 9365 1095 1116 9366 1126 1143 9367 1127 1145 9368 1082 1117 9369 1113 1144 9370 1114 1146 9371 1097 1088 9372 1096 1087 9373 1127 1145 9374 1084 1090 9375 1083 1089 9376 1114 1146 9377 1098 1091 9378 1097 1088 9379 1128 1147 9380 1085 1092 9381 1084 1090 9382 1115 1148 9383 1132 1124 9384 1131 1122 9385 1162 1149 9386 1118 1123 9387 1149 1179 9388 1150 1151 9389 1133 1126 9390 1132 1124 9391 1163 1150 9392 1120 1127 9393 1119 1125 9394 1150 1151 9395 1134 1128 9396 1133 1126 9397 1164 1152 9398 1120 1127 9399 1151 1153 9400 1152 1155 9401 1135 1131 9402 1134 1128 9403 1165 1154 9404 1122 1132 9405 1121 1129 9406 1152 1155 9407 1108 1130 9408 1139 1156 9409 1140 1159 9410 1136 1134 9411 1135 1131 9412 1166 1157 9413 1123 1135 9414 1122 1132 9415 1153 1158 9416 1109 1133 9417 1140 1159 9418 1141 1162 9419 1137 1137 9420 1136 1134 9421 1167 1160 9422 1123 1135 9423 1154 1161 9424 1155 1164 9425 1110 1136 9426 1141 1162 9427 1142 1165 9428 1138 1140 9429 1137 1137 9430 1168 1163 9431 1124 1138 9432 1155 1164 9433 1156 1167 9434 1111 1139 9435 1142 1165 9436 1143 1168 9437 1126 1143 9438 1125 1141 9439 1156 1167 9440 1113 1144 9441 1112 1142 9442 1143 1168 9443 1126 1143 9444 1157 1169 9445 1158 1171 9446 1114 1146 9447 1113 1144 9448 1144 1170 9449 1128 1147 9450 1127 1145 9451 1158 1171 9452 1114 1146 9453 1145 1172 9454 1146 1174 9455 1129 1118 9456 1128 1147 9457 1159 1173 9458 1115 1148 9459 1146 1174 9460 1147 1176 9461 1130 1119 9462 1129 1118 9463 1160 1175 9464 1116 1120 9465 1147 1176 9466 1148 1178 9467 1130 1119 9468 1161 1177 9469 1162 1149 9470 1117 1121 9471 1148 1178 9472 1149 1179 9473 1165 1154 9474 1164 1152 9475 1195 1180 9476 1151 1153 9477 1182 1210 9478 1183 1182 9479 1165 1154 9480 1196 1181 9481 1197 1184 9482 1153 1158 9483 1152 1155 9484 1183 1182 9485 1139 1156 9486 1170 1183 9487 1171 1186 9488 1167 1160 9489 1166 1157 9490 1197 1184 9491 1153 1158 9492 1184 1185 9493 1185 1188 9494 1140 1159 9495 1171 1186 9496 1172 1189 9497 1167 1160 9498 1198 1187 9499 1199 1190 9500 1155 1164 9501 1154 1161 9502 1185 1188 9503 1141 1162 9504 1172 1189 9505 1173 1192 9506 1168 1163 9507 1199 1190 9508 1200 1193 9509 1155 1164 9510 1186 1191 9511 1187 1194 9512 1142 1165 9513 1173 1192 9514 1174 1195 9515 1157 1169 9516 1156 1167 9517 1187 1194 9518 1143 1168 9519 1174 1195 9520 1175 1197 9521 1157 1169 9522 1188 1196 9523 1189 1198 9524 1144 1170 9525 1175 1197 9526 1176 1199 9527 1159 1173 9528 1158 1171 9529 1189 1198 9530 1145 1172 9531 1176 1199 9532 1177 1201 9533 1160 1175 9534 1159 1173 9535 1190 1200 9536 1146 1174 9537 1177 1201 9538 1178 1203 9539 1161 1177 9540 1160 1175 9541 1191 1202 9542 1148 1178 9543 1147 1176 9544 1178 1203 9545 1161 1177 9546 1192 1204 9547 1193 1206 9548 1148 1178 9549 1179 1205 9550 1180 1207 9551 1163 1150 9552 1162 1149 9553 1193 1206 9554 1149 1179 9555 1180 1207 9556 1181 1209 9557 1164 1152 9558 1163 1150 9559 1194 1208 9560 1151 1153 9561 1150 1151 9562 1181 1209 9563 1170 1183 9564 1201 1241 9565 1202 1211 9566 1198 1187 9567 1197 1184 9568 1228 1212 9569 1185 1188 9570 1184 1185 9571 1215 1214 9572 1171 1186 9573 1202 1211 9574 1203 1216 9575 1199 1190 9576 1198 1187 9577 1229 1213 9578 1185 1188 9579 1216 1215 9580 1217 1218 9581 1173 1192 9582 1172 1189 9583 1203 1216 9584 1200 1193 9585 1199 1190 9586 1230 1217 9587 1186 1191 9588 1217 1218 9589 1218 1221 9590 1174 1195 9591 1173 1192 9592 1204 1219 9593 1188 1196 9594 1187 1194 9595 1218 1221 9596 1175 1197 9597 1174 1195 9598 1205 1222 9599 1188 1196 9600 1219 1223 9601 1220 1225 9602 1176 1199 9603 1175 1197 9604 1206 1224 9605 1190 1200 9606 1189 1198 9607 1220 1225 9608 1177 1201 9609 1176 1199 9610 1207 1226 9611 1191 1202 9612 1190 1200 9613 1221 1227 9614 1177 1201 9615 1208 1228 9616 1209 1230 9617 1192 1204 9618 1191 1202 9619 1222 1229 9620 1179 1205 9621 1178 1203 9622 1209 1230 9623 1192 1204 9624 1223 1231 9625 1224 1233 9626 1179 1205 9627 1210 1232 9628 1211 1234 9629 1194 1208 9630 1193 1206 9631 1224 1233 9632 1180 1207 9633 1211 1234 9634 1212 1236 9635 1194 1208 9636 1225 1235 9637 1226 1237 9638 1182 1210 9639 1181 1209 9640 1212 1236 9641 1196 1181 9642 1195 1180 9643 1226 1237 9644 1182 1210 9645 1213 1238 9646 1214 1240 9647 1196 1181 9648 1227 1239 9649 1228 1212 9650 1184 1185 9651 1183 1182 9652 1214 1240 9653 1204 1219 9654 1203 1216 9655 1234 1242 9656 1231 1220 9657 1230 1217 9658 1261 1244 9659 1217 1218 9660 1248 1272 9661 1249 1246 9662 1204 1219 9663 1235 1243 9664 1236 1247 9665 1219 1223 9666 1218 1221 9667 1249 1246 9668 1205 1222 9669 1236 1247 9670 1237 1249 9671 1219 1223 9672 1250 1248 9673 1251 1250 9674 1206 1224 9675 1237 1249 9676 1238 1251 9677 1221 1227 9678 1220 1225 9679 1251 1250 9680 1207 1226 9681 1238 1251 9682 1239 1253 9683 1222 1229 9684 1221 1227 9685 1252 1252 9686 1208 1228 9687 1239 1253 9688 1240 1255 9689 1222 1229 9690 1253 1254 9691 1254 1256 9692 1210 1232 9693 1209 1230 9694 1240 1255 9695 1223 1231 9696 1254 1256 9697 1255 1258 9698 1210 1232 9699 1241 1257 9700 1242 1259 9701 1224 1233 9702 1255 1258 9703 1256 1260 9704 1211 1234 9705 1242 1259 9706 1243 1261 9707 1226 1237 9708 1225 1235 9709 1256 1260 9710 1213 1238 9711 1212 1236 9712 1243 1261 9713 1227 1239 9714 1226 1237 9715 1257 1262 9716 1213 1238 9717 1244 1263 9718 1245 1265 9719 1228 1212 9720 1227 1239 9721 1258 1264 9722 1215 1214 9723 1214 1240 9724 1245 1265 9725 1201 1241 9726 1232 1266 9727 1233 1269 9728 1229 1213 9729 1228 1212 9730 1259 1267 9731 1216 1215 9732 1215 1214 9733 1246 1268 9734 1202 1211 9735 1233 1269 9736 1234 1242 9737 1229 1213 9738 1260 1270 9739 1261 1244 9740 1216 1215 9741 1247 1271 9742 1248 1272 9743 1237 1249 9744 1236 1247 9745 1267 1273 9746 1250 1248 9747 1281 1303 9748 1282 1275 9749 1237 1249 9750 1268 1274 9751 1269 1276 9752 1252 1252 9753 1251 1250 9754 1282 1275 9755 1239 1253 9756 1238 1251 9757 1269 1276 9758 1253 1254 9759 1252 1252 9760 1283 1277 9761 1240 1255 9762 1239 1253 9763 1270 1278 9764 1253 1254 9765 1284 1279 9766 1285 1281 9767 1241 1257 9768 1240 1255 9769 1271 1280 9770 1254 1256 9771 1285 1281 9772 1286 1283 9773 1241 1257 9774 1272 1282 9775 1273 1284 9776 1256 1260 9777 1255 1258 9778 1286 1283 9779 1242 1259 9780 1273 1284 9781 1274 1286 9782 1256 1260 9783 1287 1285 9784 1288 1287 9785 1244 1263 9786 1243 1261 9787 1274 1286 9788 1258 1264 9789 1257 1262 9790 1288 1287 9791 1244 1263 9792 1275 1288 9793 1276 1290 9794 1258 1264 9795 1289 1289 9796 1290 1292 9797 1246 1268 9798 1245 1265 9799 1276 1290 9800 1232 1266 9801 1263 1291 9802 1264 1294 9803 1260 1270 9804 1259 1267 9805 1290 1292 9806 1247 1271 9807 1246 1268 9808 1277 1293 9809 1233 1269 9810 1264 1294 9811 1265 1297 9812 1260 1270 9813 1291 1295 9814 1292 1298 9815 1247 1271 9816 1278 1296 9817 1279 1299 9818 1234 1242 9819 1265 1297 9820 1266 1300 9821 1261 1244 9822 1292 1298 9823 1293 1301 9824 1248 1272 9825 1279 1299 9826 1280 1302 9827 1235 1243 9828 1266 1300 9829 1267 1273 9830 1250 1248 9831 1249 1246 9832 1280 1302 9833 1270 1278 9834 1269 1276 9835 1300 1304 9836 1284 1279 9837 1283 1277 9838 1314 1306 9839 1270 1278 9840 1301 1305 9841 1302 1308 9842 1284 1279 9843 1315 1307 9844 1316 1309 9845 1272 1282 9846 1271 1280 9847 1302 1308 9848 1285 1281 9849 1316 1309 9850 1317 1311 9851 1272 1282 9852 1303 1310 9853 1304 1312 9854 1286 1283 9855 1317 1311 9856 1318 1313 9857 1274 1286 9858 1273 1284 9859 1304 1312 9860 1288 1287 9861 1287 1285 9862 1318 1313 9863 1275 1288 9864 1274 1286 9865 1305 1314 9866 1289 1289 9867 1288 1287 9868 1319 1315 9869 1275 1288 9870 1306 1316 9871 1307 1318 9872 1290 1292 9873 1289 1289 9874 1320 1317 9875 1277 1293 9876 1276 1290 9877 1307 1318 9878 1263 1291 9879 1294 1319 9880 1295 1322 9881 1291 1295 9882 1290 1292 9883 1321 1320 9884 1278 1296 9885 1277 1293 9886 1308 1321 9887 1264 1294 9888 1295 1322 9889 1296 1325 9890 1291 1295 9891 1322 1323 9892 1323 1326 9893 1278 1296 9894 1309 1324 9895 1310 1327 9896 1265 1297 9897 1296 1325 9898 1297 1328 9899 1292 1298 9900 1323 1326 9901 1324 1329 9902 1279 1299 9903 1310 1327 9904 1311 1330 9905 1267 1273 9906 1266 1300 9907 1297 1328 9908 1281 1303 9909 1280 1302 9910 1311 1330 9911 1267 1273 9912 1298 1331 9913 1299 1333 9914 1281 1303 9915 1312 1332 9916 1313 1334 9917 1268 1274 9918 1299 1333 9919 1300 1304 9920 1283 1277 9921 1282 1275 9922 1313 1334 9923 1303 1310 9924 1302 1308 9925 1333 1335 9926 1316 1309 9927 1347 1365 9928 1348 1337 9929 1303 1310 9930 1334 1336 9931 1335 1338 9932 1318 1313 9933 1317 1311 9934 1348 1337 9935 1304 1312 9936 1335 1338 9937 1336 1340 9938 1318 1313 9939 1349 1339 9940 1350 1341 9941 1306 1316 9942 1305 1314 9943 1336 1340 9944 1320 1317 9945 1319 1315 9946 1350 1341 9947 1306 1316 9948 1337 1342 9949 1338 1344 9950 1320 1317 9951 1351 1343 9952 1352 1346 9953 1308 1321 9954 1307 1318 9955 1338 1344 9956 1294 1319 9957 1325 1345 9958 1326 1348 9959 1322 1323 9960 1321 1320 9961 1352 1346 9962 1309 1324 9963 1308 1321 9964 1339 1347 9965 1295 1322 9966 1326 1348 9967 1327 1351 9968 1322 1323 9969 1353 1349 9970 1354 1352 9971 1309 1324 9972 1340 1350 9973 1341 1353 9974 1296 1325 9975 1327 1351 9976 1328 1354 9977 1323 1326 9978 1354 1352 9979 1355 1355 9980 1310 1327 9981 1341 1353 9982 1342 1356 9983 1297 1328 9984 1328 1354 9985 1329 1357 9986 1312 1332 9987 1311 1330 9988 1342 1356 9989 1299 1333 9990 1298 1331 9991 1329 1357 9992 1312 1332 9993 1343 1358 9994 1344 1360 9995 1300 1304 9996 1299 1333 9997 1330 1359 9998 1314 1306 9999 1313 1334 10000 1344 1360 10001 1301 1305 10002 1300 1304 10003 1331 1361 10004 1314 1306 10005 1345 1362 10006 1346 1364 10007 1301 1305 10008 1332 1363 10009 1333 1335 10010 1316 1309 10011 1315 1307 10012 1346 1364 10013 1335 1338 10014 1367 1395 10015 1368 1366 10016 1349 1339 10017 1381 1396 10018 1382 1367 10019 1337 1342 10020 1336 1340 10021 1368 1366 10022 1350 1341 10023 1382 1367 10024 1383 1369 10025 1337 1342 10026 1369 1368 10027 1370 1370 10028 1351 1343 10029 1383 1369 10030 1384 1372 10031 1339 1347 10032 1338 1344 10033 1370 1370 10034 1326 1348 10035 1325 1345 10036 1357 1371 10037 1353 1349 10038 1352 1346 10039 1384 1372 10040 1339 1347 10041 1371 1373 10042 1372 1376 10043 1327 1351 10044 1326 1348 10045 1358 1374 10046 1353 1349 10047 1385 1375 10048 1386 1378 10049 1341 1353 10050 1340 1350 10051 1372 1376 10052 1327 1351 10053 1359 1377 10054 1360 1380 10055 1354 1352 10056 1386 1378 10057 1387 1381 10058 1341 1353 10059 1373 1379 10060 1374 1382 10061 1328 1354 10062 1360 1380 10063 1361 1383 10064 1343 1358 10065 1342 1356 10066 1374 1382 10067 1330 1359 10068 1329 1357 10069 1361 1383 10070 1343 1358 10071 1375 1384 10072 1376 1386 10073 1331 1361 10074 1330 1359 10075 1362 1385 10076 1345 1362 10077 1344 1360 10078 1376 1386 10079 1332 1363 10080 1331 1361 10081 1363 1387 10082 1345 1362 10083 1377 1388 10084 1378 1390 10085 1333 1335 10086 1332 1363 10087 1364 1389 10088 1346 1364 10089 1378 1390 10090 1379 1392 10091 1334 1336 10092 1333 1335 10093 1365 1391 10094 1347 1365 10095 1379 1392 10096 1380 1394 10097 1334 1336 10098 1366 1393 10099 1367 1395 10100 1349 1339 10101 1348 1337 10102 1380 1394 10103 1369 1368 10104 1400 1426 10105 1401 1397 10106 1383 1369 10107 1414 1427 10108 1415 1399 10109 1371 1373 10110 1370 1370 10111 1401 1397 10112 1357 1371 10113 1388 1398 10114 1389 1401 10115 1385 1375 10116 1384 1372 10117 1415 1399 10118 1371 1373 10119 1402 1400 10120 1403 1403 10121 1358 1374 10122 1389 1401 10123 1390 1404 10124 1386 1378 10125 1385 1375 10126 1416 1402 10127 1373 1379 10128 1372 1376 10129 1403 1403 10130 1360 1380 10131 1359 1377 10132 1390 1404 10133 1387 1381 10134 1386 1378 10135 1417 1405 10136 1373 1379 10137 1404 1406 10138 1405 1409 10139 1361 1383 10140 1360 1380 10141 1391 1407 10142 1375 1384 10143 1374 1382 10144 1405 1409 10145 1361 1383 10146 1392 1410 10147 1393 1412 10148 1375 1384 10149 1406 1411 10150 1407 1413 10151 1363 1387 10152 1362 1385 10153 1393 1412 10154 1377 1388 10155 1376 1386 10156 1407 1413 10157 1364 1389 10158 1363 1387 10159 1394 1414 10160 1378 1390 10161 1377 1388 10162 1408 1415 10163 1364 1389 10164 1395 1416 10165 1396 1418 10166 1379 1392 10167 1378 1390 10168 1409 1417 10169 1366 1393 10170 1365 1391 10171 1396 1418 10172 1379 1392 10173 1410 1419 10174 1411 1421 10175 1366 1393 10176 1397 1420 10177 1398 1422 10178 1381 1396 10179 1380 1394 10180 1411 1421 10181 1368 1366 10182 1367 1395 10183 1398 1422 10184 1381 1396 10185 1412 1423 10186 1413 1425 10187 1369 1368 10188 1368 1366 10189 1399 1424 10190 1383 1369 10191 1382 1367 10192 1413 1425 10193 1402 1400 10194 1433 1456 10195 1434 1428 10196 1389 1401 10197 1420 1457 10198 1421 1429 10199 1416 1402 10200 1447 1458 10201 1448 1430 10202 1404 1406 10203 1403 1403 10204 1434 1428 10205 1390 1404 10206 1421 1429 10207 1422 1432 10208 1417 1405 10209 1448 1430 10210 1449 1433 10211 1404 1406 10212 1435 1431 10213 1436 1434 10214 1392 1410 10215 1391 1407 10216 1422 1432 10217 1406 1411 10218 1405 1409 10219 1436 1434 10220 1393 1412 10221 1392 1410 10222 1423 1435 10223 1406 1411 10224 1437 1436 10225 1438 1438 10226 1394 1414 10227 1393 1412 10228 1424 1437 10229 1408 1415 10230 1407 1413 10231 1438 1438 10232 1395 1416 10233 1394 1414 10234 1425 1439 10235 1409 1417 10236 1408 1415 10237 1439 1440 10238 1396 1418 10239 1395 1416 10240 1426 1441 10241 1410 1419 10242 1409 1417 10243 1440 1442 10244 1396 1418 10245 1427 1443 10246 1428 1445 10247 1410 1419 10248 1441 1444 10249 1442 1446 10250 1397 1420 10251 1428 1445 10252 1429 1447 10253 1411 1421 10254 1442 1446 10255 1443 1448 10256 1398 1422 10257 1429 1447 10258 1430 1449 10259 1412 1423 10260 1443 1448 10261 1444 1450 10262 1400 1426 10263 1399 1424 10264 1430 1449 10265 1414 1427 10266 1413 1425 10267 1444 1450 10268 1400 1426 10269 1431 1451 10270 1432 1453 10271 1414 1427 10272 1445 1452 10273 1446 1455 10274 1402 1400 10275 1401 1397 10276 1432 1453 10277 1389 1401 10278 1388 1398 10279 1419 1454 10280 1416 1402 10281 1415 1399 10282 1446 1455 10283 1435 1431 10284 1467 1488 10285 1468 1459 10286 1422 1432 10287 1454 1489 10288 1455 1460 10289 1437 1436 10290 1436 1434 10291 1468 1459 10292 1424 1437 10293 1423 1435 10294 1455 1460 10295 1437 1436 10296 1469 1462 10297 1470 1464 10298 1425 1439 10299 1424 1437 10300 1456 1463 10301 1439 1440 10302 1438 1438 10303 1470 1464 10304 1426 1441 10305 1425 1439 10306 1457 1465 10307 1440 1442 10308 1439 1440 10309 1471 1466 10310 1426 1441 10311 1458 1467 10312 1459 1469 10313 1441 1444 10314 1440 1442 10315 1472 1468 10316 1428 1445 10317 1427 1443 10318 1459 1469 10319 1441 1444 10320 1473 1470 10321 1474 1472 10322 1428 1445 10323 1460 1471 10324 1461 1473 10325 1443 1448 10326 1442 1446 10327 1474 1472 10328 1429 1447 10329 1461 1473 10330 1462 1475 10331 1443 1448 10332 1475 1474 10333 1476 1476 10334 1431 1451 10335 1430 1449 10336 1462 1475 10337 1445 1452 10338 1444 1450 10339 1476 1476 10340 1431 1451 10341 1463 1477 10342 1464 1479 10343 1446 1455 10344 1445 1452 10345 1477 1478 10346 1433 1456 10347 1432 1453 10348 1464 1479 10349 1419 1454 10350 1451 1480 10351 1452 1483 10352 1447 1458 10353 1446 1455 10354 1478 1481 10355 1433 1456 10356 1465 1482 10357 1466 1485 10358 1420 1457 10359 1452 1483 10360 1453 1486 10361 1448 1430 10362 1447 1458 10363 1479 1484 10364 1435 1431 10365 1434 1428 10366 1466 1485 10367 1421 1429 10368 1453 1486 10369 1454 1489 10370 1448 1430 10371 1480 1487 10372 1481 1461 10373 1469 1462 10374 1500 1520 10375 1501 1490 10376 1457 1465 10377 1456 1463 10378 1487 1491 10379 1471 1466 10380 1470 1464 10381 1501 1490 10382 1458 1467 10383 1457 1465 10384 1488 1492 10385 1472 1468 10386 1471 1466 10387 1502 1493 10388 1458 1467 10389 1489 1494 10390 1490 1496 10391 1472 1468 10392 1503 1495 10393 1504 1497 10394 1460 1471 10395 1459 1469 10396 1490 1496 10397 1473 1470 10398 1504 1497 10399 1505 1499 10400 1460 1471 10401 1491 1498 10402 1492 1500 10403 1475 1474 10404 1474 1472 10405 1505 1499 10406 1461 1473 10407 1492 1500 10408 1493 1502 10409 1476 1476 10410 1475 1474 10411 1506 1501 10412 1463 1477 10413 1462 1475 10414 1493 1502 10415 1477 1478 10416 1476 1476 10417 1507 1503 10418 1463 1477 10419 1494 1504 10420 1495 1506 10421 1478 1481 10422 1477 1478 10423 1508 1505 10424 1465 1482 10425 1464 1479 10426 1495 1506 10427 1452 1483 10428 1451 1480 10429 1482 1507 10430 1479 1484 10431 1478 1481 10432 1509 1508 10433 1465 1482 10434 1496 1509 10435 1497 1512 10436 1453 1486 10437 1452 1483 10438 1483 1510 10439 1479 1484 10440 1510 1511 10441 1511 1514 10442 1467 1488 10443 1466 1485 10444 1497 1512 10445 1454 1489 10446 1453 1486 10447 1484 1513 10448 1480 1487 10449 1511 1514 10450 1512 1517 10451 1467 1488 10452 1498 1515 10453 1499 1518 10454 1455 1460 10455 1454 1489 10456 1485 1516 10457 1469 1462 10458 1468 1459 10459 1499 1518 10460 1456 1463 10461 1455 1460 10462 1486 1519 10463 1503 1495 10464 1502 1493 10465 1533 1521 10466 1489 1494 10467 1520 1551 10468 1521 1523 10469 1503 1495 10470 1534 1522 10471 1535 1524 10472 1490 1496 10473 1521 1523 10474 1522 1525 10475 1504 1497 10476 1535 1524 10477 1536 1526 10478 1491 1498 10479 1522 1525 10480 1523 1527 10481 1506 1501 10482 1505 1499 10483 1536 1526 10484 1492 1500 10485 1523 1527 10486 1524 1529 10487 1506 1501 10488 1537 1528 10489 1538 1530 10490 1494 1504 10491 1493 1502 10492 1524 1529 10493 1507 1503 10494 1538 1530 10495 1539 1532 10496 1494 1504 10497 1525 1531 10498 1526 1533 10499 1508 1505 10500 1539 1532 10501 1540 1535 10502 1496 1509 10503 1495 1506 10504 1526 1533 10505 1482 1507 10506 1513 1534 10507 1514 1537 10508 1510 1511 10509 1509 1508 10510 1540 1535 10511 1496 1509 10512 1527 1536 10513 1528 1539 10514 1483 1510 10515 1514 1537 10516 1515 1540 10517 1510 1511 10518 1541 1538 10519 1542 1541 10520 1498 1515 10521 1497 1512 10522 1528 1539 10523 1484 1513 10524 1515 1540 10525 1516 1543 10526 1511 1514 10527 1542 1541 10528 1543 1544 10529 1498 1515 10530 1529 1542 10531 1530 1545 10532 1485 1516 10533 1516 1543 10534 1517 1546 10535 1500 1520 10536 1499 1518 10537 1530 1545 10538 1486 1519 10539 1517 1546 10540 1518 1548 10541 1500 1520 10542 1531 1547 10543 1532 1549 10544 1488 1492 10545 1487 1491 10546 1518 1548 10547 1502 1493 10548 1501 1490 10549 1532 1549 10550 1489 1494 10551 1488 1492 10552 1519 1550 10553 1535 1524 10554 1566 1581 10555 1567 1552 10556 1522 1525 10557 1553 1582 10558 1554 1553 10559 1536 1526 10560 1567 1552 10561 1568 1554 10562 1523 1527 10563 1554 1553 10564 1555 1555 10565 1537 1528 10566 1568 1554 10567 1569 1556 10568 1525 1531 10569 1524 1529 10570 1555 1555 10571 1538 1530 10572 1569 1556 10573 1570 1558 10574 1525 1531 10575 1556 1557 10576 1557 1559 10577 1539 1532 10578 1570 1558 10579 1571 1561 10580 1527 1536 10581 1526 1533 10582 1557 1559 10583 1513 1534 10584 1544 1560 10585 1545 1563 10586 1541 1538 10587 1540 1535 10588 1571 1561 10589 1527 1536 10590 1558 1562 10591 1559 1565 10592 1514 1537 10593 1545 1563 10594 1546 1566 10595 1541 1538 10596 1572 1564 10597 1573 1567 10598 1529 1542 10599 1528 1539 10600 1559 1565 10601 1515 1540 10602 1546 1566 10603 1547 1569 10604 1542 1541 10605 1573 1567 10606 1574 1570 10607 1529 1542 10608 1560 1568 10609 1561 1571 10610 1517 1546 10611 1516 1543 10612 1547 1569 10613 1531 1547 10614 1530 1545 10615 1561 1571 10616 1518 1548 10617 1517 1546 10618 1548 1572 10619 1531 1547 10620 1562 1573 10621 1563 1575 10622 1519 1550 10623 1518 1548 10624 1549 1574 10625 1533 1521 10626 1532 1549 10627 1563 1575 10628 1520 1551 10629 1519 1550 10630 1550 1576 10631 1534 1522 10632 1533 1521 10633 1564 1577 10634 1521 1523 10635 1520 1551 10636 1551 1578 10637 1534 1522 10638 1565 1579 10639 1566 1581 10640 1522 1525 10641 1521 1523 10642 1552 1580 10643 1568 1554 10644 1599 1613 10645 1600 1583 10646 1556 1557 10647 1555 1555 10648 1586 1584 10649 1569 1556 10650 1600 1583 10651 1601 1586 10652 1556 1557 10653 1587 1585 10654 1588 1587 10655 1570 1558 10656 1601 1586 10657 1602 1589 10658 1558 1562 10659 1557 1559 10660 1588 1587 10661 1544 1560 10662 1575 1588 10663 1576 1591 10664 1572 1564 10665 1571 1561 10666 1602 1589 10667 1558 1562 10668 1589 1590 10669 1590 1593 10670 1545 1563 10671 1576 1591 10672 1577 1594 10673 1572 1564 10674 1603 1592 10675 1604 1595 10676 1560 1568 10677 1559 1565 10678 1590 1593 10679 1546 1566 10680 1577 1594 10681 1578 1597 10682 1573 1567 10683 1604 1595 10684 1605 1598 10685 1560 1568 10686 1591 1596 10687 1592 1599 10688 1547 1569 10689 1578 1597 10690 1579 1600 10691 1562 1573 10692 1561 1571 10693 1592 1599 10694 1549 1574 10695 1548 1572 10696 1579 1600 10697 1562 1573 10698 1593 1601 10699 1594 1603 10700 1550 1576 10701 1549 1574 10702 1580 1602 10703 1564 1577 10704 1563 1575 10705 1594 1603 10706 1551 1578 10707 1550 1576 10708 1581 1604 10709 1565 1579 10710 1564 1577 10711 1595 1605 10712 1552 1580 10713 1551 1578 10714 1582 1606 10715 1565 1579 10716 1596 1607 10717 1597 1609 10718 1553 1582 10719 1552 1580 10720 1583 1608 10721 1566 1581 10722 1597 1609 10723 1598 1611 10724 1553 1582 10725 1584 1610 10726 1585 1612 10727 1568 1554 10728 1567 1552 10729 1598 1611 10730 1554 1553 10731 1585 1612 10732 1586 1584 10733 1601 1586 10734 1600 1583 10735 1631 1614 10736 1587 1585 10737 1618 1644 10738 1619 1616 10739 1602 1589 10740 1601 1586 10741 1632 1615 10742 1589 1590 10743 1588 1587 10744 1619 1616 10745 1575 1588 10746 1606 1617 10747 1607 1620 10748 1603 1592 10749 1602 1589 10750 1633 1618 10751 1589 1590 10752 1620 1619 10753 1621 1622 10754 1576 1591 10755 1607 1620 10756 1608 1623 10757 1604 1595 10758 1603 1592 10759 1634 1621 10760 1591 1596 10761 1590 1593 10762 1621 1622 10763 1577 1594 10764 1608 1623 10765 1609 1626 10766 1605 1598 10767 1604 1595 10768 1635 1624 10769 1591 1596 10770 1622 1625 10771 1623 1628 10772 1578 1597 10773 1609 1626 10774 1610 1629 10775 1593 1601 10776 1592 1599 10777 1623 1628 10778 1579 1600 10779 1610 1629 10780 1611 1631 10781 1593 1601 10782 1624 1630 10783 1625 1632 10784 1581 1604 10785 1580 1602 10786 1611 1631 10787 1595 1605 10788 1594 1603 10789 1625 1632 10790 1582 1606 10791 1581 1604 10792 1612 1633 10793 1596 1607 10794 1595 1605 10795 1626 1634 10796 1582 1606 10797 1613 1635 10798 1614 1637 10799 1596 1607 10800 1627 1636 10801 1628 1638 10802 1584 1610 10803 1583 1608 10804 1614 1637 10805 1597 1609 10806 1628 1638 10807 1629 1640 10808 1584 1610 10809 1615 1639 10810 1616 1641 10811 1599 1613 10812 1598 1611 10813 1629 1640 10814 1585 1612 10815 1616 1641 10816 1617 1643 10817 1599 1613 10818 1630 1642 10819 1631 1614 10820 1587 1585 10821 1586 1584 10822 1617 1643 10823 1606 1617 10824 1637 1674 10825 1638 1645 10826 1634 1621 10827 1633 1618 10828 1664 1646 10829 1620 1619 10830 1651 1675 10831 1652 1648 10832 1608 1623 10833 1607 1620 10834 1638 1645 10835 1634 1621 10836 1665 1647 10837 1666 1650 10838 1622 1625 10839 1621 1622 10840 1652 1648 10841 1608 1623 10842 1639 1649 10843 1640 1652 10844 1635 1624 10845 1666 1650 10846 1667 1653 10847 1622 1625 10848 1653 1651 10849 1654 1654 10850 1609 1626 10851 1640 1652 10852 1641 1655 10853 1624 1630 10854 1623 1628 10855 1654 1654 10856 1611 1631 10857 1610 1629 10858 1641 1655 10859 1624 1630 10860 1655 1656 10861 1656 1658 10862 1612 1633 10863 1611 1631 10864 1642 1657 10865 1626 1634 10866 1625 1632 10867 1656 1658 10868 1613 1635 10869 1612 1633 10870 1643 1659 10871 1627 1636 10872 1626 1634 10873 1657 1660 10874 1613 1635 10875 1644 1661 10876 1645 1663 10877 1628 1638 10878 1627 1636 10879 1658 1662 10880 1615 1639 10881 1614 1637 10882 1645 1663 10883 1628 1638 10884 1659 1664 10885 1660 1666 10886 1615 1639 10887 1646 1665 10888 1647 1667 10889 1629 1640 10890 1660 1666 10891 1661 1668 10892 1616 1641 10893 1647 1667 10894 1648 1669 10895 1630 1642 10896 1661 1668 10897 1662 1670 10898 1618 1644 10899 1617 1643 10900 1648 1669 10901 1632 1615 10902 1631 1614 10903 1662 1670 10904 1618 1644 10905 1649 1671 10906 1650 1673 10907 1632 1615 10908 1663 1672 10909 1664 1646 10910 1620 1619 10911 1619 1616 10912 1650 1673 10913 1639 1649 10914 1670 1705 10915 1671 1676 10916 1667 1653 10917 1666 1650 10918 1697 1677 10919 1653 1651 10920 1684 1706 10921 1685 1679 10922 1641 1655 10923 1640 1652 10924 1671 1676 10925 1655 1656 10926 1654 1654 10927 1685 1679 10928 1641 1655 10929 1672 1680 10930 1673 1682 10931 1655 1656 10932 1686 1681 10933 1687 1683 10934 1643 1659 10935 1642 1657 10936 1673 1682 10937 1657 1660 10938 1656 1658 10939 1687 1683 10940 1643 1659 10941 1674 1684 10942 1675 1686 10943 1658 1662 10944 1657 1660 10945 1688 1685 10946 1644 1661 10947 1675 1686 10948 1676 1688 10949 1658 1662 10950 1689 1687 10951 1690 1689 10952 1646 1665 10953 1645 1663 10954 1676 1688 10955 1659 1664 10956 1690 1689 10957 1691 1691 10958 1646 1665 10959 1677 1690 10960 1678 1692 10961 1661 1668 10962 1660 1666 10963 1691 1691 10964 1647 1667 10965 1678 1692 10966 1679 1694 10967 1661 1668 10968 1692 1693 10969 1693 1695 10970 1649 1671 10971 1648 1669 10972 1679 1694 10973 1663 1672 10974 1662 1670 10975 1693 1695 10976 1649 1671 10977 1680 1696 10978 1681 1698 10979 1663 1672 10980 1694 1697 10981 1695 1700 10982 1651 1675 10983 1650 1673 10984 1681 1698 10985 1638 1645 10986 1637 1674 10987 1668 1699 10988 1665 1647 10989 1664 1646 10990 1695 1700 10991 1651 1675 10992 1682 1701 10993 1683 1704 10994 1639 1649 10995 1638 1645 10996 1669 1702 10997 1665 1647 10998 1696 1703 10999 1697 1677 11000 1653 1651 11001 1652 1648 11002 1683 1704 11003 1672 1680 11004 1703 1736 11005 1704 1707 11006 1686 1681 11007 1717 1737 11008 1718 1708 11009 1674 1684 11010 1673 1682 11011 1704 1707 11012 1688 1685 11013 1687 1683 11014 1718 1708 11015 1675 1686 11016 1674 1684 11017 1705 1709 11018 1689 1687 11019 1688 1685 11020 1719 1710 11021 1675 1686 11022 1706 1711 11023 1707 1713 11024 1690 1689 11025 1689 1687 11026 1720 1712 11027 1677 1690 11028 1676 1688 11029 1707 1713 11030 1690 1689 11031 1721 1714 11032 1722 1716 11033 1677 1690 11034 1708 1715 11035 1709 1717 11036 1692 1693 11037 1691 1691 11038 1722 1716 11039 1679 1694 11040 1678 1692 11041 1709 1717 11042 1692 1693 11043 1723 1718 11044 1724 1720 11045 1680 1696 11046 1679 1694 11047 1710 1719 11048 1694 1697 11049 1693 1695 11050 1724 1720 11051 1680 1696 11052 1711 1721 11053 1712 1723 11054 1694 1697 11055 1725 1722 11056 1726 1725 11057 1682 1701 11058 1681 1698 11059 1712 1723 11060 1668 1699 11061 1699 1724 11062 1700 1727 11063 1695 1700 11064 1726 1725 11065 1727 1728 11066 1682 1701 11067 1713 1726 11068 1714 1729 11069 1669 1702 11070 1700 1727 11071 1701 1730 11072 1696 1703 11073 1727 1728 11074 1728 1731 11075 1684 1706 11076 1683 1704 11077 1714 1729 11078 1670 1705 11079 1701 1730 11080 1702 1733 11081 1698 1678 11082 1697 1677 11083 1728 1731 11084 1684 1706 11085 1715 1732 11086 1716 1735 11087 1672 1680 11088 1671 1676 11089 1702 1733 11090 1686 1681 11091 1685 1679 11092 1716 1735 11093 1706 1711 11094 1705 1709 11095 1736 1738 11096 1719 1710 11097 1750 1768 11098 1751 1740 11099 1706 1711 11100 1737 1739 11101 1738 1741 11102 1721 1714 11103 1720 1712 11104 1751 1740 11105 1707 1713 11106 1738 1741 11107 1739 1743 11108 1721 1714 11109 1752 1742 11110 1753 1744 11111 1708 1715 11112 1739 1743 11113 1740 1745 11114 1722 1716 11115 1753 1744 11116 1754 1746 11117 1709 1717 11118 1740 1745 11119 1741 1747 11120 1724 1720 11121 1723 1718 11122 1754 1746 11123 1711 1721 11124 1710 1719 11125 1741 1747 11126 1725 1722 11127 1724 1720 11128 1755 1748 11129 1711 1721 11130 1742 1749 11131 1743 1751 11132 1725 1722 11133 1756 1750 11134 1757 1753 11135 1713 1726 11136 1712 1723 11137 1743 1751 11138 1699 1724 11139 1730 1752 11140 1731 1755 11141 1727 1728 11142 1726 1725 11143 1757 1753 11144 1713 1726 11145 1744 1754 11146 1745 1757 11147 1700 1727 11148 1731 1755 11149 1732 1758 11150 1727 1728 11151 1758 1756 11152 1759 1759 11153 1715 1732 11154 1714 1729 11155 1745 1757 11156 1701 1730 11157 1732 1758 11158 1733 1761 11159 1729 1734 11160 1728 1731 11161 1759 1759 11162 1715 1732 11163 1746 1760 11164 1747 1763 11165 1703 1736 11166 1702 1733 11167 1733 1761 11168 1717 1737 11169 1716 1735 11170 1747 1763 11171 1704 1707 11172 1703 1736 11173 1734 1764 11174 1717 1737 11175 1748 1765 11176 1749 1767 11177 1704 1707 11178 1735 1766 11179 1736 1738 11180 1719 1710 11181 1718 1708 11182 1749 1767 11183 1739 1743 11184 1738 1741 11185 1769 1769 11186 1752 1742 11187 1783 1799 11188 1784 1771 11189 1739 1743 11190 1770 1770 11191 1771 1772 11192 1754 1746 11193 1753 1744 11194 1784 1771 11195 1741 1747 11196 1740 1745 11197 1771 1772 11198 1754 1746 11199 1785 1773 11200 1786 1775 11201 1742 1749 11202 1741 1747 11203 1772 1774 11204 1756 1750 11205 1755 1748 11206 1786 1775 11207 1742 1749 11208 1773 1776 11209 1774 1778 11210 1756 1750 11211 1787 1777 11212 1788 1780 11213 1744 1754 11214 1743 1751 11215 1774 1778 11216 1730 1752 11217 1761 1779 11218 1762 1782 11219 1757 1753 11220 1788 1780 11221 1789 1783 11222 1744 1754 11223 1775 1781 11224 1776 1784 11225 1732 1758 11226 1731 1755 11227 1762 1782 11228 1758 1756 11229 1789 1783 11230 1790 1786 11231 1746 1760 11232 1745 1757 11233 1776 1784 11234 1733 1761 11235 1732 1758 11236 1763 1785 11237 1759 1759 11238 1790 1786 11239 1791 1789 11240 1746 1760 11241 1777 1787 11242 1778 1790 11243 1733 1761 11244 1764 1788 11245 1765 1791 11246 1748 1765 11247 1747 1763 11248 1778 1790 11249 1734 1764 11250 1765 1791 11251 1766 1793 11252 1748 1765 11253 1779 1792 11254 1780 1794 11255 1736 1738 11256 1735 1766 11257 1766 1793 11258 1750 1768 11259 1749 1767 11260 1780 1794 11261 1737 1739 11262 1736 1738 11263 1767 1795 11264 1751 1740 11265 1750 1768 11266 1781 1796 11267 1738 1741 11268 1737 1739 11269 1768 1797 11270 1752 1742 11271 1751 1740 11272 1782 1798 11273 1772 1774 11274 1771 1772 11275 1802 1800 11276 1786 1775 11277 1785 1773 11278 1816 1802 11279 1773 1776 11280 1772 1774 11281 1803 1801 11282 1787 1777 11283 1786 1775 11284 1817 1803 11285 1773 1776 11286 1804 1804 11287 1805 1806 11288 1788 1780 11289 1787 1777 11290 1818 1805 11291 1775 1781 11292 1774 1778 11293 1805 1806 11294 1762 1782 11295 1761 1779 11296 1792 1807 11297 1788 1780 11298 1819 1808 11299 1820 1811 11300 1775 1781 11301 1806 1809 11302 1807 1812 11303 1763 1785 11304 1762 1782 11305 1793 1810 11306 1789 1783 11307 1820 1811 11308 1821 1814 11309 1777 1787 11310 1776 1784 11311 1807 1812 11312 1764 1788 11313 1763 1785 11314 1794 1813 11315 1791 1789 11316 1790 1786 11317 1821 1814 11318 1777 1787 11319 1808 1815 11320 1809 1818 11321 1765 1791 11322 1764 1788 11323 1795 1816 11324 1779 1792 11325 1778 1790 11326 1809 1818 11327 1765 1791 11328 1796 1819 11329 1797 1821 11330 1779 1792 11331 1810 1820 11332 1811 1822 11333 1766 1793 11334 1797 1821 11335 1798 1823 11336 1781 1796 11337 1780 1794 11338 1811 1822 11339 1767 1795 11340 1798 1823 11341 1799 1825 11342 1782 1798 11343 1781 1796 11344 1812 1824 11345 1768 1797 11346 1799 1825 11347 1800 1827 11348 1783 1799 11349 1782 1798 11350 1813 1826 11351 1769 1769 11352 1800 1827 11353 1801 1829 11354 1783 1799 11355 1814 1828 11356 1815 1830 11357 1770 1770 11358 1801 1829 11359 1802 1800 11360 1785 1773 11361 1784 1771 11362 1815 1830 11363 1804 1804 11364 1835 1860 11365 1836 1831 11366 1818 1805 11367 1849 1861 11368 1850 1833 11369 1806 1809 11370 1805 1806 11371 1836 1831 11372 1792 1807 11373 1823 1832 11374 1824 1835 11375 1820 1811 11376 1819 1808 11377 1850 1833 11378 1806 1809 11379 1837 1834 11380 1838 1837 11381 1793 1810 11382 1824 1835 11383 1825 1838 11384 1820 1811 11385 1851 1836 11386 1852 1839 11387 1808 1815 11388 1807 1812 11389 1838 1837 11390 1794 1813 11391 1825 1838 11392 1826 1841 11393 1821 1814 11394 1852 1839 11395 1853 1842 11396 1808 1815 11397 1839 1840 11398 1840 1843 11399 1796 1819 11400 1795 1816 11401 1826 1841 11402 1810 1820 11403 1809 1818 11404 1840 1843 11405 1797 1821 11406 1796 1819 11407 1827 1844 11408 1810 1820 11409 1841 1845 11410 1842 1847 11411 1798 1823 11412 1797 1821 11413 1828 1846 11414 1812 1824 11415 1811 1822 11416 1842 1847 11417 1798 1823 11418 1829 1848 11419 1830 1850 11420 1813 1826 11421 1812 1824 11422 1843 1849 11423 1799 1825 11424 1830 1850 11425 1831 1852 11426 1814 1828 11427 1813 1826 11428 1844 1851 11429 1800 1827 11430 1831 1852 11431 1832 1854 11432 1814 1828 11433 1845 1853 11434 1846 1855 11435 1801 1829 11436 1832 1854 11437 1833 1856 11438 1815 1830 11439 1846 1855 11440 1847 1857 11441 1803 1801 11442 1802 1800 11443 1833 1856 11444 1816 1802 11445 1847 1857 11446 1848 1859 11447 1804 1804 11448 1803 1801 11449 1834 1858 11450 1818 1805 11451 1817 1803 11452 1848 1859 11453 1837 1834 11454 1868 1891 11455 1869 1862 11456 1825 1838 11457 1824 1835 11458 1855 1863 11459 1851 1836 11460 1882 1892 11461 1883 1865 11462 1839 1840 11463 1838 1837 11464 1869 1862 11465 1826 1841 11466 1825 1838 11467 1856 1864 11468 1853 1842 11469 1852 1839 11470 1883 1865 11471 1839 1840 11472 1870 1866 11473 1871 1869 11474 1826 1841 11475 1857 1867 11476 1858 1870 11477 1841 1845 11478 1840 1843 11479 1871 1869 11480 1827 1844 11481 1858 1870 11482 1859 1872 11483 1841 1845 11484 1872 1871 11485 1873 1873 11486 1828 1846 11487 1859 1872 11488 1860 1874 11489 1843 1849 11490 1842 1847 11491 1873 1873 11492 1829 1848 11493 1860 1874 11494 1861 1876 11495 1843 1849 11496 1874 1875 11497 1875 1877 11498 1830 1850 11499 1861 1876 11500 1862 1878 11501 1845 1853 11502 1844 1851 11503 1875 1877 11504 1831 1852 11505 1862 1878 11506 1863 1880 11507 1845 1853 11508 1876 1879 11509 1877 1881 11510 1832 1854 11511 1863 1880 11512 1864 1882 11513 1847 1857 11514 1846 1855 11515 1877 1881 11516 1834 1858 11517 1833 1856 11518 1864 1882 11519 1847 1857 11520 1878 1883 11521 1879 1885 11522 1835 1860 11523 1834 1858 11524 1865 1884 11525 1849 1861 11526 1848 1859 11527 1879 1885 11528 1835 1860 11529 1866 1886 11530 1867 1888 11531 1849 1861 11532 1880 1887 11533 1881 1890 11534 1837 1834 11535 1836 1831 11536 1867 1888 11537 1823 1832 11538 1854 1889 11539 1855 1863 11540 1850 1833 11541 1881 1890 11542 1882 1892 11543 1870 1866 11544 1901 1923 11545 1902 1893 11546 1858 1870 11547 1857 1867 11548 1888 1894 11549 1872 1871 11550 1871 1869 11551 1902 1893 11552 1859 1872 11553 1858 1870 11554 1889 1895 11555 1872 1871 11556 1903 1897 11557 1904 1899 11558 1860 1874 11559 1859 1872 11560 1890 1898 11561 1874 1875 11562 1873 1873 11563 1904 1899 11564 1861 1876 11565 1860 1874 11566 1891 1900 11567 1875 1877 11568 1874 1875 11569 1905 1901 11570 1862 1878 11571 1861 1876 11572 1892 1902 11573 1876 1879 11574 1875 1877 11575 1906 1903 11576 1862 1878 11577 1893 1904 11578 1894 1906 11579 1876 1879 11580 1907 1905 11581 1908 1907 11582 1863 1880 11583 1894 1906 11584 1895 1908 11585 1878 1883 11586 1877 1881 11587 1908 1907 11588 1865 1884 11589 1864 1882 11590 1895 1908 11591 1878 1883 11592 1909 1909 11593 1910 1911 11594 1866 1886 11595 1865 1884 11596 1896 1910 11597 1880 1887 11598 1879 1885 11599 1910 1911 11600 1866 1886 11601 1897 1912 11602 1898 1914 11603 1880 1887 11604 1911 1913 11605 1912 1916 11606 1868 1891 11607 1867 1888 11608 1898 1914 11609 1855 1863 11610 1854 1889 11611 1885 1915 11612 1881 1890 11613 1912 1916 11614 1913 1919 11615 1868 1891 11616 1899 1917 11617 1900 1920 11618 1856 1864 11619 1855 1863 11620 1886 1918 11621 1882 1892 11622 1913 1919 11623 1914 1922 11624 1870 1866 11625 1869 1862 11626 1900 1920 11627 1857 1867 11628 1856 1864 11629 1887 1921 11630 1883 1865 11631 1914 1922 11632 1915 1896 11633 1903 1897 11634 1934 1954 11635 1935 1924 11636 1891 1900 11637 1890 1898 11638 1921 1925 11639 1905 1901 11640 1904 1899 11641 1935 1924 11642 1892 1902 11643 1891 1900 11644 1922 1926 11645 1906 1903 11646 1905 1901 11647 1936 1927 11648 1892 1902 11649 1923 1928 11650 1924 1930 11651 1907 1905 11652 1906 1903 11653 1937 1929 11654 1893 1904 11655 1924 1930 11656 1925 1932 11657 1907 1905 11658 1938 1931 11659 1939 1933 11660 1894 1906 11661 1925 1932 11662 1926 1934 11663 1908 1907 11664 1939 1933 11665 1940 1935 11666 1896 1910 11667 1895 1908 11668 1926 1934 11669 1909 1909 11670 1940 1935 11671 1941 1937 11672 1897 1912 11673 1896 1910 11674 1927 1936 11675 1911 1913 11676 1910 1911 11677 1941 1937 11678 1897 1912 11679 1928 1938 11680 1929 1940 11681 1911 1913 11682 1942 1939 11683 1943 1942 11684 1899 1917 11685 1898 1914 11686 1929 1940 11687 1885 1915 11688 1916 1941 11689 1917 1944 11690 1912 1916 11691 1943 1942 11692 1944 1945 11693 1899 1917 11694 1930 1943 11695 1931 1946 11696 1886 1918 11697 1917 1944 11698 1918 1947 11699 1913 1919 11700 1944 1945 11701 1945 1948 11702 1901 1923 11703 1900 1920 11704 1931 1946 11705 1887 1921 11706 1918 1947 11707 1919 1950 11708 1915 1896 11709 1914 1922 11710 1945 1948 11711 1901 1923 11712 1932 1949 11713 1933 1952 11714 1889 1895 11715 1888 1894 11716 1919 1950 11717 1903 1897 11718 1902 1893 11719 1933 1952 11720 1890 1898 11721 1889 1895 11722 1920 1953 11723 1936 1927 11724 1967 1984 11725 1968 1955 11726 1923 1928 11727 1954 1985 11728 1955 1956 11729 1938 1931 11730 1937 1929 11731 1968 1955 11732 1924 1930 11733 1955 1956 11734 1956 1958 11735 1938 1931 11736 1969 1957 11737 1970 1959 11738 1925 1932 11739 1956 1958 11740 1957 1960 11741 1940 1935 11742 1939 1933 11743 1970 1959 11744 1927 1936 11745 1926 1934 11746 1957 1960 11747 1940 1935 11748 1971 1961 11749 1972 1963 11750 1928 1938 11751 1927 1936 11752 1958 1962 11753 1941 1937 11754 1972 1963 11755 1973 1965 11756 1928 1938 11757 1959 1964 11758 1960 1966 11759 1943 1942 11760 1942 1939 11761 1973 1965 11762 1930 1943 11763 1929 1940 11764 1960 1966 11765 1916 1941 11766 1947 1967 11767 1948 1970 11768 1943 1942 11769 1974 1968 11770 1975 1971 11771 1930 1943 11772 1961 1969 11773 1962 1972 11774 1917 1944 11775 1948 1970 11776 1949 1973 11777 1944 1945 11778 1975 1971 11779 1976 1974 11780 1932 1949 11781 1931 1946 11782 1962 1972 11783 1919 1950 11784 1918 1947 11785 1949 1973 11786 1945 1948 11787 1976 1974 11788 1977 1977 11789 1932 1949 11790 1963 1975 11791 1964 1978 11792 1919 1950 11793 1950 1976 11794 1951 1979 11795 1934 1954 11796 1933 1952 11797 1964 1978 11798 1920 1953 11799 1951 1979 11800 1952 1981 11801 1934 1954 11802 1965 1980 11803 1966 1982 11804 1921 1925 11805 1952 1981 11806 1953 1983 11807 1936 1927 11808 1935 1924 11809 1966 1982 11810 1922 1926 11811 1953 1983 11812 1954 1985 11813 1969 1957 11814 18 55 11815 19 59 11816 1956 1958 11817 9 56 11818 1978 60 11819 1970 1959 11820 19 59 11821 20 62 11822 1958 1962 11823 1957 1960 11824 1978 60 11825 1971 1961 11826 20 62 11827 21 0 11828 1959 1964 11829 1958 1962 11830 10 63 11831 1973 1965 11832 1972 1963 11833 21 0 11834 1959 1964 11835 11 3 11836 1979 9 11837 1974 1968 11838 1973 1965 11839 1982 7 11840 1961 1969 11841 1960 1966 11842 1979 9 11843 1948 1970 11844 1947 1967 11845 0 10 11846 1974 1968 11847 1983 14 11848 22 20 11849 1961 1969 11850 12 15 11851 13 22 11852 1948 1970 11853 1 18 11854 2 24 11855 1975 1971 11856 22 20 11857 1984 26 11858 1963 1975 11859 1962 1972 11860 13 22 11861 1950 1976 11862 1949 1973 11863 2 24 11864 1976 1974 11865 1984 26 11866 1985 32 11867 1963 1975 11868 14 28 11869 1980 34 11870 1951 1979 11871 1950 1976 11872 3 29 11873 1965 1980 11874 1964 1978 11875 1980 34 11876 1952 1981 11877 1951 1979 11878 4 35 11879 1965 1980 11880 15 38 11881 1981 43 11882 1953 1983 11883 1952 1981 11884 5 40 11885 1967 1984 11886 1966 1982 11887 1981 43 11888 1954 1985 11889 1953 1983 11890 6 44 11891 1967 1984 11892 16 47 11893 17 51 11894 1955 1956 11895 1954 1985 11896 7 49 11897 1968 1955 11898 17 51 11899 18 55 11900 1956 1958 11901 1955 1956 11902 8 53 11903</p>
        </triangles>
      </mesh>
    </geometry>
    <geometry id="Plane_001-mesh" name="Plane.001">
      <mesh>
        <source id="Plane_001-mesh-positions">
          <float_array id="Plane_001-mesh-positions-array" count="12">-1.575 -1.575 0 1.575 -1.575 0 -1.575 1.575 0 1.575 1.575 0</float_array>
          <technique_common>
            <accessor source="#Plane_001-mesh-positions-array" count="4" stride="3">
              <param name="X" type="float"/>
              <param name="Y" type="float"/>
              <param name="Z" type="float"/>
            </accessor>
          </technique_common>
        </source>
        <source id="Plane_001-mesh-normals">
          <float_array id="Plane_001-mesh-normals-array" count="6">0 0 1 0 0 1</float_array>
          <technique_common>
            <accessor source="#Plane_001-mesh-normals-array" count="2" stride="3">
              <param name="X" type="float"/>
              <param name="Y" type="float"/>
              <param name="Z" type="float"/>
            </accessor>
          </technique_common>
        </source>
        <source id="Plane_001-mesh-map-0">
          <float_array id="Plane_001-mesh-map-0-array" count="12">1 0 0 1 0 0 1 0 1 1 0 1</float_array>
          <technique_common>
            <accessor source="#Plane_001-mesh-map-0-array" count="6" stride="2">
              <param name="S" type="float"/>
              <param name="T" type="float"/>
            </accessor>
          </technique_common>
        </source>
        <vertices id="Plane_001-mesh-vertices">
          <input semantic="POSITION" source="#Plane_001-mesh-positions"/>
        </vertices>
        <triangles material="forest_ground_04-material" count="2">
          <input semantic="VERTEX" source="#Plane_001-mesh-vertices" offset="0"/>
          <input semantic="NORMAL" source="#Plane_001-mesh-normals" offset="1"/>
          <input semantic="TEXCOORD" source="#Plane_001-mesh-map-0" offset="2" set="0"/>
          <p>1 0 0 2 0 1 0 0 2 1 1 3 3 1 4 2 1 5</p>
        </triangles>
      </mesh>
    </geometry>
    <geometry id="Plane-mesh" name="Plane">
      <mesh>
        <source id="Plane-mesh-positions">
          <float_array id="Plane-mesh-positions-array" count="12">-1 -1 0 1 -1 0 -1 1 0 1 1 0</float_array>
          <technique_common>
            <accessor source="#Plane-mesh-positions-array" count="4" stride="3">
              <param name="X" type="float"/>
              <param name="Y" type="float"/>
              <param name="Z" type="float"/>
            </accessor>
          </technique_common>
        </source>
        <source id="Plane-mesh-normals">
          <float_array id="Plane-mesh-normals-array" count="6">0 0 1 0 0 1</float_array>
          <technique_common>
            <accessor source="#Plane-mesh-normals-array" count="2" stride="3">
              <param name="X" type="float"/>
              <param name="Y" type="float"/>
              <param name="Z" type="float"/>
            </accessor>
          </technique_common>
        </source>
        <source id="Plane-mesh-map-0">
          <float_array id="Plane-mesh-map-0-array" count="12">1 0 0 1 0 0 1 0 1 1 0 1</float_array>
          <technique_common>
            <accessor source="#Plane-mesh-map-0-array" count="6" stride="2">
              <param name="S" type="float"/>
              <param name="T" type="float"/>
            </accessor>
          </technique_common>
        </source>
        <vertices id="Plane-mesh-vertices">
          <input semantic="POSITION" source="#Plane-mesh-positions"/>
        </vertices>
        <triangles count="2">
          <input semantic="VERTEX" source="#Plane-mesh-vertices" offset="0"/>
          <input semantic="NORMAL" source="#Plane-mesh-normals" offset="1"/>
          <input semantic="TEXCOORD" source="#Plane-mesh-map-0" offset="2" set="0"/>
          <p>1 0 0 2 0 1 0 0 2 1 1 3 3 1 4 2 1 5</p>
        </triangles>
      </mesh>
    </geometry>
    <geometry id="Cube-mesh" name="Cube">
      <mesh>
        <source id="Cube-mesh-positions">
          <float_array id="Cube-mesh-positions-array" count="3">0 0 0</float_array>
          <technique_common>
            <accessor source="#Cube-mesh-positions-array" count="1" stride="3">
              <param name="X" type="float"/>
              <param name="Y" type="float"/>
              <param name="Z" type="float"/>
            </accessor>
          </technique_common>
        </source>
        <source id="Cube-mesh-normals">
          <float_array id="Cube-mesh-normals-array" count="0"/>
          <technique_common>
            <accessor source="#Cube-mesh-normals-array" count="0" stride="3">
              <param name="X" type="float"/>
              <param name="Y" type="float"/>
              <param name="Z" type="float"/>
            </accessor>
          </technique_common>
        </source>
        <source id="Cube-mesh-map-0">
          <float_array id="Cube-mesh-map-0-array" count="0"/>
          <technique_common>
            <accessor source="#Cube-mesh-map-0-array" count="0" stride="2">
              <param name="S" type="float"/>
              <param name="T" type="float"/>
            </accessor>
          </technique_common>
        </source>
        <vertices id="Cube-mesh-vertices">
          <input semantic="POSITION" source="#Cube-mesh-positions"/>
        </vertices>
      </mesh>
    </geometry>
  </library_geometries>
  <library_visual_scenes>
    <visual_scene id="Scene" name="Scene">
      <node id="Sphere" name="Sphere" type="NODE">
        <matrix sid="transform">1 0 0 0 0 1 0 0 0 0 1 0 0 0 0 1</matrix>
        <instance_geometry url="#Sphere-mesh" name="Sphere">
          <bind_material>
            <technique_common>
              <instance_material symbol="bark_willow-material" target="#bark_willow-material">
                <bind_vertex_input semantic="UVMap" input_semantic="TEXCOORD" input_set="0"/>
              </instance_material>
            </technique_common>
          </bind_material>
        </instance_geometry>
      </node>
      <node id="Plane_001" name="Plane.001" type="NODE">
        <matrix sid="transform">5 0 0 0 0 5 0 0 0 0 1 0 0 0 0 1</matrix>
        <instance_geometry url="#Plane_001-mesh" name="Plane.001">
          <bind_material>
            <technique_common>
              <instance_material symbol="forest_ground_04-material" target="#forest_ground_04-material">
                <bind_vertex_input semantic="UVMap" input_semantic="TEXCOORD" input_set="0"/>
              </instance_material>
            </technique_common>
          </bind_material>
        </instance_geometry>
      </node>
      <node id="Sun" name="Sun" type="NODE">
        <matrix sid="transform">0.005656622 -0.03887798 0.0104172 6.735562 0 0.0105197 0.03925958 0.4568691 -0.04024895 -0.005463943 0.001464042 5.749053 0 0 0 1</matrix>
        <instance_light url="#Sun-light"/>
      </node>
      <node id="Plane" name="Plane" type="NODE">
        <matrix sid="transform">99.6365 0 0 0 0 99.6365 0 0 0 0 99.6365 0 0 0 0 1</matrix>
        <instance_geometry url="#Plane-mesh" name="Plane"/>
      </node>
      <node id="Tree_Generator" name="Tree Generator" type="NODE">
        <matrix sid="transform">-1 1.50996e-7 -4.37114e-8 0 -1.50996e-7 -1 3.57628e-7 0 -4.37113e-8 3.57628e-7 1 0 0 0 0 1</matrix>
        <instance_geometry url="#Cube-mesh" name="Tree Generator">
          <bind_material>
            <technique_common>
              <instance_material symbol="Leaves-material" target="#Leaves-material">
                <bind_vertex_input semantic="UVMap" input_semantic="TEXCOORD" input_set="0"/>
              </instance_material>
              <instance_material symbol="Bark-material" target="#Bark-material">
                <bind_vertex_input semantic="UVMap" input_semantic="TEXCOORD" input_set="0"/>
              </instance_material>
              <instance_material symbol="bark_willow-material" target="#bark_willow-material">
                <bind_vertex_input semantic="UVMap" input_semantic="TEXCOORD" input_set="0"/>
              </instance_material>
            </technique_common>
          </bind_material>
        </instance_geometry>
      </node>
    </visual_scene>
  </library_visual_scenes>
  <scene>
    <instance_visual_scene url="#Scene"/>
  </scene>
</COLLADA>